video,video_frame,global_frame,track_id,logical_track_id,cls_id,class_name,detected_cls_id,voted_cls_id,direction,delta,count_after,center_x,center_y,conf,stitched,stitch_gap_frames,event_reason,occupancy_token_id,recovered_from_logical_id,recovery_score,recovery_track_class_id,recovery_class_match
08-41-24.mp4,2823,2823,12,2,1,Bactrocera dorsalis,1,1,enter,1,1,1250.97,608.5,0.8901,0,0,tracked_enter,1,,,,
08-41-24.mp4,2886,2886,12,2,1,Bactrocera dorsalis,1,1,exit,-1,0,1239.2,566.3,0.8511,0,0,tracked_exit,1,2,,,
08-41-24.mp4,4461,4461,12,2,1,Bactrocera dorsalis,1,1,enter,1,1,1176.86,590.61,0.8511,0,0,tracked_enter,2,,,,
08-41-24.mp4,4806,4806,12,2,1,Bactrocera dorsalis,1,1,exit,-1,0,1167.92,558.91,0.8931,0,0,tracked_exit,2,2,,,
08-41-24.mp4,14099,14099,562,69,0,Bactrocera correcta,0,0,enter,1,1,1251.85,608.82,0.9004,0,0,tracked_enter,3,,,,
08-41-24.mp4,16724,16724,944,113,0,Bactrocera correcta,0,0,enter,1,2,1202.28,594.63,0.8643,0,0,tracked_enter,4,,,,
08-41-24.mp4,16794,16794,944,113,0,Bactrocera correcta,0,0,exit,-1,1,1083.5,591.59,0.8989,0,0,tracked_exit,4,113,,,
08-41-24.mp4,17599,17599,1325,168,0,Bactrocera correcta,0,0,exit,-1,0,1092.22,879.67,0.854,0,0,recovered_exit,3,69,0.7675918539356397,0,1
08-41-24.mp4,17982,17982,1256,162,1,Bactrocera dorsalis,1,1,enter,1,1,1060.26,764.39,0.8438,0,0,tracked_enter,5,,,,
08-41-24.mp4,18753,18753,1310,165,0,Bactrocera correcta,1,0,enter,1,1,1074.27,793.32,0.7104,1,13,tracked_enter,6,,,,
08-41-24.mp4,18844,18844,1310,165,0,Bactrocera correcta,0,0,exit,-1,0,1017.11,572.4,0.6187,1,13,tracked_exit,6,165,,,
08-41-24.mp4,18990,18990,1256,162,1,Bactrocera dorsalis,1,1,exit,-1,0,1306.23,836.14,0.8989,0,0,tracked_exit,5,162,,,
08-41-24.mp4,20350,20350,1886,242,0,Bactrocera correcta,0,0,enter,1,1,1289.9,807.65,0.8511,0,0,tracked_enter,7,,,,
08-41-24.mp4,22764,22764,2142,277,1,Bactrocera dorsalis,1,1,enter,1,1,1110.97,616.8,0.873,0,0,tracked_enter,8,,,,
08-41-24.mp4,22932,22932,2142,277,1,Bactrocera dorsalis,1,1,exit,-1,0,1331.23,803.61,0.8682,0,0,tracked_exit,8,277,,,
08-41-24.mp4,23064,23064,2065,269,1,Bactrocera dorsalis,1,1,enter,1,1,1049.92,739.01,0.8501,0,0,tracked_enter,9,,,,
08-41-24.mp4,23103,23103,2065,269,1,Bactrocera dorsalis,1,1,exit,-1,0,1019.09,748.96,0.8521,0,0,tracked_exit,9,269,,,
08-41-24.mp4,24837,24837,2019,265,0,Bactrocera correcta,0,0,enter,1,2,1213.92,855.21,0.8188,0,0,tracked_enter,10,,,,
08-41-24.mp4,25001,25001,2019,265,0,Bactrocera correcta,0,0,exit,-1,1,1302.48,840.52,0.9048,0,0,tracked_exit,10,265,,,
08-41-24.mp4,25184,25184,2019,265,0,Bactrocera correcta,1,0,enter,1,2,1206.55,853.77,0.7324,0,0,tracked_enter,11,,,,
08-41-24.mp4,25186,25186,2019,265,0,Bactrocera correcta,0,0,exit,-1,1,1215.32,892.84,0.8726,0,0,tracked_exit,11,265,,,
08-41-24.mp4,25277,25277,2019,265,0,Bactrocera correcta,1,0,enter,1,2,1197.06,855.56,0.7759,0,0,tracked_enter,12,,,,
08-41-24.mp4,25311,25311,2398,327,1,Bactrocera dorsalis,1,1,enter,1,1,1180.98,820.62,0.457,1,27,tracked_enter,13,,,,
08-41-24.mp4,25350,25350,2019,265,0,Bactrocera correcta,0,0,exit,-1,1,1173.0,891.45,0.8398,0,0,tracked_exit,12,265,,,
08-41-24.mp4,25373,25373,2398,327,1,Bactrocera dorsalis,0,1,exit,-1,0,1190.63,903.41,0.7358,1,27,tracked_exit,13,327,,,
08-41-24.mp4,25409,25409,2019,265,0,Bactrocera correcta,1,0,enter,1,2,1202.23,856.59,0.7827,0,0,tracked_enter,14,,,,
08-41-24.mp4,25611,25611,2425,334,1,Bactrocera dorsalis,0,1,enter,1,1,1292.56,800.56,0.8799,1,18,tracked_enter,15,,,,
08-41-24.mp4,26102,26102,2019,265,0,Bactrocera correcta,1,0,exit,-1,1,1217.82,562.3,0.7852,1,3,tracked_exit,14,265,,,
08-41-24.mp4,26503,26503,2579,357,0,Bactrocera correcta,0,0,enter,1,2,1050.83,739.7,0.5601,1,2,tracked_enter,16,,,,
08-41-24.mp4,26515,26515,2579,357,0,Bactrocera correcta,0,0,exit,-1,1,1008.65,747.41,0.8105,1,2,tracked_exit,16,357,,,
08-41-24.mp4,26547,26547,2425,357,0,Bactrocera correcta,0,0,enter,1,2,1090.14,627.66,0.8481,1,1,tracked_enter,17,,,,
08-41-24.mp4,26697,26697,2602,366,0,Bactrocera correcta,0,0,exit,-1,1,1056.45,829.56,0.8335,0,0,recovered_exit,7,242,0.7621530467542832,0,1
08-41-24.mp4,27339,27339,2775,392,0,Bactrocera correcta,0,0,enter,1,2,1258.56,661.95,0.7388,1,3,tracked_enter,18,,,,
08-41-24.mp4,28259,28259,2602,366,0,Bactrocera correcta,0,0,enter,1,3,1076.15,797.76,0.7905,0,0,tracked_enter,19,,,,
08-41-24.mp4,28933,28933,2863,408,1,Bactrocera dorsalis,1,1,enter,1,2,1134.9,849.46,0.8174,0,0,tracked_enter,20,,,,
08-41-24.mp4,28950,28950,2905,417,0,Bactrocera correcta,0,0,exit,-1,2,1019.6,749.14,0.875,0,0,recovered_exit,18,392,0.939840116663408,0,1
08-41-24.mp4,30775,30775,2905,417,0,Bactrocera correcta,1,0,enter,1,3,1056.86,684.38,0.8511,0,0,tracked_enter,21,,,,
08-41-24.mp4,30962,30962,2905,417,0,Bactrocera correcta,1,0,exit,-1,2,1047.54,629.75,0.8276,0,0,tracked_exit,21,417,,,
08-41-24.mp4,31374,31374,3330,504,0,Bactrocera correcta,0,0,enter,1,3,1312.31,683.08,0.7026,0,0,tracked_enter,22,,,,
08-41-24.mp4,31932,31932,3291,493,1,Bactrocera dorsalis,1,1,enter,1,3,1227.59,597.15,0.8833,0,0,tracked_enter,23,,,,
08-41-24.mp4,32099,32099,3291,493,1,Bactrocera dorsalis,1,1,exit,-1,2,1026.13,675.06,0.8696,0,0,tracked_exit,23,493,,,
08-41-24.mp4,33373,33373,3301,495,1,Bactrocera dorsalis,1,1,enter,1,3,1091.3,625.9,0.8696,0,0,tracked_enter,24,,,,
08-41-24.mp4,37686,37686,3849,603,0,Bactrocera correcta,0,0,exit,-1,2,1195.14,896.79,0.874,0,0,recovered_exit,22,504,0.8859631051590189,0,1
08-41-24.mp4,37985,37985,3849,603,0,Bactrocera correcta,0,0,enter,1,3,1226.21,595.96,0.873,0,0,tracked_enter,25,,,,
08-41-24.mp4,38008,38008,3849,603,0,Bactrocera correcta,0,0,exit,-1,2,1140.53,563.84,0.8706,0,0,tracked_exit,25,603,,,
08-41-24.mp4,38193,38193,3849,603,0,Bactrocera correcta,0,0,enter,1,3,1050.1,714.87,0.8599,0,0,tracked_enter,26,,,,
08-41-24.mp4,38406,38406,3849,603,0,Bactrocera correcta,0,0,exit,-1,2,1018.41,722.93,0.874,0,0,tracked_exit,26,603,,,
08-41-24.mp4,38449,38449,3849,603,0,Bactrocera correcta,0,0,enter,1,3,1091.54,626.08,0.8843,0,0,tracked_enter,27,,,,
08-41-24.mp4,38477,38477,3849,603,0,Bactrocera correcta,0,0,exit,-1,2,1159.62,558.83,0.8848,0,0,tracked_exit,27,603,,,
08-41-24.mp4,41076,41076,4089,661,1,Bactrocera dorsalis,1,1,enter,1,4,1267.07,617.66,0.8608,0,0,tracked_enter,28,,,,
08-41-24.mp4,42684,42684,4040,640,1,Bactrocera dorsalis,1,1,enter,1,5,1101.6,617.2,0.8799,1,11,tracked_enter,29,,,,
08-41-24.mp4,44191,44191,3040,442,0,Bactrocera correcta,1,0,enter,1,3,1287.84,650.81,0.8569,0,0,tracked_enter,30,,,,
08-41-24.mp4,44799,44799,4298,711,1,Bactrocera dorsalis,1,1,enter,1,6,1056.38,690.1,0.9058,0,0,tracked_enter,31,,,,
08-41-24.mp4,45679,45679,4337,719,0,Bactrocera correcta,1,0,enter,1,4,1079.89,809.74,0.6621,1,10,tracked_enter,32,,,,
08-41-24.mp4,45704,45704,4337,719,0,Bactrocera correcta,0,0,exit,-1,3,1042.82,812.11,0.8481,1,10,tracked_exit,32,719,,,
08-41-24.mp4,46030,46030,4337,719,0,Bactrocera correcta,0,0,enter,1,4,1072.39,799.75,0.8081,1,10,tracked_enter,33,,,,
08-41-24.mp4,48145,48145,4464,760,0,Bactrocera correcta,0,0,exit,-1,3,1173.9,559.11,0.8457,0,0,recovered_exit,17,357,0.8448162208660028,0,1
08-41-24.mp4,49339,49339,4459,757,1,Bactrocera dorsalis,1,1,enter,1,7,1317.02,702.3,0.894,0,0,tracked_enter,34,,,,
08-41-24.mp4,49365,49365,4459,757,1,Bactrocera dorsalis,1,1,exit,-1,6,1341.41,673.78,0.8501,0,0,tracked_exit,34,757,,,
08-41-24.mp4,50300,50300,4759,799,0,Bactrocera correcta,0,0,enter,1,4,1316.7,739.9,0.8345,0,0,tracked_enter,35,,,,
08-41-24.mp4,50724,50724,4551,780,0,Bactrocera correcta,0,0,enter,1,5,1104.83,615.44,0.876,0,0,tracked_enter,36,,,,
08-41-24.mp4,50999,50999,4974,837,1,Bactrocera dorsalis,1,1,enter,1,7,1231.52,605.34,0.6738,0,0,tracked_enter,37,,,,
08-41-24.mp4,51017,51017,4464,760,0,Bactrocera correcta,0,0,enter,1,6,1277.91,631.31,0.7881,0,0,tracked_enter,38,,,,
08-41-24.mp4,51025,51025,4464,760,0,Bactrocera correcta,0,0,exit,-1,5,1272.11,583.94,0.8389,0,0,tracked_exit,38,760,,,
08-41-24.mp4,51568,51568,4874,813,1,Bactrocera dorsalis,0,1,exit,-1,6,1346.0,755.44,0.8154,0,0,recovered_exit,37,837,0.9480917946247194,1,1
08-41-24.mp4,52090,52090,4874,813,1,Bactrocera dorsalis,0,1,enter,1,7,1316.12,750.59,0.7842,0,0,tracked_enter,39,,,,
08-41-24.mp4,52361,52361,4874,813,1,Bactrocera dorsalis,0,1,exit,-1,6,1346.95,755.97,0.8428,0,0,tracked_exit,39,813,,,
08-41-24.mp4,52559,52559,4874,813,1,Bactrocera dorsalis,0,1,enter,1,7,1315.77,749.74,0.832,0,0,tracked_enter,40,,,,
08-41-24.mp4,52607,52607,4874,813,1,Bactrocera dorsalis,0,1,exit,-1,6,1345.48,762.96,0.8843,0,0,tracked_exit,40,813,,,
08-41-24.mp4,55004,55004,5120,862,0,Bactrocera correcta,0,0,enter,1,6,1317.88,736.64,0.8408,0,0,tracked_enter,41,,,,
08-41-24.mp4,55669,55669,5122,863,0,Bactrocera correcta,1,0,exit,-1,5,1172.36,558.93,0.8398,0,0,recovered_exit,35,799,0.877372434055429,0,1
08-41-24.mp4,55708,55708,5238,893,0,Bactrocera correcta,0,0,enter,1,6,1261.14,614.4,0.8672,0,0,tracked_enter,42,,,,
08-41-24.mp4,55777,55777,5238,893,0,Bactrocera correcta,0,0,exit,-1,5,1285.12,592.65,0.8242,0,0,tracked_exit,42,893,,,
08-41-24.mp4,55837,55837,5238,893,0,Bactrocera correcta,0,0,enter,1,6,1265.08,621.03,0.8887,0,0,tracked_enter,43,,,,
08-41-24.mp4,57444,57444,5389,919,1,Bactrocera dorsalis,1,1,enter,1,7,1096.24,623.35,0.8799,0,0,tracked_enter,44,,,,
08-41-24.mp4,57752,57752,5410,923,1,Bactrocera dorsalis,0,1,exit,-1,6,1302.04,843.83,0.8696,0,0,recovered_exit,15,334,0.9071625418701048,1,1
08-41-24.mp4,59197,59197,5410,923,0,Bactrocera correcta,0,0,enter,1,7,1289.94,645.13,0.8164,0,0,tracked_enter,45,,,,
08-41-24.mp4,59485,59485,5410,923,0,Bactrocera correcta,0,0,exit,-1,6,1240.96,879.38,0.8081,1,1,tracked_exit,45,923,,,
08-41-24.mp4,59996,59996,5397,921,0,Bactrocera correcta,1,0,enter,1,7,1171.4,593.34,0.4902,0,0,tracked_enter,46,,,,
08-41-24.mp4,60292,60292,5636,977,1,Bactrocera dorsalis,1,1,enter,1,7,1121.68,606.3,0.8633,0,0,tracked_enter,47,,,,
08-41-24.mp4,60420,60420,5669,921,0,Bactrocera correcta,1,0,exit,-1,6,1201.74,559.82,0.8174,1,3,tracked_exit,46,921,,,
08-41-24.mp4,60779,60779,5669,921,0,Bactrocera correcta,0,0,enter,1,7,1223.29,596.3,0.5815,1,3,tracked_enter,48,,,,
08-41-24.mp4,61164,61164,5782,1009,0,Bactrocera correcta,0,0,exit,-1,6,1278.9,588.79,0.8862,0,0,recovered_exit,41,862,0.907832422171174,0,1
08-41-24.mp4,61241,61241,5782,1009,0,Bactrocera correcta,0,0,enter,1,7,1218.63,593.67,0.8447,0,0,tracked_enter,49,,,,
08-41-24.mp4,61279,61279,5782,1009,0,Bactrocera correcta,0,0,exit,-1,6,1224.08,563.69,0.8613,0,0,tracked_exit,49,1009,,,
08-41-24.mp4,61608,61608,5732,993,1,Bactrocera dorsalis,1,1,enter,1,8,1256.4,610.12,0.8843,0,0,tracked_enter,50,,,,
08-41-24.mp4,63179,63179,5862,1027,1,Bactrocera dorsalis,1,1,enter,1,9,1240.12,601.24,0.8706,1,2,tracked_enter,51,,,,
08-41-24.mp4,63288,63288,5862,1027,1,Bactrocera dorsalis,1,1,exit,-1,8,1267.21,581.41,0.8809,1,2,tracked_exit,51,1027,,,
08-41-24.mp4,63579,63579,5862,1027,1,Bactrocera dorsalis,1,1,enter,1,9,1262.38,615.02,0.8682,1,2,tracked_enter,52,,,,
08-41-24.mp4,63682,63682,5862,1027,1,Bactrocera dorsalis,1,1,exit,-1,8,1144.08,560.1,0.8389,1,2,tracked_exit,52,1027,,,
08-41-24.mp4,65544,65544,6057,1072,1,Bactrocera dorsalis,1,1,exit,-1,7,1323.91,628.47,0.8955,1,3,recovered_exit,50,993,0.903223889208655,1,1
08-41-24.mp4,67972,67972,5879,1031,0,Bactrocera correcta,0,0,enter,1,7,1274.68,634.59,0.8823,0,0,tracked_enter,53,,,,
08-41-24.mp4,67980,67980,6501,1135,1,Bactrocera dorsalis,0,1,enter,1,8,1206.71,594.86,0.8613,0,0,tracked_enter,54,,,,
08-41-24.mp4,67981,67981,5879,1031,0,Bactrocera correcta,0,0,exit,-1,6,1336.6,649.97,0.8579,0,0,tracked_exit,53,1031,,,
08-41-24.mp4,68139,68139,6527,1140,1,Bactrocera dorsalis,0,1,enter,1,9,1096.25,635.75,0.8613,0,0,tracked_enter,55,,,,
08-41-24.mp4,68347,68347,6595,1140,1,Bactrocera dorsalis,0,1,exit,-1,8,1013.03,708.97,0.874,1,5,tracked_exit,55,1140,,,
08-41-24.mp4,68503,68503,6591,1149,0,Bactrocera correcta,0,0,exit,-1,5,1185.54,893.64,0.873,0,0,recovered_exit,43,893,0.9137250483707615,0,1
08-41-24.mp4,68538,68538,6608,1153,0,Bactrocera correcta,0,0,enter,1,6,1298.1,658.55,0.8232,0,0,tracked_enter,56,,,,
08-41-24.mp4,68693,68693,6608,1153,0,Bactrocera correcta,0,0,exit,-1,5,1312.62,616.5,0.8716,0,0,tracked_exit,56,1153,,,
08-41-24.mp4,71069,71069,7033,1203,0,Bactrocera correcta,0,0,enter,1,6,1132.69,599.67,0.8613,0,0,tracked_enter,57,,,,
08-41-24.mp4,72899,72899,7306,1254,1,Bactrocera dorsalis,1,1,enter,1,9,1136.23,847.66,0.8032,0,0,tracked_enter,58,,,,
08-41-24.mp4,72930,72930,7306,1254,1,Bactrocera dorsalis,1,1,exit,-1,8,1178.34,890.61,0.8345,0,0,tracked_exit,58,1254,,,
08-41-24.mp4,73222,73222,7306,1254,1,Bactrocera dorsalis,0,1,enter,1,9,1299.19,664.2,0.8398,0,0,tracked_enter,59,,,,
08-41-24.mp4,73263,73263,7315,1255,1,Bactrocera dorsalis,1,1,enter,1,10,1094.62,623.67,0.8799,0,0,tracked_enter,60,,,,
08-41-24.mp4,74502,74502,7315,1255,1,Bactrocera dorsalis,1,1,exit,-1,9,1088.33,584.3,0.8843,0,0,tracked_exit,60,1255,,,
08-41-24.mp4,75846,75846,7511,1307,0,Bactrocera correcta,0,0,enter,1,7,1086.75,631.78,0.9087,0,0,tracked_enter,61,,,,
08-41-24.mp4,76161,76161,7544,1311,1,Bactrocera dorsalis,1,1,enter,1,10,1263.39,831.36,0.8784,1,18,tracked_enter,62,,,,
08-41-24.mp4,78299,78299,7995,1409,0,Bactrocera correcta,0,0,enter,1,8,1306.3,777.91,0.8491,1,9,tracked_enter,63,,,,
08-41-24.mp4,78496,78496,7995,1409,0,Bactrocera correcta,0,0,exit,-1,7,1339.73,798.45,0.8706,1,9,tracked_exit,63,1409,,,
08-41-24.mp4,78888,78888,8107,1134,0,Bactrocera correcta,0,0,enter,1,8,1150.2,668.7,0.5928,1,28,tracked_enter,64,,,,
08-41-24.mp4,79759,79759,8223,1467,1,Bactrocera dorsalis,1,1,exit,-1,9,1019.59,745.05,0.793,0,0,recovered_exit,59,1254,0.9550289134056169,1,1
08-41-24.mp4,81744,81744,8189,1443,1,Bactrocera dorsalis,1,1,enter,1,10,1316.54,740.87,0.7891,1,22,tracked_enter,65,,,,
08-41-24.mp4,81766,81766,8189,1443,1,Bactrocera dorsalis,1,1,exit,-1,9,1341.91,773.11,0.8232,1,22,tracked_exit,65,1443,,,
08-41-24.mp4,81782,81782,8425,1514,1,Bactrocera dorsalis,1,1,enter,1,10,1317.41,711.91,0.7461,0,0,tracked_enter,66,,,,
08-41-24.mp4,81788,81788,8566,1546,1,Bactrocera dorsalis,1,1,enter,1,11,1313.71,740.41,0.4727,0,0,tracked_enter,67,,,,
08-41-24.mp4,82366,82366,8471,1524,0,Bactrocera correcta,0,0,exit,-1,7,1109.43,873.9,0.8623,0,0,recovered_exit,61,1307,0.9308193000277847,0,1
08-41-24.mp4,82510,82510,8557,1543,1,Bactrocera dorsalis,1,1,enter,1,12,1050.76,731.09,0.8662,0,0,tracked_enter,68,,,,
08-41-24.mp4,83872,83872,8189,1443,1,Bactrocera dorsalis,1,1,enter,1,13,1174.18,858.31,0.7788,1,22,tracked_enter,69,,,,
08-41-24.mp4,84264,84264,8189,1443,1,Bactrocera dorsalis,1,1,exit,-1,12,1045.93,816.25,0.8418,1,22,tracked_exit,69,1443,,,
08-41-24.mp4,84603,84603,8844,1596,1,Bactrocera dorsalis,1,1,enter,1,13,1289.41,807.79,0.8662,0,0,tracked_enter,70,,,,
08-41-24.mp4,85356,85356,8896,1609,1,Bactrocera dorsalis,1,1,exit,-1,12,1029.18,665.48,0.897,0,0,recovered_exit,54,1135,0.9502810025938233,1,1
08-41-24.mp4,85888,85888,8896,1609,1,Bactrocera dorsalis,1,1,enter,1,13,1056.34,684.87,0.8652,0,0,tracked_enter,71,,,,
08-41-24.mp4,86018,86018,8896,1609,1,Bactrocera dorsalis,1,1,exit,-1,12,1270.06,865.78,0.8911,0,0,tracked_exit,71,1609,,,
08-41-24.mp4,86214,86214,8990,1624,0,Bactrocera correcta,0,0,enter,1,8,1310.22,678.76,0.8716,0,0,tracked_enter,72,,,,
08-41-24.mp4,86254,86254,8990,1624,0,Bactrocera correcta,0,0,exit,-1,7,1331.29,649.34,0.8623,0,0,tracked_exit,72,1624,,,
08-41-24.mp4,86442,86442,9007,1629,1,Bactrocera dorsalis,1,1,enter,1,13,1278.14,627.3,0.793,0,0,tracked_enter,73,,,,
08-41-24.mp4,86986,86986,8113,1437,1,Bactrocera dorsalis,1,1,enter,1,14,1318.16,738.21,0.8208,1,1,tracked_enter,74,,,,
08-41-24.mp4,87155,87155,8896,1609,1,Bactrocera dorsalis,1,1,enter,1,15,1315.12,740.51,0.8057,0,0,tracked_enter,75,,,,
08-41-24.mp4,87404,87404,8896,1609,1,Bactrocera dorsalis,1,1,exit,-1,14,1308.91,603.87,0.8774,0,0,tracked_exit,75,1609,,,
08-41-24.mp4,88029,88029,9183,1660,0,Bactrocera correcta,0,0,exit,-1,6,1051.4,623.63,0.8789,1,25,recovered_exit,64,1134,0.8739503712727363,0,1
08-41-24.mp4,88131,88131,9183,1660,0,Bactrocera correcta,0,0,enter,1,7,1078.5,641.48,0.875,1,25,tracked_enter,76,,,,
08-41-24.mp4,88170,88170,9292,1679,1,Bactrocera dorsalis,1,1,enter,1,15,1277.61,820.29,0.8696,0,0,tracked_enter,77,,,,
08-41-24.mp4,88289,88289,9292,1679,1,Bactrocera dorsalis,1,1,exit,-1,14,1231.86,565.36,0.8809,0,0,tracked_exit,77,1679,,,
08-41-24.mp4,88306,88306,9398,1693,1,Bactrocera dorsalis,1,1,enter,1,15,1111.45,696.15,0.7056,0,0,tracked_enter,78,,,,
08-41-24.mp4,88350,88350,9529,1704,0,Bactrocera correcta,0,0,enter,1,8,1316.93,732.17,0.8589,0,0,tracked_enter,79,,,,
08-41-24.mp4,89197,89197,9806,1739,0,Bactrocera correcta,0,0,enter,1,9,1063.42,664.97,0.8267,0,0,tracked_enter,80,,,,
08-41-24.mp4,90324,90324,10118,1777,0,Bactrocera correcta,1,0,exit,-1,8,1063.93,837.6,0.8198,0,0,recovered_exit,76,1660,0.9325178768259432,0,1
08-41-24.mp4,90353,90353,10118,1777,0,Bactrocera correcta,0,0,enter,1,9,1078.25,807.17,0.8105,0,0,tracked_enter,81,,,,
08-41-24.mp4,90962,90962,10325,1795,0,Bactrocera correcta,0,0,enter,1,10,1150.26,853.86,0.855,0,0,tracked_enter,82,,,,
08-41-24.mp4,91964,91964,10406,1809,1,Bactrocera dorsalis,1,1,enter,1,16,1229.55,599.56,0.8687,0,0,tracked_enter,83,,,,
08-41-24.mp4,92478,92478,9444,1701,0,Bactrocera correcta,0,0,enter,1,11,1062.17,782.09,0.814,0,0,tracked_enter,84,,,,
08-41-24.mp4,92694,92694,10406,1809,1,Bactrocera dorsalis,1,1,exit,-1,15,1311.91,839.89,0.9014,0,0,tracked_exit,83,1809,,,
08-41-24.mp4,92821,92821,10406,1809,1,Bactrocera dorsalis,1,1,enter,1,16,1316.13,734.64,0.9111,0,0,tracked_enter,85,,,,
08-41-24.mp4,92882,92882,10406,1809,1,Bactrocera dorsalis,1,1,exit,-1,15,1301.91,843.29,0.8579,0,0,tracked_exit,85,1809,,,
08-41-24.mp4,94703,94703,10687,1850,1,Bactrocera dorsalis,1,1,enter,1,16,1256.46,613.84,0.8301,0,0,tracked_enter,86,,,,
08-41-24.mp4,94781,94781,10687,1850,1,Bactrocera dorsalis,1,1,exit,-1,15,1015.09,777.13,0.8916,0,0,tracked_exit,86,1850,,,
08-41-24.mp4,95173,95173,10781,1869,0,Bactrocera correcta,0,0,enter,1,12,1311.71,684.96,0.853,0,0,tracked_enter,87,,,,
08-41-24.mp4,97695,97695,11311,1947,0,Bactrocera correcta,0,0,enter,1,13,1109.16,673.2,0.7266,1,23,tracked_enter,88,,,,
08-41-24.mp4,98283,98283,11447,1976,0,Bactrocera correcta,0,0,exit,-1,12,1029.27,781.71,0.8115,0,0,recovered_exit,36,780,0.8552063946078092,0,1
08-41-24.mp4,98341,98341,11447,1976,0,Bactrocera correcta,0,0,enter,1,13,1055.15,761.9,0.7734,0,0,tracked_enter,89,,,,
08-41-24.mp4,98360,98360,11447,1976,0,Bactrocera correcta,0,0,exit,-1,12,1027.82,780.03,0.8481,0,0,tracked_exit,89,1976,,,
08-41-24.mp4,98389,98389,11447,1976,0,Bactrocera correcta,0,0,enter,1,13,1056.22,764.92,0.8311,0,0,tracked_enter,90,,,,
08-41-24.mp4,98509,98509,11481,1983,0,Bactrocera correcta,0,0,exit,-1,12,1072.81,850.05,0.8389,0,0,recovered_exit,90,1976,0.8608245617286929,0,1
08-41-24.mp4,98624,98624,11481,1983,0,Bactrocera correcta,0,0,enter,1,13,1101.39,830.68,0.8521,0,0,tracked_enter,91,,,,
08-41-24.mp4,101224,101224,11372,1962,0,Bactrocera correcta,0,0,enter,1,14,1090.63,819.01,0.814,0,0,tracked_enter,92,,,,
08-41-24.mp4,101811,101811,11795,2050,1,Bactrocera dorsalis,1,1,enter,1,16,1052.24,708.57,0.8623,0,0,tracked_enter,93,,,,
08-41-24.mp4,103519,103519,11773,2044,1,Bactrocera dorsalis,1,1,enter,1,17,1316.46,733.73,0.8975,0,0,tracked_enter,94,,,,
08-41-24.mp4,105748,105748,12361,2157,1,Bactrocera dorsalis,1,1,enter,1,18,1056.88,679.56,0.8354,0,0,tracked_enter,95,,,,
08-41-24.mp4,106624,106624,12427,2174,0,Bactrocera correcta,0,0,enter,1,15,1233.42,599.08,0.874,0,0,tracked_enter,96,,,,
08-41-24.mp4,106631,106631,12434,2178,1,Bactrocera dorsalis,1,1,exit,-1,17,1253.16,877.64,0.854,0,0,recovered_exit,66,1514,0.9554374309572204,1,1
08-41-24.mp4,106691,106691,12434,2178,1,Bactrocera dorsalis,1,1,enter,1,18,1171.86,857.42,0.8438,0,0,tracked_enter,97,,,,
08-41-24.mp4,109225,109225,12930,2124,0,Bactrocera correcta,0,0,enter,1,16,1291.14,736.38,0.7124,1,2,tracked_enter,98,,,,
08-41-24.mp4,113059,113059,13231,2283,0,Bactrocera correcta,0,0,exit,-1,15,1332.06,650.98,0.8706,0,0,recovered_exit,98,2124,0.9484781698327525,0,1
08-41-24.mp4,113243,113243,13231,2283,0,Bactrocera correcta,0,0,enter,1,16,1229.24,597.29,0.8916,0,0,tracked_enter,99,,,,
08-41-24.mp4,115018,115018,13390,2312,0,Bactrocera correcta,0,0,enter,1,17,1257.04,613.2,0.8726,1,1,tracked_enter,100,,,,
08-41-24.mp4,115054,115054,13390,2312,0,Bactrocera correcta,0,0,exit,-1,16,1260.45,575.35,0.8901,1,1,tracked_exit,100,2312,,,
08-41-24.mp4,115410,115410,13480,2319,1,Bactrocera dorsalis,1,1,enter,1,19,1178.28,592.31,0.854,0,0,tracked_enter,101,,,,
08-41-24.mp4,115463,115463,13480,2319,1,Bactrocera dorsalis,0,1,exit,-1,18,1092.09,572.36,0.709,0,0,tracked_exit,101,2319,,,
08-41-24.mp4,118318,118318,13718,2353,0,Bactrocera correcta,0,0,enter,1,17,1246.69,837.12,0.876,0,0,tracked_enter,102,,,,
08-41-24.mp4,127738,127738,14425,2454,0,Bactrocera correcta,0,0,enter,1,18,1108.05,614.35,0.7944,0,0,tracked_enter,103,,,,
08-41-24.mp4,130310,130310,14735,2495,0,Bactrocera correcta,0,0,enter,1,19,1306.12,774.3,0.8408,0,0,tracked_enter,104,,,,
08-41-24.mp4,130375,130375,14735,2495,0,Bactrocera correcta,0,0,exit,-1,18,1328.64,807.06,0.8911,0,0,tracked_exit,104,2495,,,
08-41-24.mp4,130576,130576,14735,2495,0,Bactrocera correcta,0,0,enter,1,19,1316.45,713.99,0.8784,0,0,tracked_enter,105,,,,
08-41-24.mp4,131012,131012,14735,2495,0,Bactrocera correcta,0,0,exit,-1,18,1352.09,700.62,0.8872,0,0,tracked_exit,105,2495,,,
08-41-24.mp4,132679,132679,14735,2495,0,Bactrocera correcta,0,0,enter,1,19,1305.83,778.74,0.8613,0,0,tracked_enter,106,,,,
08-41-24.mp4,132852,132852,14735,2495,0,Bactrocera correcta,0,0,exit,-1,18,1305.35,838.11,0.8887,0,0,tracked_exit,106,2495,,,
08-41-24.mp4,132928,132928,14682,2490,0,Bactrocera correcta,0,0,enter,1,19,1318.87,728.73,0.8428,0,0,tracked_enter,107,,,,
08-41-24.mp4,133186,133186,15067,2540,1,Bactrocera dorsalis,1,1,enter,1,19,1062.14,714.87,0.7944,0,0,tracked_enter,108,,,,
08-41-24.mp4,133189,133189,15067,2540,1,Bactrocera dorsalis,1,1,exit,-1,18,1214.03,557.16,0.832,0,0,tracked_exit,108,2540,,,
08-41-24.mp4,135640,135640,15237,2553,1,Bactrocera dorsalis,1,1,enter,1,19,1070.21,795.28,0.8174,0,0,tracked_enter,109,,,,
08-41-24.mp4,135706,135706,15237,2553,1,Bactrocera dorsalis,1,1,exit,-1,18,1022.82,682.7,0.8481,0,0,tracked_exit,109,2553,,,
08-41-24.mp4,135930,135930,15237,2553,1,Bactrocera dorsalis,1,1,enter,1,19,1181.03,592.12,0.8613,0,0,tracked_enter,110,,,,
08-41-24.mp4,136020,136020,15237,2553,1,Bactrocera dorsalis,1,1,exit,-1,18,1326.01,826.77,0.8511,0,0,tracked_exit,110,2553,,,
08-41-24.mp4,136048,136048,15249,2555,1,Bactrocera dorsalis,1,1,enter,1,19,1279.29,634.39,0.8857,0,0,tracked_enter,111,,,,
08-41-24.mp4,136064,136064,15237,2553,1,Bactrocera dorsalis,1,1,enter,1,20,1313.79,745.83,0.9058,0,0,tracked_enter,112,,,,
08-41-24.mp4,136519,136519,15333,2566,0,Bactrocera correcta,0,0,enter,1,20,1182.18,592.51,0.8857,1,2,tracked_enter,113,,,,
08-41-24.mp4,136913,136913,15333,2566,0,Bactrocera correcta,0,0,exit,-1,19,1326.7,638.22,0.8608,1,2,tracked_exit,113,2566,,,
08-41-24.mp4,137764,137764,15313,2565,0,Bactrocera correcta,0,0,enter,1,20,1235.11,600.2,0.8887,0,0,tracked_enter,114,,,,
08-41-24.mp4,137772,137772,15313,2565,0,Bactrocera correcta,0,0,exit,-1,19,1154.68,556.71,0.8818,0,0,tracked_exit,114,2565,,,
08-41-24.mp4,141890,141890,15570,2606,0,Bactrocera correcta,0,0,enter,1,20,1082.91,635.36,0.8267,0,0,tracked_enter,115,,,,
08-41-24.mp4,143504,143504,15615,2611,1,Bactrocera dorsalis,1,1,enter,1,21,1108.57,614.76,0.8643,0,0,tracked_enter,116,,,,
08-41-24.mp4,145643,145643,15645,2615,1,Bactrocera dorsalis,1,1,enter,1,22,1160.48,856.15,0.7563,0,0,tracked_enter,117,,,,
08-41-24.mp4,145712,145712,15274,2366,0,Bactrocera correcta,0,0,enter,1,21,1281.8,630.95,0.8784,1,3,tracked_enter,118,,,,
08-41-24.mp4,150923,150923,15943,2665,1,Bactrocera dorsalis,1,1,enter,1,23,1061.05,777.38,0.8706,0,0,tracked_enter,119,,,,
08-41-24.mp4,151031,151031,15943,2665,1,Bactrocera dorsalis,1,1,exit,-1,22,1031.88,657.07,0.8438,0,0,tracked_exit,119,2665,,,
08-41-24.mp4,151251,151251,15943,2665,1,Bactrocera dorsalis,1,1,enter,1,23,1193.08,590.32,0.8662,0,0,tracked_enter,120,,,,
08-41-24.mp4,160515,160515,16407,2747,0,Bactrocera correcta,0,0,enter,1,22,1062.46,782.59,0.7983,0,0,tracked_enter,121,,,,
08-41-24.mp4,160724,160724,16521,2758,0,Bactrocera correcta,0,0,exit,-1,21,1018.39,712.65,0.8784,0,0,recovered_exit,121,2747,0.9590387747221794,0,1
08-41-24.mp4,160791,160791,16521,2758,0,Bactrocera correcta,0,0,enter,1,22,1056.46,688.25,0.8501,0,0,tracked_enter,122,,,,
08-41-24.mp4,160850,160850,16521,2758,0,Bactrocera correcta,0,0,exit,-1,21,1069.47,849.12,0.8716,0,0,tracked_exit,122,2758,,,
08-41-24.mp4,166322,166322,16734,2801,0,Bactrocera correcta,0,0,enter,1,22,1227.37,597.84,0.8662,0,0,tracked_enter,123,,,,
08-41-24.mp4,177134,177134,17297,2883,0,Bactrocera correcta,0,0,exit,-1,21,1320.64,629.62,0.8857,0,0,recovered_exit,118,2366,0.9616489456849284,0,1
08-41-24.mp4,177377,177377,17296,2882,0,Bactrocera correcta,0,0,enter,1,22,1244.41,605.91,0.8926,0,0,tracked_enter,124,,,,
08-41-24.mp4,177399,177399,17296,2882,0,Bactrocera correcta,0,0,exit,-1,21,1186.11,556.24,0.8438,0,0,tracked_exit,124,2882,,,
08-41-24.mp4,179049,179049,17335,2891,0,Bactrocera correcta,0,0,exit,-1,20,1017.91,717.0,0.8833,0,0,recovered_exit,88,1947,0.8813193732306444,0,1
08-41-24.mp4,179091,179091,17342,2893,1,Bactrocera dorsalis,1,1,enter,1,24,1313.81,727.67,0.8491,0,0,tracked_enter,125,,,,
08-41-24.mp4,179137,179137,17342,2893,1,Bactrocera dorsalis,1,1,exit,-1,23,1349.44,715.7,0.874,0,0,tracked_exit,125,2893,,,
08-41-24.mp4,180709,180709,17148,2863,0,Bactrocera correcta,0,0,enter,1,21,1315.09,707.24,0.8613,0,0,tracked_enter,126,,,,
08-41-24.mp4,183093,183093,17551,2918,0,Bactrocera correcta,0,0,enter,1,22,1060.38,677.35,0.8223,0,0,tracked_enter,127,,,,
08-41-24.mp4,183098,183098,17551,2918,0,Bactrocera correcta,0,0,exit,-1,21,1032.57,603.28,0.8589,0,0,tracked_exit,127,2918,,,
08-41-24.mp4,190606,190606,18081,2981,0,Bactrocera correcta,0,0,enter,1,22,1099.45,828.8,0.8408,0,0,tracked_enter,128,,,,
08-41-24.mp4,190651,190651,18080,2980,1,Bactrocera dorsalis,1,1,enter,1,24,1314.09,755.73,0.8833,0,0,tracked_enter,129,,,,
08-41-24.mp4,191656,191656,18109,2988,1,Bactrocera dorsalis,1,1,enter,1,25,1204.98,857.32,0.874,0,0,tracked_enter,130,,,,
09-41-28.mp4,2394,196639,18198,3002,1,Bactrocera dorsalis,1,1,enter,1,26,1077.28,643.2,0.8232,0,0,tracked_enter,131,,,,
09-41-28.mp4,2579,196824,18198,3002,1,Bactrocera dorsalis,1,1,exit,-1,25,1057.14,834.5,0.8706,0,0,tracked_exit,131,3002,,,
09-41-28.mp4,2833,197078,18229,3011,0,Bactrocera correcta,0,0,enter,1,23,1268.47,635.28,0.8501,0,0,tracked_enter,132,,,,
09-41-28.mp4,3082,197327,18206,3004,0,Bactrocera correcta,0,0,enter,1,24,1212.15,592.51,0.8608,0,0,tracked_enter,133,,,,
09-41-28.mp4,8578,202823,18609,3065,0,Bactrocera correcta,0,0,exit,-1,23,1082.77,591.96,0.9004,0,0,recovered_exit,48,921,0.8535263686164227,0,1
09-41-28.mp4,10672,204917,18642,3073,1,Bactrocera dorsalis,1,1,exit,-1,24,1320.19,618.5,0.8662,0,0,recovered_exit,78,1693,0.9218746482551501,1,1
09-41-28.mp4,10827,205072,18642,3073,1,Bactrocera dorsalis,1,1,enter,1,25,1206.67,590.97,0.8818,0,0,tracked_enter,134,,,,
09-41-28.mp4,10881,205126,18642,3073,1,Bactrocera dorsalis,1,1,exit,-1,24,1070.5,601.06,0.8481,0,0,tracked_exit,134,3073,,,
09-41-28.mp4,14375,208620,18755,3101,0,Bactrocera correcta,0,0,exit,-1,22,1345.63,668.3,0.8428,0,0,recovered_exit,133,3004,0.9382819019273394,0,1
09-41-28.mp4,15537,209782,18767,3106,0,Bactrocera correcta,0,0,enter,1,23,1052.53,734.36,0.7549,1,18,tracked_enter,135,,,,
09-41-28.mp4,15594,209839,18767,3106,0,Bactrocera correcta,0,0,exit,-1,22,1042.4,809.55,0.855,1,18,tracked_exit,135,3106,,,
09-41-28.mp4,15830,210075,18767,3106,0,Bactrocera correcta,0,0,enter,1,23,1076.1,802.11,0.7905,1,18,tracked_enter,136,,,,
09-41-28.mp4,16867,211112,18859,3115,0,Bactrocera correcta,0,0,enter,1,24,1057.28,686.75,0.8926,1,2,tracked_enter,137,,,,
09-41-28.mp4,16985,211230,18859,3115,0,Bactrocera correcta,0,0,exit,-1,23,1025.67,780.18,0.8613,1,2,tracked_exit,137,3115,,,
09-41-28.mp4,17016,211261,18859,3115,0,Bactrocera correcta,0,0,enter,1,24,1092.42,822.56,0.876,1,2,tracked_enter,138,,,,
09-41-28.mp4,17596,211841,18864,3118,0,Bactrocera correcta,0,0,exit,-1,23,1057.65,617.04,0.8696,0,0,recovered_exit,128,2981,0.8446629718471377,0,1
09-41-28.mp4,23434,217679,19009,3138,1,Bactrocera dorsalis,1,1,enter,1,25,1282.54,758.71,0.8081,0,0,tracked_enter,139,,,,
09-41-28.mp4,39717,233962,19444,3197,1,Bactrocera dorsalis,1,1,enter,1,26,1235.9,599.37,0.874,0,0,tracked_enter,140,,,,
09-41-28.mp4,39791,234036,19444,3197,1,Bactrocera dorsalis,1,1,exit,-1,25,1067.2,849.6,0.9028,0,0,tracked_exit,140,3197,,,
09-41-28.mp4,53106,247351,19922,3276,1,Bactrocera dorsalis,1,1,enter,1,26,1197.73,590.97,0.8599,0,0,tracked_enter,141,,,,
09-41-28.mp4,53248,247493,19922,3276,1,Bactrocera dorsalis,1,1,exit,-1,25,1253.55,573.39,0.9072,0,0,tracked_exit,141,3276,,,
09-41-28.mp4,56003,250248,19947,3281,1,Bactrocera dorsalis,1,1,enter,1,26,1271.83,826.04,0.8311,0,0,tracked_enter,142,,,,
09-41-28.mp4,60247,254492,20029,3291,0,Bactrocera correcta,0,0,enter,1,24,1316.7,729.25,0.8662,0,0,tracked_enter,143,,,,
09-41-28.mp4,60284,254529,20029,3291,0,Bactrocera correcta,0,0,exit,-1,23,1296.61,599.41,0.8848,0,0,tracked_exit,143,3291,,,
09-41-28.mp4,60701,254946,20057,3294,1,Bactrocera dorsalis,1,1,enter,1,27,1064.66,785.3,0.8774,0,0,tracked_enter,144,,,,
09-41-28.mp4,64034,258279,20120,3308,0,Bactrocera correcta,0,0,enter,1,24,1069.32,791.9,0.8232,0,0,tracked_enter,145,,,,
09-41-28.mp4,64735,258980,20120,3308,0,Bactrocera correcta,0,0,exit,-1,23,1169.69,556.83,0.8481,0,0,tracked_exit,145,3308,,,
09-41-28.mp4,76476,270721,20543,3366,1,Bactrocera dorsalis,1,1,enter,1,28,1291.09,647.28,0.854,0,0,tracked_enter,146,,,,
09-41-28.mp4,77300,271545,20627,3388,0,Bactrocera correcta,0,0,exit,-1,22,1208.56,553.66,0.7251,0,0,recovered_exit,82,1795,0.8479092711325416,0,1
09-41-28.mp4,80512,274757,20850,3418,0,Bactrocera correcta,0,0,enter,1,23,1129.34,842.26,0.8521,0,0,tracked_enter,147,,,,
09-41-28.mp4,83175,277420,21022,3428,1,Bactrocera dorsalis,1,1,enter,1,29,1160.22,593.01,0.8599,0,0,tracked_enter,148,,,,
09-41-28.mp4,86811,281056,21120,3443,1,Bactrocera dorsalis,1,1,enter,1,30,1274.65,629.08,0.8872,0,0,tracked_enter,149,,,,
09-41-28.mp4,86947,281192,21120,3443,1,Bactrocera dorsalis,1,1,exit,-1,29,1315.04,827.27,0.8765,0,0,tracked_exit,149,3443,,,
09-41-28.mp4,87642,281887,21120,3443,1,Bactrocera dorsalis,1,1,enter,1,30,1239.05,842.51,0.8608,0,0,tracked_enter,150,,,,
09-41-28.mp4,88197,282442,21323,3462,0,Bactrocera correcta,0,0,enter,1,24,1300.81,791.24,0.8511,0,0,tracked_enter,151,,,,
09-41-28.mp4,89979,284224,21438,3476,0,Bactrocera correcta,0,0,exit,-1,23,1018.33,720.99,0.8872,0,0,recovered_exit,96,2174,0.853575877239994,0,1
09-41-28.mp4,90007,284252,21438,3476,0,Bactrocera correcta,0,0,enter,1,24,1054.28,690.02,0.8511,0,0,tracked_enter,152,,,,
09-41-28.mp4,91426,285671,21492,3490,1,Bactrocera dorsalis,1,1,exit,-1,29,1022.9,775.56,0.8276,0,0,recovered_exit,139,3138,0.9009851414964793,1,1
09-41-28.mp4,97464,291709,21755,3517,0,Bactrocera correcta,0,0,exit,-1,23,1321.0,631.34,0.8579,1,17,recovered_exit,84,1701,0.8496631749210439,0,1
09-41-28.mp4,99963,294208,21872,3532,1,Bactrocera dorsalis,1,1,enter,1,30,1263.11,618.68,0.8623,0,0,tracked_enter,153,,,,
09-41-28.mp4,103330,297575,21479,3483,0,Bactrocera correcta,1,0,enter,1,24,1294.19,651.15,0.7744,0,0,tracked_enter,154,,,,
09-41-28.mp4,107847,302092,22099,3586,1,Bactrocera dorsalis,1,1,enter,1,31,1229.14,846.02,0.875,0,0,tracked_enter,155,,,,
09-41-28.mp4,107882,302127,22099,3586,1,Bactrocera dorsalis,1,1,exit,-1,30,1097.33,865.59,0.8809,0,0,tracked_exit,155,3586,,,
09-41-28.mp4,107917,302162,22180,3609,0,Bactrocera correcta,0,0,exit,-1,23,1019.25,711.55,0.8687,0,0,recovered_exit,79,1704,0.8576858878647877,0,1
09-41-28.mp4,108638,302883,22099,3586,1,Bactrocera dorsalis,1,1,enter,1,31,1069.91,652.51,0.8643,0,0,tracked_enter,156,,,,
09-41-28.mp4,111410,305655,22261,3628,0,Bactrocera correcta,0,0,enter,1,24,1148.76,852.66,0.8008,0,0,tracked_enter,157,,,,
09-41-28.mp4,116371,310616,22397,3650,1,Bactrocera dorsalis,1,1,enter,1,32,1140.17,598.55,0.8208,0,0,tracked_enter,158,,,,
09-41-28.mp4,118327,312572,22408,3652,1,Bactrocera dorsalis,1,1,enter,1,33,1131.64,845.38,0.895,0,0,tracked_enter,159,,,,
09-41-28.mp4,121532,315777,22727,3696,0,Bactrocera correcta,0,0,enter,1,25,1247.76,605.46,0.8521,0,0,tracked_enter,160,,,,
09-41-28.mp4,121569,315814,22534,3675,0,Bactrocera correcta,0,0,enter,1,26,1148.17,850.61,0.8696,0,0,tracked_enter,161,,,,
09-41-28.mp4,126057,320302,22890,3715,1,Bactrocera dorsalis,1,1,enter,1,34,1057.07,681.02,0.8481,0,0,tracked_enter,162,,,,
09-41-28.mp4,138926,333171,23194,3761,1,Bactrocera dorsalis,1,1,enter,1,35,1317.35,731.24,0.8887,0,0,tracked_enter,163,,,,
09-41-28.mp4,139841,334086,23205,3763,0,Bactrocera correcta,0,0,enter,1,27,1291.11,804.04,0.8491,0,0,tracked_enter,164,,,,
09-41-28.mp4,141601,335846,23247,3775,1,Bactrocera dorsalis,1,1,enter,1,36,1238.62,845.98,0.8608,0,0,tracked_enter,165,,,,
09-41-28.mp4,142509,336754,23315,3785,0,Bactrocera correcta,0,0,enter,1,28,1305.59,780.28,0.8257,0,0,tracked_enter,166,,,,
09-41-28.mp4,144155,338400,23364,3792,0,Bactrocera correcta,0,0,enter,1,29,1086.87,632.81,0.8848,0,0,tracked_enter,167,,,,
09-41-28.mp4,144187,338432,23360,3789,1,Bactrocera dorsalis,1,1,enter,1,37,1082.33,646.09,0.769,0,0,tracked_enter,168,,,,
09-41-28.mp4,144261,338506,23364,3792,0,Bactrocera correcta,0,0,exit,-1,28,1017.87,717.26,0.8765,0,0,tracked_exit,167,3792,,,
09-41-28.mp4,144271,338516,23360,3789,1,Bactrocera dorsalis,1,1,exit,-1,36,1089.31,588.22,0.9019,0,0,tracked_exit,168,3789,,,
09-41-28.mp4,145426,339671,23360,3789,1,Bactrocera dorsalis,1,1,enter,1,37,1091.89,628.24,0.8726,0,0,tracked_enter,169,,,,
09-41-28.mp4,145516,339761,23400,3804,0,Bactrocera correcta,0,0,exit,-1,27,1334.69,646.11,0.8818,0,0,recovered_exit,30,442,0.8634377389597983,0,1
09-41-28.mp4,145525,339770,23360,3789,1,Bactrocera dorsalis,1,1,exit,-1,36,1064.4,606.15,0.895,0,0,tracked_exit,169,3789,,,
09-41-28.mp4,145661,339906,23402,3805,0,Bactrocera correcta,0,0,enter,1,28,1283.54,813.69,0.8848,0,0,tracked_enter,170,,,,
09-41-28.mp4,145734,339979,23402,3805,0,Bactrocera correcta,0,0,exit,-1,27,1312.7,831.23,0.8765,0,0,tracked_exit,170,3805,,,
09-41-28.mp4,145772,340017,23402,3805,0,Bactrocera correcta,0,0,enter,1,28,1257.05,836.85,0.8511,0,0,tracked_enter,171,,,,
09-41-28.mp4,151183,345428,23547,3826,0,Bactrocera correcta,0,0,enter,1,29,1273.69,624.81,0.8931,0,0,tracked_enter,172,,,,
09-41-28.mp4,151355,345600,23547,3826,0,Bactrocera correcta,0,0,exit,-1,28,1340.44,787.78,0.8823,0,0,tracked_exit,172,3826,,,
09-41-28.mp4,153114,347359,23695,3840,0,Bactrocera correcta,0,0,enter,1,29,1131.82,846.96,0.814,0,0,tracked_enter,173,,,,
09-41-28.mp4,153523,347768,23696,3840,0,Bactrocera correcta,0,0,exit,-1,28,1256.14,574.64,0.8706,1,27,tracked_exit,173,3840,,,
09-41-28.mp4,153635,347880,23696,3840,0,Bactrocera correcta,0,0,enter,1,29,1252.43,607.81,0.8232,1,27,tracked_enter,174,,,,
09-41-28.mp4,153711,347956,23693,3838,0,Bactrocera correcta,0,0,enter,1,30,1142.41,597.99,0.8809,0,0,tracked_enter,175,,,,
09-41-28.mp4,153735,347980,23697,3841,1,Bactrocera dorsalis,1,1,enter,1,37,1058.28,676.55,0.9224,0,0,tracked_enter,176,,,,
09-41-28.mp4,153752,347997,23693,3838,0,Bactrocera correcta,0,0,exit,-1,29,1190.73,556.37,0.8716,0,0,tracked_exit,175,3838,,,
09-41-28.mp4,156088,350333,23814,3859,0,Bactrocera correcta,0,0,exit,-1,28,1114.72,876.7,0.8457,0,0,recovered_exit,152,3476,0.8317903801201334,0,1
09-41-28.mp4,159023,353268,23890,3867,0,Bactrocera correcta,0,0,enter,1,29,1299.57,655.21,0.8428,0,0,tracked_enter,177,,,,
09-41-28.mp4,159568,353813,23812,3857,1,Bactrocera dorsalis,1,1,enter,1,38,1224.38,600.88,0.9067,0,0,tracked_enter,178,,,,
09-41-28.mp4,159640,353885,23812,3857,1,Bactrocera dorsalis,1,1,exit,-1,37,1245.05,561.21,0.8872,0,0,tracked_exit,178,3857,,,
09-41-28.mp4,160215,354460,23956,3875,1,Bactrocera dorsalis,1,1,enter,1,38,1151.51,854.12,0.8374,0,0,tracked_enter,179,,,,
09-41-28.mp4,160843,355088,23956,3875,1,Bactrocera dorsalis,1,1,exit,-1,37,1140.14,564.7,0.8896,0,0,tracked_exit,179,3875,,,
09-41-28.mp4,164062,358307,24143,3896,0,Bactrocera correcta,0,0,enter,1,30,1293.42,800.39,0.874,0,0,tracked_enter,180,,,,
09-41-28.mp4,164681,358926,24170,3900,0,Bactrocera correcta,0,0,exit,-1,29,1018.75,698.56,0.8706,0,0,recovered_exit,177,3867,0.9501621059028784,0,1
09-41-28.mp4,164767,359012,24170,3900,0,Bactrocera correcta,0,0,enter,1,30,1072.68,651.35,0.8354,0,0,tracked_enter,181,,,,
09-41-28.mp4,165332,359577,24206,3907,1,Bactrocera dorsalis,1,1,enter,1,38,1055.46,684.3,0.8765,0,0,tracked_enter,182,,,,
09-41-28.mp4,165713,359958,24279,3915,0,Bactrocera correcta,0,0,enter,1,31,1103.53,616.61,0.8765,0,0,tracked_enter,183,,,,
09-41-28.mp4,167531,361776,24302,3919,0,Bactrocera correcta,0,0,exit,-1,30,1351.71,732.22,0.8931,0,0,recovered_exit,183,3915,0.9189167541722456,0,1
09-41-28.mp4,167578,361823,24302,3919,0,Bactrocera correcta,0,0,enter,1,31,1309.42,772.16,0.8291,0,0,tracked_enter,184,,,,
09-41-28.mp4,167609,361854,24302,3919,0,Bactrocera correcta,0,0,exit,-1,30,1317.83,820.79,0.8613,0,0,tracked_exit,184,3919,,,
09-41-28.mp4,167802,362047,24302,3919,0,Bactrocera correcta,0,0,enter,1,31,1314.89,755.34,0.8818,0,0,tracked_enter,185,,,,
09-41-28.mp4,167848,362093,24302,3919,0,Bactrocera correcta,0,0,exit,-1,30,1345.21,682.84,0.8799,0,0,tracked_exit,185,3919,,,
09-41-28.mp4,169829,364074,24302,3919,0,Bactrocera correcta,0,0,enter,1,31,1172.94,589.5,0.8706,0,0,tracked_enter,186,,,,
09-41-28.mp4,170021,364266,24361,3927,0,Bactrocera correcta,0,0,enter,1,32,1247.16,608.94,0.8569,0,0,tracked_enter,187,,,,
09-41-28.mp4,170022,364267,24399,3932,1,Bactrocera dorsalis,1,1,enter,1,39,1103.88,616.85,0.8291,0,0,tracked_enter,188,,,,
09-41-28.mp4,170083,364328,24361,3927,0,Bactrocera correcta,0,0,exit,-1,31,1304.6,609.71,0.876,0,0,tracked_exit,187,3927,,,
09-41-28.mp4,170134,364379,24408,3919,0,Bactrocera correcta,0,0,exit,-1,30,1350.48,735.16,0.8643,1,14,tracked_exit,186,3919,,,
09-41-28.mp4,170253,364498,24408,3919,0,Bactrocera correcta,0,0,enter,1,31,1308.71,775.31,0.8154,1,14,tracked_enter,189,,,,
09-41-28.mp4,170320,364565,24408,3919,0,Bactrocera correcta,0,0,exit,-1,30,1325.01,635.45,0.8965,1,14,tracked_exit,189,3919,,,
09-41-28.mp4,170414,364659,24408,3919,0,Bactrocera correcta,0,0,enter,1,31,1298.33,655.04,0.8696,1,14,tracked_enter,190,,,,
09-41-28.mp4,171526,365771,24423,3941,0,Bactrocera correcta,0,0,exit,-1,30,1020.88,698.86,0.8613,0,0,recovered_exit,171,3805,0.8401307429254543,0,1
09-41-28.mp4,175616,369861,24579,3971,0,Bactrocera correcta,0,0,enter,1,31,1160.54,592.42,0.8716,0,0,tracked_enter,191,,,,
09-41-28.mp4,175715,369960,24579,3971,0,Bactrocera correcta,0,0,exit,-1,30,1051.95,618.43,0.8696,0,0,tracked_exit,191,3971,,,
09-41-28.mp4,176930,371175,24632,3985,1,Bactrocera dorsalis,1,1,enter,1,40,1075.13,803.0,0.8984,0,0,tracked_enter,192,,,,
09-41-28.mp4,176971,371216,24632,3985,1,Bactrocera dorsalis,1,1,exit,-1,39,1021.68,758.83,0.8799,0,0,tracked_exit,192,3985,,,
09-41-28.mp4,177546,371791,24647,3988,1,Bactrocera dorsalis,1,1,enter,1,40,1064.1,665.14,0.8242,0,0,tracked_enter,193,,,,
09-41-28.mp4,177657,371902,24647,3988,1,Bactrocera dorsalis,1,1,exit,-1,39,1242.85,878.79,0.894,0,0,tracked_exit,193,3988,,,
09-41-28.mp4,177857,372102,24647,3988,1,Bactrocera dorsalis,1,1,enter,1,40,1107.51,834.38,0.8872,0,0,tracked_enter,194,,,,
09-41-28.mp4,180761,375006,24773,4005,1,Bactrocera dorsalis,1,1,enter,1,41,1292.48,804.2,0.8887,0,0,tracked_enter,195,,,,
09-41-28.mp4,180787,375032,24773,4005,1,Bactrocera dorsalis,1,1,exit,-1,40,1318.59,823.85,0.8672,0,0,tracked_exit,195,4005,,,
09-41-28.mp4,181040,375285,24786,4008,1,Bactrocera dorsalis,1,1,enter,1,41,1288.12,805.99,0.9019,0,0,tracked_enter,196,,,,
09-41-28.mp4,181127,375372,24809,4011,0,Bactrocera correcta,0,0,enter,1,31,1089.28,630.02,0.8154,0,0,tracked_enter,197,,,,
09-41-28.mp4,181272,375517,24809,4011,0,Bactrocera correcta,0,0,exit,-1,30,1062.84,608.65,0.8901,0,0,tracked_exit,197,4011,,,
09-41-28.mp4,181561,375806,24809,4011,0,Bactrocera correcta,0,0,enter,1,31,1136.63,850.18,0.8345,0,0,tracked_enter,198,,,,
09-41-28.mp4,183777,378022,24962,4025,0,Bactrocera correcta,0,0,exit,-1,30,1041.48,636.77,0.8511,0,0,recovered_exit,132,3011,0.8573392850918555,0,1
09-41-28.mp4,187359,381604,25077,4044,0,Bactrocera correcta,0,0,enter,1,31,1061.49,668.77,0.8613,0,0,tracked_enter,199,,,,
09-41-28.mp4,187421,381666,25077,4044,0,Bactrocera correcta,0,0,exit,-1,30,1081.2,590.75,0.9048,0,0,tracked_exit,199,4044,,,
09-41-28.mp4,187723,381968,25101,4046,0,Bactrocera correcta,0,0,enter,1,31,1313.41,745.83,0.8726,0,0,tracked_enter,200,,,,
09-41-28.mp4,187800,382045,25105,4047,0,Bactrocera correcta,0,0,exit,-1,30,1297.4,847.88,0.772,0,0,recovered_exit,174,3840,0.8469756473845165,0,1
09-41-28.mp4,188235,382480,25134,4050,0,Bactrocera correcta,0,0,exit,-1,29,1139.85,563.56,0.8843,0,0,recovered_exit,166,3785,0.8274638387538515,0,1
09-41-28.mp4,188268,382513,25134,4050,0,Bactrocera correcta,0,0,enter,1,30,1242.85,607.03,0.8911,0,0,tracked_enter,201,,,,
09-41-28.mp4,188453,382698,25134,4050,0,Bactrocera correcta,0,0,exit,-1,29,1214.7,555.69,0.8643,0,0,tracked_exit,201,4050,,,
09-41-28.mp4,190991,385236,25241,4070,0,Bactrocera correcta,0,0,enter,1,30,1106.58,831.38,0.854,0,0,tracked_enter,202,,,,
09-41-28.mp4,192080,386325,25195,4062,1,Bactrocera dorsalis,1,1,enter,1,42,1317.7,708.99,0.8652,0,0,tracked_enter,203,,,,
09-41-28.mp4,192138,386383,25195,4062,1,Bactrocera dorsalis,1,1,exit,-1,41,1350.3,725.32,0.856,0,0,tracked_exit,203,4062,,,
09-41-28.mp4,194558,388803,25385,4088,1,Bactrocera dorsalis,1,1,enter,1,42,1201.13,853.84,0.8208,0,0,tracked_enter,204,,,,
09-41-28.mp4,196171,390416,25445,4100,0,Bactrocera correcta,0,0,exit,-1,29,1337.88,663.67,0.895,0,0,recovered_exit,202,4070,0.8165172545367674,0,1
09-41-28.mp4,199068,393313,25612,4127,0,Bactrocera correcta,0,0,enter,1,30,1143.39,596.37,0.8682,0,0,tracked_enter,205,,,,
09-41-28.mp4,200501,394746,25612,4127,0,Bactrocera correcta,0,0,exit,-1,29,1174.06,556.65,0.7646,0,0,tracked_exit,205,4127,,,
10-41-29.mp4,1956,397868,25786,4158,1,Bactrocera dorsalis,1,1,enter,1,43,1181.07,589.08,0.8223,0,0,tracked_enter,206,,,,
10-41-29.mp4,2793,398705,25787,4159,1,Bactrocera dorsalis,1,1,enter,1,44,1268.06,618.57,0.915,0,0,tracked_enter,207,,,,
10-41-29.mp4,3081,398993,25787,4159,1,Bactrocera dorsalis,1,1,exit,-1,43,1298.37,604.91,0.874,0,0,tracked_exit,207,4159,,,
10-41-29.mp4,3436,399348,25745,4127,0,Bactrocera correcta,0,0,enter,1,30,1301.07,659.57,0.7637,1,1,tracked_enter,208,,,,
10-41-29.mp4,4128,400040,25787,4159,1,Bactrocera dorsalis,1,1,enter,1,44,1312.62,707.18,0.8633,0,0,tracked_enter,209,,,,
10-41-29.mp4,4293,400205,25787,4159,1,Bactrocera dorsalis,1,1,exit,-1,43,1337.84,660.59,0.876,0,0,tracked_exit,209,4159,,,
10-41-29.mp4,5528,401440,25848,4177,0,Bactrocera correcta,0,0,exit,-1,29,1306.29,612.87,0.8672,0,0,recovered_exit,81,1777,0.8331909481120199,0,1
10-41-29.mp4,5921,401833,25941,4189,0,Bactrocera correcta,0,0,exit,-1,28,1069.26,846.24,0.7505,0,0,recovered_exit,208,4127,0.8313422176890815,0,1
10-41-29.mp4,6403,402315,25933,4187,0,Bactrocera correcta,0,0,enter,1,29,1193.04,589.78,0.8599,0,0,tracked_enter,210,,,,
10-41-29.mp4,8372,404284,26062,4209,0,Bactrocera correcta,0,0,enter,1,30,1184.52,592.29,0.8887,0,0,tracked_enter,211,,,,
10-41-29.mp4,8509,404421,26062,4209,0,Bactrocera correcta,0,0,exit,-1,29,1051.53,622.74,0.8682,0,0,tracked_exit,211,4209,,,
10-41-29.mp4,15554,411466,26208,4235,1,Bactrocera dorsalis,1,1,enter,1,44,1257.2,835.85,0.8784,0,0,tracked_enter,212,,,,
10-41-29.mp4,15570,411482,26208,4235,1,Bactrocera dorsalis,1,1,exit,-1,43,1271.55,865.24,0.875,0,0,tracked_exit,212,4235,,,
10-41-29.mp4,15653,411565,26217,4239,0,Bactrocera correcta,0,0,exit,-1,28,1349.86,735.57,0.8843,0,0,recovered_exit,57,1203,0.8111864251177998,0,1
10-41-29.mp4,16378,412290,26217,4239,0,Bactrocera correcta,0,0,enter,1,29,1293.64,799.21,0.8706,0,0,tracked_enter,213,,,,
10-41-29.mp4,16777,412689,26341,4258,0,Bactrocera correcta,0,0,enter,1,30,1219.87,594.62,0.876,1,4,tracked_enter,214,,,,
10-41-29.mp4,16913,412825,26341,4258,0,Bactrocera correcta,0,0,exit,-1,29,1236.5,564.7,0.8887,1,4,tracked_exit,214,4258,,,
10-41-29.mp4,29795,425707,26636,4301,0,Bactrocera correcta,0,0,enter,1,30,1313.18,700.69,0.8818,0,0,tracked_enter,215,,,,
10-41-29.mp4,30388,426300,26683,4307,0,Bactrocera correcta,0,0,enter,1,31,1096.4,622.12,0.8662,0,0,tracked_enter,216,,,,
10-41-29.mp4,31172,427084,26748,4311,0,Bactrocera correcta,0,0,exit,-1,30,1023.48,590.58,0.8818,1,2,recovered_exit,216,4307,0.9602168418958168,0,1
10-41-29.mp4,31480,427392,26757,4315,0,Bactrocera correcta,0,0,enter,1,31,1115.83,609.37,0.8447,0,0,tracked_enter,217,,,,
10-41-29.mp4,41606,437518,27064,4354,0,Bactrocera correcta,0,0,enter,1,32,1116.85,839.73,0.8276,1,16,tracked_enter,218,,,,
10-41-29.mp4,44765,440677,27443,4400,0,Bactrocera correcta,0,0,enter,1,33,1234.32,600.97,0.8232,0,0,tracked_enter,219,,,,
10-41-29.mp4,44775,440687,27406,4396,1,Bactrocera dorsalis,1,1,enter,1,44,1239.97,846.7,0.8608,0,0,tracked_enter,220,,,,
10-41-29.mp4,44845,440757,27087,4364,1,Bactrocera dorsalis,1,1,enter,1,45,1315.82,696.0,0.8857,0,0,tracked_enter,221,,,,
10-41-29.mp4,45312,441224,27087,4364,1,Bactrocera dorsalis,1,1,exit,-1,44,1347.75,699.1,0.8896,0,0,tracked_exit,221,4364,,,
10-41-29.mp4,45508,441420,27087,4364,1,Bactrocera dorsalis,1,1,enter,1,45,1203.62,855.89,0.8301,0,0,tracked_enter,222,,,,
10-41-29.mp4,45830,441742,27087,4364,1,Bactrocera dorsalis,1,1,exit,-1,44,1172.79,558.12,0.8999,0,0,tracked_exit,222,4364,,,
10-41-29.mp4,45883,441795,27087,4364,1,Bactrocera dorsalis,1,1,enter,1,45,1209.36,591.68,0.8784,0,0,tracked_enter,223,,,,
10-41-29.mp4,46244,442156,27198,4374,0,Bactrocera correcta,0,0,enter,1,34,1316.23,710.99,0.8457,0,0,tracked_enter,224,,,,
10-41-29.mp4,47995,443907,27509,4413,0,Bactrocera correcta,0,0,enter,1,35,1143.72,851.93,0.772,0,0,tracked_enter,225,,,,
10-41-29.mp4,48046,443958,27509,4413,0,Bactrocera correcta,0,0,exit,-1,34,1126.95,880.27,0.8774,0,0,tracked_exit,225,4413,,,
10-41-29.mp4,48172,444084,27509,4413,0,Bactrocera correcta,0,0,enter,1,35,1115.83,837.47,0.8682,0,0,tracked_enter,226,,,,
10-41-29.mp4,48183,444095,27509,4413,0,Bactrocera correcta,0,0,exit,-1,34,1088.09,868.82,0.8862,0,0,tracked_exit,226,4413,,,
10-41-29.mp4,48328,444240,27511,4415,0,Bactrocera correcta,0,0,exit,-1,33,1122.84,880.45,0.876,0,0,recovered_exit,215,4301,0.8956899996871652,0,1
10-41-29.mp4,48975,444887,27541,4423,1,Bactrocera dorsalis,1,1,enter,1,46,1194.26,858.4,0.8491,0,0,tracked_enter,227,,,,
10-41-29.mp4,49086,444998,27540,4422,0,Bactrocera correcta,0,0,enter,1,34,1095.04,823.14,0.855,0,0,tracked_enter,228,,,,
10-41-29.mp4,49195,445107,27511,4415,0,Bactrocera correcta,0,0,enter,1,35,1212.7,854.77,0.8608,0,0,tracked_enter,229,,,,
10-41-29.mp4,50625,446537,27633,4441,0,Bactrocera correcta,0,0,exit,-1,34,1354.58,715.76,0.8608,1,27,recovered_exit,107,2490,0.8183890439487118,0,1
10-41-29.mp4,50661,446573,27633,4441,0,Bactrocera correcta,0,0,enter,1,35,1308.6,672.73,0.9033,1,27,tracked_enter,230,,,,
10-41-29.mp4,51074,446986,27682,4445,1,Bactrocera dorsalis,1,1,enter,1,47,1316.76,700.93,0.8418,0,0,tracked_enter,231,,,,
10-41-29.mp4,52799,448711,27856,4471,0,Bactrocera correcta,0,0,exit,-1,34,1256.07,873.26,0.8589,0,0,recovered_exit,126,2863,0.7448673159233723,0,1
10-41-29.mp4,53381,449293,27861,4473,0,Bactrocera correcta,0,0,exit,-1,33,1353.91,744.3,0.8843,0,0,recovered_exit,190,3919,0.8026125278872953,0,1
10-41-29.mp4,57615,453527,28074,4488,1,Bactrocera dorsalis,1,1,enter,1,48,1215.18,818.1,0.7007,1,2,tracked_enter,232,,,,
10-41-29.mp4,57616,453528,28073,4488,1,Bactrocera dorsalis,1,1,exit,-1,47,1301.18,882.77,0.646,1,1,tracked_exit,232,4488,,,
10-41-29.mp4,67737,463649,28630,4527,0,Bactrocera correcta,0,0,enter,1,34,1317.55,738.8,0.856,0,0,tracked_enter,233,,,,
10-41-29.mp4,67946,463858,28630,4527,0,Bactrocera correcta,0,0,exit,-1,33,1356.49,722.08,0.8706,0,0,tracked_exit,233,4527,,,
10-41-29.mp4,68662,464574,28634,4529,0,Bactrocera correcta,0,0,enter,1,34,1302.33,659.78,0.8926,0,0,tracked_enter,234,,,,
10-41-29.mp4,69843,465755,28695,4541,1,Bactrocera dorsalis,1,1,enter,1,48,1309.64,701.98,0.7534,0,0,tracked_enter,235,,,,
10-41-29.mp4,69857,465769,28696,4541,1,Bactrocera dorsalis,1,1,exit,-1,47,673.7,752.31,0.8457,1,2,tracked_exit,235,4541,,,
10-41-29.mp4,72511,468423,28803,4554,0,Bactrocera correcta,0,0,exit,-1,33,1337.66,791.96,0.8633,0,0,recovered_exit,154,3483,0.8110737886144437,0,1
10-41-29.mp4,72582,468494,28902,4561,0,Bactrocera correcta,0,0,enter,1,34,1243.4,843.71,0.8633,0,0,tracked_enter,236,,,,
10-41-29.mp4,72614,468526,28958,4567,1,Bactrocera dorsalis,1,1,enter,1,48,1070.34,794.71,0.8931,0,0,tracked_enter,237,,,,
10-41-29.mp4,72703,468615,28902,4561,0,Bactrocera correcta,0,0,exit,-1,33,1276.49,860.81,0.874,0,0,tracked_exit,236,4561,,,
10-41-29.mp4,72920,468832,28902,4561,0,Bactrocera correcta,0,0,enter,1,34,1150.67,854.82,0.6738,0,0,tracked_enter,238,,,,
10-41-29.mp4,72933,468845,28978,4574,0,Bactrocera correcta,0,0,exit,-1,33,1139.02,884.98,0.7993,0,0,recovered_exit,229,4415,0.805811830654281,0,1
10-41-29.mp4,72947,468859,28902,4561,0,Bactrocera correcta,1,0,exit,-1,32,1152.06,902.37,0.5815,0,0,tracked_exit,238,4561,,,
10-41-29.mp4,73041,468953,28902,4561,0,Bactrocera correcta,0,0,enter,1,33,1171.49,858.32,0.769,0,0,tracked_enter,239,,,,
10-41-29.mp4,73192,469104,28902,4561,0,Bactrocera correcta,0,0,exit,-1,32,1224.7,885.62,0.875,0,0,tracked_exit,239,4561,,,
10-41-29.mp4,74140,470052,29075,4586,0,Bactrocera correcta,0,0,enter,1,33,1170.94,594.31,0.8848,0,0,tracked_enter,240,,,,
10-41-29.mp4,74594,470506,29083,4588,0,Bactrocera correcta,0,0,enter,1,34,1124.55,605.74,0.8706,0,0,tracked_enter,241,,,,
10-41-29.mp4,74699,470611,29083,4588,0,Bactrocera correcta,0,0,exit,-1,33,1111.82,572.42,0.9136,0,0,tracked_exit,241,4588,,,
10-41-29.mp4,76352,472264,29214,4599,0,Bactrocera correcta,0,0,enter,1,34,1080.71,799.82,0.8599,0,0,tracked_enter,242,,,,
10-41-29.mp4,76615,472527,29245,4599,0,Bactrocera correcta,0,0,exit,-1,33,1071.75,601.34,0.8789,1,17,tracked_exit,242,4599,,,
10-41-29.mp4,76917,472829,29240,4602,0,Bactrocera correcta,0,0,exit,-1,32,1349.11,722.94,0.9019,0,0,recovered_exit,213,4239,0.790345739480302,0,1
10-41-29.mp4,80141,476053,29394,4620,1,Bactrocera dorsalis,1,1,enter,1,49,1310.71,755.44,0.8872,0,0,tracked_enter,243,,,,
10-41-29.mp4,84631,480543,29621,4648,0,Bactrocera correcta,0,0,enter,1,33,1077.27,798.77,0.8398,0,0,tracked_enter,244,,,,
10-41-29.mp4,84706,480618,29621,4648,0,Bactrocera correcta,0,0,exit,-1,32,1013.48,744.72,0.8613,0,0,tracked_exit,244,4648,,,
10-41-29.mp4,88500,484412,29711,4661,1,Bactrocera dorsalis,1,1,enter,1,50,1218.94,594.29,0.8511,0,0,tracked_enter,245,,,,
10-41-29.mp4,88583,484495,29711,4661,1,Bactrocera dorsalis,1,1,exit,-1,49,1031.0,793.15,0.8311,0,0,tracked_exit,245,4661,,,
10-41-29.mp4,91374,487286,29860,4681,0,Bactrocera correcta,0,0,enter,1,33,1305.91,779.53,0.8521,0,0,tracked_enter,246,,,,
10-41-29.mp4,91904,487816,29863,4682,0,Bactrocera correcta,0,0,enter,1,34,1170.65,589.7,0.8599,0,0,tracked_enter,247,,,,
10-41-29.mp4,94467,490379,29923,4698,0,Bactrocera correcta,0,0,enter,1,35,1305.2,779.26,0.8652,0,0,tracked_enter,248,,,,
10-41-29.mp4,99789,495701,30049,4721,0,Bactrocera correcta,0,0,enter,1,36,1052.73,751.43,0.876,0,0,tracked_enter,249,,,,
10-41-29.mp4,99940,495852,30049,4721,0,Bactrocera correcta,0,0,exit,-1,35,1040.36,809.2,0.8608,0,0,tracked_exit,249,4721,,,
10-41-29.mp4,101718,497630,30168,4734,0,Bactrocera correcta,0,0,enter,1,36,1217.75,594.17,0.8765,0,0,tracked_enter,250,,,,
10-41-29.mp4,104970,500882,30499,4773,1,Bactrocera dorsalis,1,1,enter,1,50,1278.4,637.82,0.853,0,0,tracked_enter,251,,,,
10-41-29.mp4,105077,500989,30545,4774,0,Bactrocera correcta,0,0,enter,1,37,1257.74,613.84,0.8521,0,0,tracked_enter,252,,,,
10-41-29.mp4,106066,501978,30703,4788,0,Bactrocera correcta,0,0,enter,1,38,1115.8,838.67,0.8579,0,0,tracked_enter,253,,,,
10-41-29.mp4,108039,503951,30762,4791,0,Bactrocera correcta,0,0,exit,-1,37,1035.95,807.44,0.8608,1,16,recovered_exit,250,4734,0.9383020269189333,0,1
10-41-29.mp4,108370,504282,30762,4791,0,Bactrocera correcta,0,0,enter,1,38,1053.33,752.7,0.8389,1,16,tracked_enter,254,,,,
10-41-29.mp4,108803,504715,30762,4791,0,Bactrocera correcta,0,0,exit,-1,37,1023.75,763.91,0.8374,1,16,tracked_exit,254,4791,,,
10-41-29.mp4,108842,504754,30762,4791,0,Bactrocera correcta,0,0,enter,1,38,1059.25,767.62,0.856,1,16,tracked_enter,255,,,,
10-41-29.mp4,110981,506893,30790,4803,0,Bactrocera correcta,0,0,enter,1,39,1072.52,649.2,0.8511,0,0,tracked_enter,256,,,,
10-41-29.mp4,119966,515878,31213,4850,1,Bactrocera dorsalis,0,1,enter,1,51,1085.2,799.64,0.8032,0,0,tracked_enter,257,,,,
10-41-29.mp4,123976,519888,31294,4863,1,Bactrocera dorsalis,1,1,enter,1,52,1270.19,827.71,0.9136,0,0,tracked_enter,258,,,,
10-41-29.mp4,124726,520638,31318,4867,1,Bactrocera dorsalis,1,1,enter,1,53,1121.74,604.92,0.8374,1,5,tracked_enter,259,,,,
10-41-29.mp4,126676,522588,31406,4877,0,Bactrocera correcta,0,0,exit,-1,38,1296.88,588.25,0.8857,0,0,recovered_exit,248,4698,0.8668891264954579,0,1
10-41-29.mp4,128756,524668,31425,4882,0,Bactrocera correcta,0,0,enter,1,39,1233.46,600.5,0.855,0,0,tracked_enter,260,,,,
10-41-29.mp4,130724,526636,31618,4913,0,Bactrocera correcta,0,0,enter,1,40,1087.71,804.06,0.8398,0,0,tracked_enter,261,,,,
10-41-29.mp4,131222,527134,31631,4915,0,Bactrocera correcta,0,0,enter,1,41,1313.13,702.29,0.8257,0,0,tracked_enter,262,,,,
10-41-29.mp4,131252,527164,31631,4915,0,Bactrocera correcta,0,0,exit,-1,40,1349.71,731.42,0.8882,0,0,tracked_exit,262,4915,,,
10-41-29.mp4,138558,534470,31906,4952,0,Bactrocera correcta,0,0,exit,-1,39,1026.25,783.48,0.8418,0,0,recovered_exit,261,4913,0.9736453284228812,0,1
10-41-29.mp4,141794,537706,31960,4960,0,Bactrocera correcta,0,0,enter,1,40,1289.85,644.39,0.8672,0,0,tracked_enter,263,,,,
10-41-29.mp4,143300,539212,32056,4969,0,Bactrocera correcta,0,0,enter,1,41,1239.59,842.39,0.814,0,0,tracked_enter,264,,,,
10-41-29.mp4,144029,539941,32108,4975,0,Bactrocera correcta,0,0,enter,1,42,1315.67,694.65,0.8823,0,0,tracked_enter,265,,,,
10-41-29.mp4,145368,541280,32155,4986,0,Bactrocera correcta,0,0,enter,1,43,1277.28,799.38,0.8457,1,3,tracked_enter,266,,,,
10-41-29.mp4,147951,543863,32193,4992,0,Bactrocera correcta,0,0,enter,1,44,1318.5,712.95,0.8643,0,0,tracked_enter,267,,,,
10-41-29.mp4,147970,543882,32216,4995,0,Bactrocera correcta,0,0,exit,-1,43,1144.36,560.52,0.876,0,0,recovered_exit,266,4986,0.9013533893168357,0,1
10-41-29.mp4,148624,544536,32258,5001,0,Bactrocera correcta,0,0,enter,1,44,1315.56,696.42,0.8662,0,0,tracked_enter,268,,,,
10-41-29.mp4,158714,554626,32608,5072,0,Bactrocera correcta,0,0,exit,-1,43,1339.25,667.53,0.8599,1,23,recovered_exit,263,4960,0.8291044782575385,0,1
10-41-29.mp4,165047,560959,33008,5129,0,Bactrocera correcta,0,0,exit,-1,42,1115.24,568.47,0.8687,0,0,recovered_exit,247,4682,0.8201407634888389,0,1
10-41-29.mp4,168641,564553,33195,5153,0,Bactrocera correcta,0,0,enter,1,43,1055.02,687.88,0.832,0,0,tracked_enter,269,,,,
10-41-29.mp4,168881,564793,33195,5153,0,Bactrocera correcta,0,0,exit,-1,42,1061.56,612.16,0.8833,0,0,tracked_exit,269,5153,,,
10-41-29.mp4,169599,565511,33276,5159,0,Bactrocera correcta,0,0,enter,1,43,1207.49,593.46,0.8706,0,0,tracked_enter,270,,,,
10-41-29.mp4,169677,565589,33295,5161,0,Bactrocera correcta,0,0,enter,1,44,1203.85,590.81,0.8511,0,0,tracked_enter,271,,,,
10-41-29.mp4,169727,565639,33295,5161,0,Bactrocera correcta,0,0,exit,-1,43,1202.89,559.23,0.8926,0,0,tracked_exit,271,5161,,,
10-41-29.mp4,169739,565651,33295,5161,0,Bactrocera correcta,0,0,enter,1,44,1154.38,598.42,0.873,0,0,tracked_enter,272,,,,
10-41-29.mp4,170054,565966,33295,5161,0,Bactrocera correcta,0,0,exit,-1,43,1121.13,569.98,0.8726,0,0,tracked_exit,272,5161,,,
10-41-29.mp4,170170,566082,33295,5161,0,Bactrocera correcta,0,0,enter,1,44,1290.13,640.84,0.853,0,0,tracked_enter,273,,,,
10-41-29.mp4,170671,566583,33310,5167,0,Bactrocera correcta,0,0,exit,-1,43,1323.14,818.57,0.8589,0,0,recovered_exit,273,5161,0.8098492998342255,0,1
10-41-29.mp4,171210,567122,33324,5170,1,Bactrocera dorsalis,1,1,enter,1,54,1312.16,684.48,0.8579,1,1,tracked_enter,274,,,,
10-41-29.mp4,171385,567297,33327,5171,0,Bactrocera correcta,0,0,enter,1,44,1120.63,843.19,0.8447,0,0,tracked_enter,275,,,,
10-41-29.mp4,171555,567467,33327,5171,0,Bactrocera correcta,0,0,exit,-1,43,1036.01,648.91,0.8774,0,0,tracked_exit,275,5171,,,
10-41-29.mp4,172768,568680,33435,5186,0,Bactrocera correcta,0,0,exit,-1,42,1099.18,580.93,0.8696,0,0,recovered_exit,228,4422,0.8132847991618128,0,1
10-41-29.mp4,173410,569322,33556,5198,0,Bactrocera correcta,0,0,exit,-1,41,1343.76,663.25,0.8833,0,0,recovered_exit,270,5159,0.7969933451179188,0,1
10-41-29.mp4,175797,571709,33813,5220,0,Bactrocera correcta,0,0,enter,1,42,1195.69,590.92,0.8857,0,0,tracked_enter,276,,,,
10-41-29.mp4,179070,574982,33970,5238,0,Bactrocera correcta,0,0,enter,1,43,1086.92,817.39,0.856,0,0,tracked_enter,277,,,,
10-41-29.mp4,181200,577112,34029,5245,0,Bactrocera correcta,0,0,enter,1,44,1193.17,854.99,0.8491,0,0,tracked_enter,278,,,,
10-41-29.mp4,184316,580228,34144,5258,0,Bactrocera correcta,0,0,enter,1,45,1149.13,595.4,0.9028,0,0,tracked_enter,279,,,,
10-41-29.mp4,185760,581672,34186,5270,0,Bactrocera correcta,0,0,enter,1,46,1064.75,783.82,0.8018,0,0,tracked_enter,280,,,,
10-41-29.mp4,185900,581812,34186,5270,0,Bactrocera correcta,0,0,exit,-1,45,1035.36,796.57,0.8335,0,0,tracked_exit,280,5270,,,
10-41-29.mp4,186268,582180,34186,5270,0,Bactrocera correcta,0,0,enter,1,46,1064.49,778.25,0.7075,0,0,tracked_enter,281,,,,
10-41-29.mp4,187258,583170,34186,5270,0,Bactrocera correcta,0,0,exit,-1,45,1027.71,653.48,0.9019,0,0,tracked_exit,281,5270,,,
10-41-29.mp4,187305,583217,34186,5270,0,Bactrocera correcta,0,0,enter,1,46,1063.53,666.88,0.8335,0,0,tracked_enter,282,,,,
10-41-29.mp4,187307,583219,34393,5270,0,Bactrocera correcta,0,0,exit,-1,45,1048.86,616.68,0.8687,1,1,tracked_exit,282,5270,,,
10-41-29.mp4,187494,583406,34395,5306,0,Bactrocera correcta,0,0,enter,1,46,1073.21,646.92,0.854,0,0,tracked_enter,283,,,,
10-41-29.mp4,188511,584423,34529,5319,0,Bactrocera correcta,0,0,exit,-1,45,1026.96,655.53,0.876,0,0,recovered_exit,276,5220,0.8449290353690497,0,1
10-41-29.mp4,190356,586268,34583,5333,0,Bactrocera correcta,1,0,enter,1,46,1108.16,834.41,0.7124,0,0,tracked_enter,284,,,,
10-41-29.mp4,191378,587290,34645,5342,1,Bactrocera dorsalis,1,1,enter,1,55,1080.63,642.58,0.8521,0,0,tracked_enter,285,,,,
10-41-29.mp4,192177,588089,34622,5339,1,Bactrocera dorsalis,1,1,enter,1,56,1061.94,672.2,0.8311,0,0,tracked_enter,286,,,,
10-41-29.mp4,194813,590725,34743,5365,0,Bactrocera correcta,0,0,enter,1,47,1315.56,749.77,0.897,0,0,tracked_enter,287,,,,
10-41-29.mp4,194939,590851,34743,5365,0,Bactrocera correcta,0,0,exit,-1,46,1311.26,829.78,0.8931,0,0,tracked_exit,287,5365,,,
10-41-29.mp4,195566,591478,34843,5379,1,Bactrocera dorsalis,1,1,enter,1,57,1290.63,656.33,0.8706,0,0,tracked_enter,288,,,,
10-41-29.mp4,195828,591740,34843,5379,1,Bactrocera dorsalis,1,1,exit,-1,56,1232.19,881.84,0.894,0,0,tracked_exit,288,5379,,,
10-41-29.mp4,195867,591779,34843,5379,1,Bactrocera dorsalis,1,1,enter,1,57,1099.89,828.91,0.8799,0,0,tracked_enter,289,,,,
10-41-29.mp4,196131,592043,34843,5379,1,Bactrocera dorsalis,1,1,exit,-1,56,1348.64,766.24,0.8882,0,0,tracked_exit,289,5379,,,
10-41-29.mp4,196492,592404,34926,5395,1,Bactrocera dorsalis,1,1,enter,1,57,1235.25,843.84,0.8364,0,0,tracked_enter,290,,,,
10-41-29.mp4,196526,592438,34926,5395,1,Bactrocera dorsalis,1,1,exit,-1,56,1244.94,886.14,0.8633,0,0,tracked_exit,290,5395,,,
10-41-29.mp4,196573,592485,34926,5395,1,Bactrocera dorsalis,1,1,enter,1,57,1241.97,845.3,0.8257,0,0,tracked_enter,291,,,,
10-41-29.mp4,196575,592487,34926,5395,1,Bactrocera dorsalis,1,1,exit,-1,56,1253.72,878.5,0.8057,0,0,tracked_exit,291,5395,,,
10-41-29.mp4,196585,592497,34935,5399,1,Bactrocera dorsalis,1,1,enter,1,57,1124.94,844.92,0.876,0,0,tracked_enter,292,,,,
10-41-29.mp4,196620,592532,34926,5395,1,Bactrocera dorsalis,1,1,enter,1,58,1317.59,707.56,0.8398,0,0,tracked_enter,293,,,,
10-41-29.mp4,196626,592538,34926,5395,1,Bactrocera dorsalis,1,1,exit,-1,57,1323.96,635.16,0.8335,0,0,tracked_exit,293,5395,,,
10-41-29.mp4,196641,592553,34945,5400,0,Bactrocera correcta,0,0,enter,1,47,1153.51,596.75,0.7607,1,8,tracked_enter,294,,,,
10-41-29.mp4,196642,592554,34926,5395,1,Bactrocera dorsalis,1,1,enter,1,58,1235.14,601.15,0.8267,0,0,tracked_enter,295,,,,
10-41-29.mp4,197573,593485,35026,5421,0,Bactrocera correcta,0,0,exit,-1,46,1257.12,570.45,0.8809,0,0,recovered_exit,19,366,0.8190062677530521,0,1
10-41-29.mp4,197988,593900,35026,5421,0,Bactrocera correcta,0,0,enter,1,47,1257.51,615.01,0.875,0,0,tracked_enter,296,,,,
10-41-29.mp4,198639,594551,34860,5386,0,Bactrocera correcta,0,0,enter,1,48,1057.65,676.87,0.8105,0,0,tracked_enter,297,,,,
10-41-29.mp4,198816,594728,34860,5386,0,Bactrocera correcta,0,0,exit,-1,47,1019.01,731.56,0.8335,0,0,tracked_exit,297,5386,,,
10-41-29.mp4,198879,594791,34860,5386,0,Bactrocera correcta,0,0,enter,1,48,1050.15,737.99,0.8311,0,0,tracked_enter,298,,,,
10-41-29.mp4,199011,594923,34860,5434,0,Bactrocera correcta,0,0,exit,-1,47,1070.82,850.41,0.7788,0,0,recovered_exit,294,5400,0.8194295623916577,0,1
10-41-29.mp4,199062,594974,35056,5429,1,Bactrocera dorsalis,1,1,exit,-1,57,1250.85,878.25,0.832,0,0,recovered_exit,74,1437,0.9069763740664172,1,1
10-41-29.mp4,199846,595758,35073,5433,0,Bactrocera correcta,0,0,enter,1,48,1313.3,686.71,0.8774,1,28,tracked_enter,299,,,,
10-41-29.mp4,200007,595919,34860,5434,0,Bactrocera correcta,0,0,enter,1,49,1222.03,853.41,0.8623,0,0,tracked_enter,300,,,,
10-41-29.mp4,200374,596286,35212,5450,0,Bactrocera correcta,0,0,exit,-1,48,1171.18,558.49,0.8809,0,0,recovered_exit,298,5386,0.8441041371453275,0,1
11-41-30.mp4,1658,599208,35302,5407,1,Bactrocera dorsalis,1,1,enter,1,58,1140.12,596.94,0.8696,1,1,tracked_enter,301,,,,
11-41-30.mp4,2809,600359,35302,5407,1,Bactrocera dorsalis,1,1,exit,-1,57,1228.49,883.05,0.8896,1,1,tracked_exit,301,5407,,,
11-41-30.mp4,3579,601129,35471,5487,0,Bactrocera correcta,0,0,enter,1,49,1240.77,844.36,0.8428,1,2,tracked_enter,302,,,,
11-41-30.mp4,4320,601870,35496,5489,1,Bactrocera dorsalis,1,1,enter,1,58,1055.78,759.83,0.8599,0,0,tracked_enter,303,,,,
11-41-30.mp4,4696,602246,35518,5492,1,Bactrocera dorsalis,1,1,enter,1,59,1120.27,613.25,0.8608,0,0,tracked_enter,304,,,,
11-41-30.mp4,4735,602285,35518,5492,1,Bactrocera dorsalis,1,1,exit,-1,58,1023.85,668.06,0.8208,0,0,tracked_exit,304,5492,,,
11-41-30.mp4,5280,602830,35559,5495,0,Bactrocera correcta,0,0,enter,1,50,1067.18,707.39,0.8301,0,0,tracked_enter,305,,,,
11-41-30.mp4,7129,604679,35849,5541,0,Bactrocera correcta,0,0,enter,1,51,1273.71,824.01,0.874,0,0,tracked_enter,306,,,,
11-41-30.mp4,7151,604701,35849,5541,0,Bactrocera correcta,0,0,exit,-1,50,1353.25,698.2,0.8643,0,0,tracked_exit,306,5541,,,
11-41-30.mp4,7172,604722,35849,5541,0,Bactrocera correcta,0,0,enter,1,51,1286.45,637.42,0.8784,0,0,tracked_enter,307,,,,
11-41-30.mp4,7319,604869,35884,5546,1,Bactrocera dorsalis,0,1,enter,1,59,1137.96,627.66,0.769,1,12,tracked_enter,308,,,,
11-41-30.mp4,7401,604951,35884,5546,1,Bactrocera dorsalis,0,1,exit,-1,58,1100.78,581.38,0.8843,1,12,tracked_exit,308,5546,,,
11-41-30.mp4,7456,605006,35849,5541,0,Bactrocera correcta,0,1,exit,-1,50,1254.96,573.24,0.8882,0,0,tracked_exit,307,5541,,,
11-41-30.mp4,7476,605026,35884,5546,1,Bactrocera dorsalis,0,1,enter,1,59,1085.21,634.03,0.8389,1,12,tracked_enter,309,,,,
11-41-30.mp4,7539,605089,35849,5541,1,Bactrocera dorsalis,0,1,enter,1,60,1102.5,620.22,0.8662,0,0,tracked_enter,310,,,,
11-41-30.mp4,7557,605107,35849,5541,1,Bactrocera dorsalis,0,1,exit,-1,59,1033.18,656.58,0.8955,0,0,tracked_exit,310,5541,,,
11-41-30.mp4,8023,605573,35955,5553,0,Bactrocera correcta,0,0,enter,1,51,1318.25,719.36,0.8335,0,0,tracked_enter,311,,,,
11-41-30.mp4,9870,607420,36066,5565,1,Bactrocera dorsalis,1,1,enter,1,60,1272.02,621.68,0.9053,1,2,tracked_enter,312,,,,
11-41-30.mp4,10097,607647,36066,5565,1,Bactrocera dorsalis,1,1,exit,-1,59,1281.78,862.16,0.897,1,2,tracked_exit,312,5565,,,
11-41-30.mp4,10262,607812,36080,5560,0,Bactrocera correcta,0,0,exit,-1,50,1056.07,829.87,0.8608,1,3,recovered_exit,305,5495,0.8283350339474393,0,1
11-41-30.mp4,10468,608018,36080,5560,0,Bactrocera correcta,0,0,enter,1,51,1087.79,817.0,0.8774,1,3,tracked_enter,313,,,,
11-41-30.mp4,11418,608968,36098,5571,0,Bactrocera correcta,0,0,enter,1,52,1297.93,654.36,0.854,0,0,tracked_enter,314,,,,
11-41-30.mp4,12245,609795,36175,5584,0,Bactrocera correcta,0,0,enter,1,53,1165.72,854.62,0.8662,0,0,tracked_enter,315,,,,
11-41-30.mp4,13378,610928,36399,5614,0,Bactrocera correcta,0,0,enter,1,54,1090.8,816.84,0.8018,1,2,tracked_enter,316,,,,
11-41-30.mp4,14054,611604,36594,5630,0,Bactrocera correcta,0,0,enter,1,55,1082.38,638.73,0.8682,0,0,tracked_enter,317,,,,
11-41-30.mp4,15171,612721,36601,5633,0,Bactrocera correcta,0,0,enter,1,56,1263.61,830.73,0.8613,0,0,tracked_enter,318,,,,
11-41-30.mp4,16092,613642,36697,5645,0,Bactrocera correcta,1,0,enter,1,57,1194.82,856.5,0.6636,0,0,tracked_enter,319,,,,
11-41-30.mp4,16117,613667,36697,5645,0,Bactrocera correcta,0,0,exit,-1,56,1194.3,889.34,0.8599,0,0,tracked_exit,319,5645,,,
11-41-30.mp4,16185,613735,36697,5645,0,Bactrocera correcta,0,0,enter,1,57,1151.58,853.07,0.8682,0,0,tracked_enter,320,,,,
11-41-30.mp4,16803,614353,36826,5656,0,Bactrocera correcta,0,0,enter,1,58,1297.17,794.67,0.8623,0,0,tracked_enter,321,,,,
11-41-30.mp4,18696,616246,36963,5674,1,Bactrocera dorsalis,1,1,enter,1,60,1132.57,601.39,0.8491,0,0,tracked_enter,322,,,,
11-41-30.mp4,18921,616471,37027,5682,0,Bactrocera correcta,0,0,enter,1,59,1281.88,631.13,0.855,1,2,tracked_enter,323,,,,
11-41-30.mp4,19128,616678,37027,5682,0,Bactrocera correcta,0,0,exit,-1,58,1276.23,586.85,0.894,1,2,tracked_exit,323,5682,,,
11-41-30.mp4,19190,616740,37027,5682,0,Bactrocera correcta,0,0,enter,1,59,1068.98,654.33,0.8521,1,2,tracked_enter,324,,,,
11-41-30.mp4,19275,616825,37061,5689,1,Bactrocera dorsalis,0,1,exit,-1,59,1059.47,839.98,0.8599,0,0,recovered_exit,309,5546,0.9506869286191766,1,1
11-41-30.mp4,19287,616837,37027,5682,0,Bactrocera correcta,0,0,exit,-1,58,1026.42,667.62,0.8799,1,2,tracked_exit,324,5682,,,
11-41-30.mp4,19304,616854,37027,5682,0,Bactrocera correcta,0,0,enter,1,59,1063.16,680.71,0.7798,1,2,tracked_enter,325,,,,
11-41-30.mp4,19757,617307,37095,5674,1,Bactrocera dorsalis,0,1,exit,-1,58,1348.52,755.49,0.8672,1,14,tracked_exit,322,5674,,,
11-41-30.mp4,19795,617345,37095,5674,1,Bactrocera dorsalis,0,1,enter,1,59,1300.67,790.5,0.8428,1,14,tracked_enter,326,,,,
11-41-30.mp4,19799,617349,37051,5686,1,Bactrocera dorsalis,1,1,enter,1,60,1052.3,726.38,0.8975,0,0,tracked_enter,327,,,,
11-41-30.mp4,19886,617436,37051,5686,1,Bactrocera dorsalis,1,1,exit,-1,59,1349.58,737.6,0.8501,0,0,tracked_exit,327,5686,,,
11-41-30.mp4,19891,617441,37095,5674,1,Bactrocera dorsalis,0,1,exit,-1,58,1293.09,848.1,0.772,1,14,tracked_exit,326,5674,,,
11-41-30.mp4,19974,617524,37095,5674,1,Bactrocera dorsalis,0,1,enter,1,59,1316.31,743.89,0.8672,1,14,tracked_enter,328,,,,
11-41-30.mp4,20201,617751,37144,5703,1,Bactrocera dorsalis,1,1,enter,1,60,1125.2,603.38,0.854,0,0,tracked_enter,329,,,,
11-41-30.mp4,20400,617950,37144,5703,1,Bactrocera dorsalis,1,1,exit,-1,59,1216.6,561.99,0.8887,0,0,tracked_exit,329,5703,,,
11-41-30.mp4,20409,617959,37164,5706,0,Bactrocera correcta,0,0,enter,1,60,1057.22,767.77,0.8472,0,0,tracked_enter,330,,,,
11-41-30.mp4,20452,618002,37164,5706,0,Bactrocera correcta,0,0,exit,-1,59,1062.04,838.9,0.8623,0,0,tracked_exit,330,5706,,,
11-41-30.mp4,20745,618295,37225,5710,0,Bactrocera correcta,0,0,enter,1,60,1157.36,596.25,0.8589,0,0,tracked_enter,331,,,,
11-41-30.mp4,20810,618360,37225,5710,0,Bactrocera correcta,0,0,exit,-1,59,1334.5,649.81,0.856,0,0,tracked_exit,331,5710,,,
11-41-30.mp4,23691,621241,37348,5721,1,Bactrocera dorsalis,1,1,enter,1,60,1266.02,617.23,0.9058,0,0,tracked_enter,332,,,,
11-41-30.mp4,25173,622723,37569,5741,1,Bactrocera dorsalis,1,1,enter,1,61,1151.46,854.89,0.8589,1,26,tracked_enter,333,,,,
11-41-30.mp4,25254,622804,37568,5734,0,Bactrocera correcta,0,0,enter,1,60,1167.63,856.52,0.7705,1,4,tracked_enter,334,,,,
11-41-30.mp4,25422,622972,37563,5740,0,Bactrocera correcta,0,0,enter,1,61,1269.15,828.12,0.8569,0,0,tracked_enter,335,,,,
11-41-30.mp4,25465,623015,37563,5740,0,Bactrocera correcta,0,0,exit,-1,60,1292.52,861.13,0.876,0,0,tracked_exit,335,5740,,,
11-41-30.mp4,25599,623149,37563,5740,0,Bactrocera correcta,0,0,enter,1,61,1318.0,725.36,0.853,0,0,tracked_enter,336,,,,
11-41-30.mp4,27514,625064,37639,5757,0,Bactrocera correcta,0,0,enter,1,62,1056.7,679.95,0.7705,0,0,tracked_enter,337,,,,
11-41-30.mp4,28444,625994,37662,5762,0,Bactrocera correcta,0,0,enter,1,63,1215.01,593.71,0.8887,0,0,tracked_enter,338,,,,
11-41-30.mp4,32837,630387,37754,5792,0,Bactrocera correcta,0,0,exit,-1,62,1037.22,640.61,0.8926,0,0,recovered_exit,316,5614,0.9157279564549383,0,1
11-41-30.mp4,32976,630526,37770,5794,0,Bactrocera correcta,0,0,enter,1,63,1266.93,618.92,0.8833,0,0,tracked_enter,339,,,,
11-41-30.mp4,39556,637106,38058,5821,0,Bactrocera correcta,0,0,enter,1,64,1066.14,659.92,0.875,0,0,tracked_enter,340,,,,
11-41-30.mp4,39809,637359,38058,5821,0,Bactrocera correcta,0,1,exit,-1,63,1030.33,659.43,0.8799,0,0,tracked_exit,340,5821,,,
11-41-30.mp4,40080,637630,38058,5821,1,Bactrocera dorsalis,1,1,enter,1,62,1150.37,852.86,0.7905,0,0,tracked_enter,341,,,,
11-41-30.mp4,40080,637630,38119,5829,1,Bactrocera dorsalis,0,1,enter,1,63,1152.0,853.11,0.5796,1,12,tracked_enter,342,,,,
11-41-30.mp4,40106,637656,38058,5821,1,Bactrocera dorsalis,0,1,exit,-1,62,1145.54,884.8,0.8613,0,0,tracked_exit,341,5821,,,
11-41-30.mp4,41462,639012,38112,5828,0,Bactrocera correcta,0,0,exit,-1,62,1049.88,622.09,0.8481,0,0,recovered_exit,325,5682,0.8942522969777513,0,1
11-41-30.mp4,46672,644222,37729,5779,0,Bactrocera correcta,0,0,enter,1,63,1064.69,664.35,0.8818,1,3,tracked_enter,343,,,,
11-41-30.mp4,47579,645129,38384,5855,1,Bactrocera dorsalis,1,1,enter,1,63,1079.31,643.25,0.8999,0,0,tracked_enter,344,,,,
11-41-30.mp4,47662,645212,38384,5855,1,Bactrocera dorsalis,1,1,exit,-1,62,1351.48,726.52,0.875,0,0,tracked_exit,344,5855,,,
11-41-30.mp4,47702,645252,38384,5855,1,Bactrocera dorsalis,1,1,enter,1,63,1285.11,635.98,0.8911,0,0,tracked_enter,345,,,,
11-41-30.mp4,47866,645416,38384,5855,1,Bactrocera dorsalis,1,1,exit,-1,62,1120.23,571.53,0.875,0,0,tracked_exit,345,5855,,,
11-41-30.mp4,52289,649839,38790,5902,1,Bactrocera dorsalis,1,1,enter,1,63,1111.64,610.3,0.8896,0,0,tracked_enter,346,,,,
11-41-30.mp4,55402,652952,39058,5925,1,Bactrocera dorsalis,1,1,enter,1,64,1190.16,591.07,0.8335,0,0,tracked_enter,347,,,,
11-41-30.mp4,56198,653748,39106,5926,0,Bactrocera correcta,0,0,enter,1,64,1110.77,834.97,0.856,0,0,tracked_enter,348,,,,
11-41-30.mp4,56271,653821,39106,5926,0,Bactrocera correcta,0,0,exit,-1,63,1244.41,877.9,0.8809,0,0,tracked_exit,348,5926,,,
11-41-30.mp4,56922,654472,39119,5929,0,Bactrocera correcta,0,0,enter,1,64,1318.97,723.21,0.875,0,0,tracked_enter,349,,,,
11-41-30.mp4,57274,654824,39149,5934,0,Bactrocera correcta,0,0,exit,-1,63,1018.02,746.15,0.853,0,0,recovered_exit,343,5779,0.909087643584457,0,1
11-41-30.mp4,57432,654982,39149,5934,0,Bactrocera correcta,0,0,enter,1,64,1061.98,779.48,0.8301,0,0,tracked_enter,350,,,,
11-41-30.mp4,57630,655180,39149,5934,0,Bactrocera correcta,0,0,exit,-1,63,1135.36,565.91,0.8975,0,0,tracked_exit,350,5934,,,
11-41-30.mp4,59098,656648,39211,5944,0,Bactrocera correcta,0,0,exit,-1,62,1014.93,750.5,0.8364,0,0,recovered_exit,314,5571,0.8812572028781815,0,1
11-41-30.mp4,59716,657266,39241,5947,0,Bactrocera correcta,0,0,exit,-1,61,1019.41,700.79,0.875,0,0,recovered_exit,315,5584,0.8491728679544506,0,1
11-41-30.mp4,60270,657820,39266,5949,0,Bactrocera correcta,0,0,enter,1,62,1141.54,597.06,0.874,0,0,tracked_enter,351,,,,
11-41-30.mp4,61355,658905,39285,5955,0,Bactrocera correcta,0,0,enter,1,63,1283.85,812.52,0.853,0,0,tracked_enter,352,,,,
11-41-30.mp4,63502,661052,39388,5965,0,Bactrocera correcta,0,0,enter,1,64,1242.12,844.48,0.7905,0,0,tracked_enter,353,,,,
11-41-30.mp4,63751,661301,39359,5961,0,Bactrocera correcta,0,0,enter,1,65,1102.53,829.2,0.8589,0,0,tracked_enter,354,,,,
11-41-30.mp4,65886,663436,39461,5979,0,Bactrocera correcta,0,0,enter,1,66,1073.19,800.92,0.8242,0,0,tracked_enter,355,,,,
11-41-30.mp4,68076,665626,39464,5981,0,Bactrocera correcta,0,0,enter,1,67,1288.97,807.44,0.8354,0,0,tracked_enter,356,,,,
11-41-30.mp4,68580,666130,39478,5983,0,Bactrocera correcta,0,0,enter,1,68,1296.2,787.15,0.8511,0,0,tracked_enter,357,,,,
11-41-30.mp4,70889,668439,39464,5981,0,Bactrocera correcta,0,0,exit,-1,67,1317.24,620.71,0.8765,0,0,tracked_exit,356,5981,,,
11-41-30.mp4,73687,671237,39793,6009,0,Bactrocera correcta,0,0,enter,1,68,1190.82,589.41,0.8511,0,0,tracked_enter,358,,,,
11-41-30.mp4,74585,672135,39805,6011,0,Bactrocera correcta,0,0,enter,1,69,1251.6,840.47,0.8643,0,0,tracked_enter,359,,,,
11-41-30.mp4,74650,672200,39805,6011,0,Bactrocera correcta,0,0,exit,-1,68,1238.89,887.48,0.8267,0,0,tracked_exit,359,6011,,,
11-41-30.mp4,74868,672418,39829,6013,0,Bactrocera correcta,0,0,enter,1,69,1233.52,847.5,0.8345,0,0,tracked_enter,360,,,,
11-41-30.mp4,76986,674536,39951,6030,0,Bactrocera correcta,0,0,enter,1,70,1297.8,796.32,0.8198,0,0,tracked_enter,361,,,,
11-41-30.mp4,77147,674697,39994,6030,0,Bactrocera correcta,0,0,exit,-1,69,1324.81,812.64,0.8472,1,5,tracked_exit,361,6030,,,
11-41-30.mp4,77186,674736,39909,6025,1,Bactrocera dorsalis,1,1,enter,1,65,1049.53,728.46,0.8521,0,0,tracked_enter,362,,,,
11-41-30.mp4,77537,675087,39994,6030,0,Bactrocera correcta,0,0,enter,1,70,1302.89,776.22,0.814,1,5,tracked_enter,363,,,,
11-41-30.mp4,77703,675253,40060,6054,0,Bactrocera correcta,0,0,enter,1,71,1295.57,664.99,0.856,0,0,tracked_enter,364,,,,
11-41-30.mp4,77747,675297,39994,6030,0,Bactrocera correcta,0,0,exit,-1,70,1317.69,824.54,0.8672,1,5,tracked_exit,363,6030,,,
11-41-30.mp4,77875,675425,39994,6030,0,Bactrocera correcta,0,0,enter,1,71,1311.46,758.83,0.8418,1,5,tracked_enter,365,,,,
11-41-30.mp4,77912,675462,39994,6030,0,Bactrocera correcta,0,0,exit,-1,70,1346.06,756.39,0.8569,1,5,tracked_exit,365,6030,,,
11-41-30.mp4,78036,675586,40060,6054,0,Bactrocera correcta,0,0,exit,-1,69,1009.62,738.17,0.8311,0,0,tracked_exit,364,6054,,,
11-41-30.mp4,78415,675965,40060,6054,0,Bactrocera correcta,0,0,enter,1,70,1063.15,782.87,0.7969,0,0,tracked_enter,366,,,,
11-41-30.mp4,79234,676784,40280,6075,1,Bactrocera dorsalis,1,1,enter,1,66,1151.78,854.44,0.8521,0,0,tracked_enter,367,,,,
11-41-30.mp4,81366,678916,40355,6096,0,Bactrocera correcta,0,0,enter,1,71,1132.98,599.99,0.8848,0,0,tracked_enter,368,,,,
11-41-30.mp4,86436,683986,40740,6156,1,Bactrocera dorsalis,0,1,exit,-1,65,1304.99,599.42,0.8418,0,0,recovered_exit,342,5829,0.9058567383441432,1,1
11-41-30.mp4,86549,684099,40769,6159,0,Bactrocera correcta,0,0,enter,1,72,1196.71,857.97,0.8569,0,0,tracked_enter,369,,,,
11-41-30.mp4,87760,685310,40903,6169,1,Bactrocera dorsalis,0,1,exit,-1,64,1319.53,625.67,0.8789,0,0,recovered_exit,231,4445,0.9032629508678423,1,1
11-41-30.mp4,87897,685447,40859,6162,1,Bactrocera dorsalis,1,1,enter,1,65,1079.76,640.36,0.8481,0,0,tracked_enter,370,,,,
11-41-30.mp4,88075,685625,40901,6168,0,Bactrocera correcta,0,0,enter,1,73,1056.94,745.04,0.7891,0,0,tracked_enter,371,,,,
11-41-30.mp4,88122,685672,40903,6169,0,Bactrocera correcta,0,0,enter,1,74,1049.68,719.45,0.8042,0,0,tracked_enter,372,,,,
11-41-30.mp4,88157,685707,40903,6169,0,Bactrocera correcta,0,0,exit,-1,73,1026.19,674.42,0.8862,0,0,tracked_exit,372,6169,,,
11-41-30.mp4,88548,686098,40956,6180,1,Bactrocera dorsalis,1,1,exit,-1,64,1276.96,863.83,0.8931,0,0,recovered_exit,292,5399,0.9013946278987335,1,1
11-41-30.mp4,89329,686879,40973,6184,1,Bactrocera dorsalis,1,1,enter,1,65,1128.64,602.53,0.7788,0,0,tracked_enter,373,,,,
11-41-30.mp4,89476,687026,40956,6180,1,Bactrocera dorsalis,1,1,enter,1,66,1281.02,630.86,0.8911,0,0,tracked_enter,374,,,,
11-41-30.mp4,89554,687104,40956,6180,1,Bactrocera dorsalis,1,1,exit,-1,65,1080.06,595.69,0.8599,0,0,tracked_exit,374,6180,,,
11-41-30.mp4,89660,687210,40956,6180,1,Bactrocera dorsalis,1,1,enter,1,66,1064.92,680.66,0.8643,0,0,tracked_enter,375,,,,
11-41-30.mp4,89766,687316,40956,6180,1,Bactrocera dorsalis,1,1,exit,-1,65,1148.25,886.8,0.8623,0,0,tracked_exit,375,6180,,,
11-41-30.mp4,89997,687547,40972,6183,0,Bactrocera correcta,0,0,enter,1,74,1100.25,618.3,0.875,0,0,tracked_enter,376,,,,
11-41-30.mp4,90258,687808,40972,6183,0,Bactrocera correcta,0,0,exit,-1,73,1112.98,574.76,0.8833,0,0,tracked_exit,376,6183,,,
11-41-30.mp4,93224,690774,41163,6210,1,Bactrocera dorsalis,1,1,enter,1,66,1224.14,595.37,0.8276,0,0,tracked_enter,377,,,,
11-41-30.mp4,93458,691008,41163,6210,1,Bactrocera dorsalis,1,1,exit,-1,65,1301.57,608.08,0.9116,0,0,tracked_exit,377,6210,,,
11-41-30.mp4,93546,691096,41163,6210,1,Bactrocera dorsalis,1,1,enter,1,66,1296.79,650.19,0.8672,0,0,tracked_enter,378,,,,
11-41-30.mp4,94186,691736,41171,6211,1,Bactrocera dorsalis,1,1,enter,1,67,1153.6,853.96,0.8682,0,0,tracked_enter,379,,,,
11-41-30.mp4,94446,691996,41200,6222,0,Bactrocera correcta,0,0,enter,1,74,1051.64,747.45,0.854,0,0,tracked_enter,380,,,,
11-41-30.mp4,96911,694461,41248,6231,1,Bactrocera dorsalis,1,1,enter,1,68,1078.93,639.88,0.8652,0,0,tracked_enter,381,,,,
11-41-30.mp4,97286,694836,41248,6231,1,Bactrocera dorsalis,1,1,exit,-1,67,1317.59,624.92,0.8931,0,0,tracked_exit,381,6231,,,
11-41-30.mp4,97945,695495,41379,6262,0,Bactrocera correcta,0,0,enter,1,75,1315.69,753.51,0.8652,0,0,tracked_enter,382,,,,
11-41-30.mp4,100373,697923,41735,6301,0,Bactrocera correcta,0,0,enter,1,76,1314.84,746.94,0.8652,0,0,tracked_enter,383,,,,
11-41-30.mp4,100390,697940,41735,6301,0,Bactrocera correcta,0,0,exit,-1,75,1348.13,698.73,0.8501,0,0,tracked_exit,383,6301,,,
11-41-30.mp4,100615,698165,41673,6294,0,Bactrocera correcta,0,0,enter,1,76,1268.1,622.88,0.8765,0,0,tracked_enter,384,,,,
11-41-30.mp4,100708,698258,41735,6301,0,Bactrocera correcta,0,0,enter,1,77,1156.58,594.41,0.876,0,0,tracked_enter,385,,,,
11-41-30.mp4,103251,700801,41916,6325,0,Bactrocera correcta,0,0,enter,1,78,1102.1,619.36,0.8335,0,0,tracked_enter,386,,,,
11-41-30.mp4,104168,701718,41985,6347,0,Bactrocera correcta,0,0,exit,-1,77,1341.88,791.52,0.873,0,0,recovered_exit,371,6168,0.9280102769109726,0,1
11-41-30.mp4,104766,702316,42065,6356,0,Bactrocera correcta,0,0,exit,-1,76,1061.35,607.04,0.8911,0,0,recovered_exit,357,5983,0.8880460043311118,0,1
11-41-30.mp4,104817,702367,42065,6356,0,Bactrocera correcta,0,0,enter,1,77,1085.14,632.68,0.8833,0,0,tracked_enter,387,,,,
11-41-30.mp4,104839,702389,41975,6343,1,Bactrocera dorsalis,1,1,enter,1,68,1105.76,829.22,0.875,0,0,tracked_enter,388,,,,
11-41-30.mp4,105199,702749,42065,6356,0,Bactrocera correcta,0,0,exit,-1,76,1033.85,652.7,0.8652,0,0,tracked_exit,387,6356,,,
11-41-30.mp4,105470,703020,42094,6365,0,Bactrocera correcta,0,0,enter,1,77,1166.32,853.77,0.8115,0,0,tracked_enter,389,,,,
11-41-30.mp4,105524,703074,42094,6365,0,Bactrocera correcta,0,0,exit,-1,76,1083.21,590.49,0.8857,0,0,tracked_exit,389,6365,,,
11-41-30.mp4,105744,703294,42094,6365,0,Bactrocera correcta,0,0,enter,1,77,1121.71,608.9,0.8696,0,0,tracked_enter,390,,,,
11-41-30.mp4,105781,703331,42094,6365,0,Bactrocera correcta,0,0,exit,-1,76,1349.5,760.36,0.854,0,0,tracked_exit,390,6365,,,
11-41-30.mp4,105845,703395,42101,6367,1,Bactrocera dorsalis,1,1,enter,1,69,1277.72,631.13,0.8706,0,0,tracked_enter,391,,,,
11-41-30.mp4,108691,706241,42230,6382,1,Bactrocera dorsalis,1,1,enter,1,70,1136.97,601.52,0.8848,0,0,tracked_enter,392,,,,
11-41-30.mp4,109646,707196,42298,6390,0,Bactrocera correcta,0,0,exit,-1,75,1020.15,702.43,0.8398,0,0,recovered_exit,336,5740,0.855209556211328,0,1
11-41-30.mp4,109674,707224,42298,6390,0,Bactrocera correcta,0,0,enter,1,76,1076.21,656.2,0.8257,0,0,tracked_enter,393,,,,
11-41-30.mp4,110954,708504,42433,6404,0,Bactrocera correcta,0,0,enter,1,77,1221.54,852.68,0.8521,1,22,tracked_enter,394,,,,
11-41-30.mp4,111418,708968,42454,6406,0,Bactrocera correcta,0,0,exit,-1,76,1330.61,645.22,0.8784,0,0,recovered_exit,393,6390,0.8710167975027621,0,1
11-41-30.mp4,112693,710243,42486,6412,0,Bactrocera correcta,0,0,enter,1,77,1309.34,681.04,0.8599,0,0,tracked_enter,395,,,,
11-41-30.mp4,114540,712090,42662,6436,1,Bactrocera dorsalis,1,1,enter,1,71,1285.05,636.4,0.8955,0,0,tracked_enter,396,,,,
11-41-30.mp4,114982,712532,42724,6441,0,Bactrocera correcta,0,0,enter,1,78,1058.36,771.49,0.8521,0,0,tracked_enter,397,,,,
11-41-30.mp4,115055,712605,42657,6435,0,Bactrocera correcta,0,0,enter,1,79,1301.68,658.68,0.8652,0,0,tracked_enter,398,,,,
11-41-30.mp4,122019,719569,43117,6496,0,Bactrocera correcta,0,0,enter,1,80,1276.08,822.03,0.8765,0,0,tracked_enter,399,,,,
11-41-30.mp4,122257,719807,43080,6491,0,Bactrocera correcta,0,0,enter,1,81,1314.99,699.6,0.8613,0,0,tracked_enter,400,,,,
11-41-30.mp4,122543,720093,43174,6510,1,Bactrocera dorsalis,0,1,exit,-1,70,1181.18,557.25,0.9048,0,0,recovered_exit,328,5674,0.9097247181962747,1,1
11-41-30.mp4,122660,720210,43176,6511,1,Bactrocera dorsalis,1,1,enter,1,71,1237.57,600.34,0.8696,0,0,tracked_enter,401,,,,
11-41-30.mp4,123230,720780,43176,6511,1,Bactrocera dorsalis,1,1,exit,-1,70,1345.56,658.89,0.8438,0,0,tracked_exit,401,6511,,,
11-41-30.mp4,123871,721421,43130,6498,0,Bactrocera correcta,0,0,enter,1,82,1283.58,813.87,0.8623,0,0,tracked_enter,402,,,,
11-41-30.mp4,124168,721718,43130,6498,0,Bactrocera correcta,0,0,exit,-1,81,1204.79,554.56,0.8784,0,0,tracked_exit,402,6498,,,
11-41-30.mp4,125706,723256,43349,6543,0,Bactrocera correcta,0,0,enter,1,82,1062.27,667.76,0.8418,0,0,tracked_enter,403,,,,
11-41-30.mp4,126189,723739,43403,6543,0,Bactrocera correcta,0,0,exit,-1,81,1080.66,859.48,0.853,1,2,tracked_exit,403,6543,,,
11-41-30.mp4,126203,723753,43401,6548,1,Bactrocera dorsalis,1,1,enter,1,71,1180.27,590.99,0.9048,0,0,tracked_enter,404,,,,
11-41-30.mp4,126231,723781,43346,6542,0,Bactrocera correcta,0,0,enter,1,82,1221.11,853.74,0.8633,0,0,tracked_enter,405,,,,
11-41-30.mp4,127048,724598,43403,6543,0,Bactrocera correcta,0,0,enter,1,83,1052.39,749.66,0.8345,1,2,tracked_enter,406,,,,
11-41-30.mp4,127951,725501,43449,6562,1,Bactrocera dorsalis,1,1,enter,1,72,1049.82,710.84,0.8726,0,0,tracked_enter,407,,,,
11-41-30.mp4,127977,725527,43528,6576,1,Bactrocera dorsalis,1,1,enter,1,73,1175.67,858.65,0.8418,0,0,tracked_enter,408,,,,
11-41-30.mp4,128255,725805,43528,6576,1,Bactrocera dorsalis,1,1,exit,-1,72,1349.79,696.62,0.8457,0,0,tracked_exit,408,6576,,,
11-41-30.mp4,134820,732370,43841,6610,1,Bactrocera dorsalis,1,1,enter,1,73,1294.88,651.62,0.8857,0,0,tracked_enter,409,,,,
11-41-30.mp4,134878,732428,43841,6610,1,Bactrocera dorsalis,1,1,exit,-1,72,1251.56,571.68,0.9092,0,0,tracked_exit,409,6610,,,
11-41-30.mp4,134892,732442,43841,6610,1,Bactrocera dorsalis,1,1,enter,1,73,1209.77,592.46,0.8843,0,0,tracked_enter,410,,,,
11-41-30.mp4,135037,732587,43841,6610,1,Bactrocera dorsalis,1,1,exit,-1,72,1029.87,663.27,0.8345,0,0,tracked_exit,410,6610,,,
11-41-30.mp4,135203,732753,43841,6610,1,Bactrocera dorsalis,1,1,enter,1,73,1121.23,842.71,0.8999,0,0,tracked_enter,411,,,,
11-41-30.mp4,135309,732859,43841,6610,1,Bactrocera dorsalis,1,1,exit,-1,72,1271.4,865.43,0.8833,0,0,tracked_exit,411,6610,,,
11-41-30.mp4,135353,732903,43841,6610,1,Bactrocera dorsalis,1,1,enter,1,73,1305.05,762.73,0.8662,0,0,tracked_enter,412,,,,
11-41-30.mp4,135427,732977,43841,6610,1,Bactrocera dorsalis,1,1,exit,-1,72,1349.38,707.42,0.8696,0,0,tracked_exit,412,6610,,,
11-41-30.mp4,135531,733081,43841,6610,1,Bactrocera dorsalis,1,1,enter,1,73,1279.08,629.18,0.8774,0,0,tracked_enter,413,,,,
11-41-30.mp4,135689,733239,43841,6610,1,Bactrocera dorsalis,1,1,exit,-1,72,1052.19,617.22,0.8984,0,0,tracked_exit,413,6610,,,
11-41-30.mp4,136627,734177,43913,6621,0,Bactrocera correcta,0,0,enter,1,84,1265.29,830.11,0.8633,0,0,tracked_enter,414,,,,
11-41-30.mp4,136643,734193,43859,6612,1,Bactrocera dorsalis,1,1,enter,1,73,1120.61,606.67,0.9014,0,0,tracked_enter,415,,,,
11-41-30.mp4,136745,734295,43913,6621,0,Bactrocera correcta,0,0,exit,-1,83,1349.38,689.87,0.8408,0,0,tracked_exit,414,6621,,,
11-41-30.mp4,136779,734329,43913,6621,0,Bactrocera correcta,0,0,enter,1,84,1260.16,613.11,0.8696,0,0,tracked_enter,416,,,,
11-41-30.mp4,136809,734359,43913,6621,0,Bactrocera correcta,0,0,exit,-1,83,1081.02,592.72,0.8481,0,0,tracked_exit,416,6621,,,
11-41-30.mp4,139919,737469,44231,6657,0,Bactrocera correcta,0,0,enter,1,84,1315.31,729.38,0.8784,0,0,tracked_enter,417,,,,
11-41-30.mp4,141869,739419,44293,6666,0,Bactrocera correcta,0,0,enter,1,85,1228.7,851.11,0.8374,0,0,tracked_enter,418,,,,
11-41-30.mp4,142268,739818,44320,6667,0,Bactrocera correcta,0,0,enter,1,86,1137.15,598.48,0.8818,1,28,tracked_enter,419,,,,
11-41-30.mp4,142383,739933,44320,6667,0,Bactrocera correcta,0,0,exit,-1,85,1104.89,579.16,0.8789,1,28,tracked_exit,419,6667,,,
11-41-30.mp4,142403,739953,44322,6657,0,Bactrocera correcta,0,0,exit,-1,84,1336.79,649.93,0.8809,1,12,tracked_exit,417,6657,,,
11-41-30.mp4,142468,740018,44320,6667,0,Bactrocera correcta,0,0,enter,1,85,1111.56,615.67,0.8633,1,28,tracked_enter,420,,,,
11-41-30.mp4,142604,740154,44320,6667,0,Bactrocera correcta,0,0,exit,-1,84,1023.8,662.36,0.8716,1,28,tracked_exit,420,6667,,,
11-41-30.mp4,143061,740611,44320,6667,0,Bactrocera correcta,0,0,enter,1,85,1051.77,721.95,0.8438,1,28,tracked_enter,421,,,,
11-41-30.mp4,145263,742813,44491,6701,0,Bactrocera correcta,0,0,exit,-1,84,1026.74,796.54,0.8198,0,0,recovered_exit,400,6491,0.963498533420784,0,1
11-41-30.mp4,145770,743320,44519,6706,1,Bactrocera dorsalis,1,1,enter,1,74,1116.11,608.75,0.8901,1,14,tracked_enter,422,,,,
11-41-30.mp4,146685,744235,44519,6706,1,Bactrocera dorsalis,0,1,exit,-1,73,1028.58,651.42,0.8599,1,14,tracked_exit,422,6706,,,
11-41-30.mp4,147639,745189,44660,6721,0,Bactrocera correcta,0,0,enter,1,85,1051.46,713.06,0.8364,0,0,tracked_enter,423,,,,
11-41-30.mp4,147725,745275,44676,6726,0,Bactrocera correcta,0,0,enter,1,86,1077.49,804.24,0.8188,0,0,tracked_enter,424,,,,
11-41-30.mp4,148488,746038,44790,6736,1,Bactrocera dorsalis,1,1,enter,1,74,1050.93,727.92,0.874,0,0,tracked_enter,425,,,,
11-41-30.mp4,149833,747383,44641,6719,1,Bactrocera dorsalis,1,1,enter,1,75,1151.93,594.61,0.8862,0,0,tracked_enter,426,,,,
11-41-30.mp4,150061,747611,44881,6762,0,Bactrocera correcta,0,0,enter,1,87,1152.42,854.35,0.8311,0,0,tracked_enter,427,,,,
11-41-30.mp4,150066,747616,44877,6759,0,Bactrocera correcta,1,0,enter,1,88,1152.12,853.25,0.4551,0,0,tracked_enter,428,,,,
11-41-30.mp4,151012,748562,44938,6771,1,Bactrocera dorsalis,0,1,enter,1,76,1146.5,852.06,0.8115,1,10,tracked_enter,429,,,,
11-41-30.mp4,152511,750061,45018,6783,1,Bactrocera dorsalis,1,1,enter,1,77,1300.2,660.9,0.8174,0,0,tracked_enter,430,,,,
11-41-30.mp4,152544,750094,45018,6783,1,Bactrocera dorsalis,1,1,exit,-1,76,1301.89,598.96,0.8916,0,0,tracked_exit,430,6783,,,
11-41-30.mp4,152727,750277,45146,6804,0,Bactrocera correcta,0,0,enter,1,89,1303.61,676.67,0.813,1,11,tracked_enter,431,,,,
11-41-30.mp4,154674,752224,45240,6820,0,Bactrocera correcta,0,0,exit,-1,88,1119.21,879.94,0.8882,0,0,recovered_exit,423,6721,0.884053060324907,0,1
11-41-30.mp4,157271,754821,45397,6840,0,Bactrocera correcta,0,0,enter,1,89,1306.8,777.98,0.8447,1,2,tracked_enter,432,,,,
11-41-30.mp4,161410,758960,45510,6855,0,Bactrocera correcta,0,0,exit,-1,88,1304.5,608.84,0.8823,0,0,recovered_exit,427,6762,0.9125244847130216,0,1
11-41-30.mp4,162072,759622,45573,6864,0,Bactrocera correcta,0,0,enter,1,89,1131.45,846.47,0.8818,0,0,tracked_enter,433,,,,
11-41-30.mp4,162102,759652,45573,6864,0,Bactrocera correcta,0,0,exit,-1,88,1022.57,674.83,0.8706,0,0,tracked_exit,433,6864,,,
11-41-30.mp4,163603,761153,45712,6882,1,Bactrocera dorsalis,1,1,enter,1,77,1251.93,839.54,0.8882,0,0,tracked_enter,434,,,,
11-41-30.mp4,163617,761167,45712,6882,1,Bactrocera dorsalis,1,1,exit,-1,76,1174.24,889.36,0.8652,0,0,tracked_exit,434,6882,,,
11-41-30.mp4,163630,761180,45712,6882,1,Bactrocera dorsalis,1,1,enter,1,77,1116.01,833.88,0.8623,0,0,tracked_enter,435,,,,
11-41-30.mp4,163942,761492,45730,6885,1,Bactrocera dorsalis,0,1,enter,1,78,1065.61,788.39,0.7734,0,0,tracked_enter,436,,,,
11-41-30.mp4,163949,761499,45730,6885,1,Bactrocera dorsalis,0,1,exit,-1,77,1036.88,807.27,0.8765,0,0,tracked_exit,436,6885,,,
11-41-30.mp4,165003,762553,45509,6854,0,Bactrocera correcta,0,0,exit,-1,87,1368.59,762.14,0.8428,0,0,recovered_exit,397,6441,0.852837277286906,0,1
11-41-30.mp4,165310,762860,45709,6881,0,Bactrocera correcta,0,0,enter,1,88,1053.44,755.68,0.8696,0,0,tracked_enter,437,,,,
11-41-30.mp4,165586,763136,45709,6881,0,Bactrocera correcta,0,0,exit,-1,87,1245.89,880.41,0.873,0,0,tracked_exit,437,6881,,,
11-41-30.mp4,167636,765186,45709,6881,0,Bactrocera correcta,0,0,enter,1,88,1240.3,601.38,0.8511,0,0,tracked_enter,438,,,,
11-41-30.mp4,168541,766091,45959,6911,0,Bactrocera correcta,0,0,exit,-1,87,1239.22,565.82,0.8955,0,0,recovered_exit,418,6666,0.8752225658777764,0,1
11-41-30.mp4,170274,767824,46201,6932,0,Bactrocera correcta,0,0,enter,1,88,1317.68,729.52,0.8774,1,24,tracked_enter,439,,,,
11-41-30.mp4,170300,767850,46195,6931,0,Bactrocera correcta,0,0,enter,1,89,1314.41,710.78,0.8438,0,0,tracked_enter,440,,,,
11-41-30.mp4,170975,768525,46201,6932,0,Bactrocera correcta,0,1,exit,-1,88,1022.44,761.57,0.8511,1,24,tracked_exit,439,6932,,,
11-41-30.mp4,172384,769934,46377,6953,0,Bactrocera correcta,0,0,exit,-1,87,1033.25,656.67,0.8608,0,0,recovered_exit,395,6412,0.8410810717205299,0,1
11-41-30.mp4,172405,769955,46377,6953,0,Bactrocera correcta,0,0,enter,1,88,1054.93,717.82,0.8301,0,0,tracked_enter,441,,,,
11-41-30.mp4,172778,770328,46383,6956,0,Bactrocera correcta,0,0,enter,1,89,1051.29,746.97,0.8472,0,0,tracked_enter,442,,,,
11-41-30.mp4,177130,774680,46515,6973,0,Bactrocera correcta,0,0,enter,1,90,1225.51,597.66,0.8354,0,0,tracked_enter,443,,,,
11-41-30.mp4,177964,775514,46527,6978,0,Bactrocera correcta,0,0,enter,1,91,1196.88,858.31,0.853,0,0,tracked_enter,444,,,,
11-41-30.mp4,178057,775607,46539,6981,1,Bactrocera dorsalis,1,1,enter,1,78,1215.25,593.13,0.8398,0,0,tracked_enter,445,,,,
11-41-30.mp4,180338,777888,46689,7008,0,Bactrocera correcta,0,0,enter,1,92,1250.44,607.01,0.875,0,0,tracked_enter,446,,,,
11-41-30.mp4,180343,777893,46689,7008,0,Bactrocera correcta,0,0,exit,-1,91,1296.64,603.05,0.8931,0,0,tracked_exit,446,7008,,,
11-41-30.mp4,180720,778270,46709,7015,1,Bactrocera dorsalis,1,1,enter,1,79,1097.89,627.33,0.8823,0,0,tracked_enter,447,,,,
11-41-30.mp4,180834,778384,46709,7015,1,Bactrocera dorsalis,1,1,exit,-1,78,1307.85,604.51,0.8843,0,0,tracked_exit,447,7015,,,
11-41-30.mp4,180918,778468,46709,7015,1,Bactrocera dorsalis,1,1,enter,1,79,1213.29,849.09,0.8311,0,0,tracked_enter,448,,,,
11-41-30.mp4,180981,778531,46709,7015,1,Bactrocera dorsalis,1,1,exit,-1,78,1046.37,820.46,0.8643,0,0,tracked_exit,448,7015,,,
11-41-30.mp4,181505,779055,46774,7021,0,Bactrocera correcta,0,0,enter,1,92,1080.73,637.81,0.876,0,0,tracked_enter,449,,,,
11-41-30.mp4,182062,779612,46707,7005,0,Bactrocera correcta,0,0,enter,1,93,1261.88,613.86,0.8765,1,24,tracked_enter,450,,,,
11-41-30.mp4,185481,783031,47015,7054,0,Bactrocera correcta,0,0,exit,-1,92,1208.62,558.48,0.9048,0,0,recovered_exit,441,6953,0.8846631489515306,0,1
11-41-30.mp4,185489,783039,47015,7054,0,Bactrocera correcta,0,0,enter,1,93,1198.88,592.13,0.8809,0,0,tracked_enter,451,,,,
11-41-30.mp4,186094,783644,47023,7058,0,Bactrocera correcta,0,0,exit,-1,92,1106.02,578.05,0.876,0,0,recovered_exit,369,6159,0.8542604149180473,0,1
11-41-30.mp4,186432,783982,47045,7061,0,Bactrocera correcta,0,0,enter,1,93,1051.4,742.8,0.8232,0,0,tracked_enter,452,,,,
11-41-30.mp4,186530,784080,47061,7064,0,Bactrocera correcta,0,0,enter,1,94,1233.76,599.98,0.8389,0,0,tracked_enter,453,,,,
11-41-30.mp4,195233,792783,47392,7116,0,Bactrocera correcta,0,0,exit,-1,93,1171.92,557.55,0.8682,0,0,recovered_exit,440,6931,0.8539632956908201,0,1
11-41-30.mp4,195394,792944,47358,7109,0,Bactrocera correcta,0,0,enter,1,94,1313.08,760.12,0.8438,1,2,tracked_enter,454,,,,
11-41-30.mp4,199452,797002,47597,7143,0,Bactrocera correcta,0,0,exit,-1,93,1218.41,560.39,0.8569,1,2,recovered_exit,405,6542,0.833158686484712,0,1
11-41-30.mp4,199459,797009,47539,7142,1,Bactrocera dorsalis,1,1,enter,1,79,1245.75,842.22,0.8608,0,0,tracked_enter,455,,,,
12-41-30.mp4,1323,800520,47994,7190,0,Bactrocera correcta,0,0,enter,1,94,1219.29,596.69,0.8364,0,0,tracked_enter,456,,,,
12-41-30.mp4,1649,800846,48043,7201,0,Bactrocera correcta,0,0,exit,-1,93,1105.94,575.73,0.8955,0,0,recovered_exit,456,7190,0.9434674531512008,0,1
12-41-30.mp4,2043,801240,48043,7201,0,Bactrocera correcta,0,0,enter,1,94,1153.48,595.98,0.8662,0,0,tracked_enter,457,,,,
12-41-30.mp4,2069,801266,48043,7201,0,Bactrocera correcta,0,0,exit,-1,93,1315.93,610.88,0.8823,0,0,tracked_exit,457,7201,,,
12-41-30.mp4,2235,801432,48043,7201,0,Bactrocera correcta,0,0,enter,1,94,1311.68,763.4,0.8643,0,0,tracked_enter,458,,,,
12-41-30.mp4,2470,801667,48043,7201,0,Bactrocera correcta,0,0,exit,-1,93,1319.28,821.44,0.8223,0,0,tracked_exit,458,7201,,,
12-41-30.mp4,2842,802039,48043,7201,0,Bactrocera correcta,0,0,enter,1,94,1311.0,763.24,0.8662,0,0,tracked_enter,459,,,,
12-41-30.mp4,2918,802115,48043,7201,0,Bactrocera correcta,0,0,exit,-1,93,1331.82,800.1,0.8818,0,0,tracked_exit,459,7201,,,
12-41-30.mp4,14058,813255,48613,7277,0,Bactrocera correcta,0,0,enter,1,94,1117.83,841.65,0.895,0,0,tracked_enter,460,,,,
12-41-30.mp4,14376,813573,48619,7280,0,Bactrocera correcta,0,0,enter,1,95,1096.27,826.23,0.8472,0,0,tracked_enter,461,,,,
12-41-30.mp4,15629,814826,48674,7294,0,Bactrocera correcta,0,0,enter,1,96,1127.58,846.63,0.855,0,0,tracked_enter,462,,,,
12-41-30.mp4,15636,814833,48716,7298,0,Bactrocera correcta,1,0,enter,1,97,1276.3,796.99,0.3647,0,0,tracked_enter,463,,,,
12-41-30.mp4,15816,815013,48734,7304,0,Bactrocera correcta,1,0,enter,1,98,1251.63,840.63,0.6582,1,1,tracked_enter,464,,,,
12-41-30.mp4,16353,815550,48776,7310,1,Bactrocera dorsalis,1,1,enter,1,80,1248.81,613.3,0.8887,0,0,tracked_enter,465,,,,
12-41-30.mp4,21204,820401,48941,7331,0,Bactrocera correcta,0,0,exit,-1,97,1278.48,861.22,0.8633,0,0,recovered_exit,464,7304,0.8429125948030531,0,1
12-41-30.mp4,23289,822486,49017,7339,1,Bactrocera dorsalis,1,1,enter,1,81,1168.8,598.9,0.853,0,0,tracked_enter,466,,,,
12-41-30.mp4,27850,827047,49109,7349,1,Bactrocera dorsalis,1,1,exit,-1,80,1097.01,866.07,0.8672,0,0,recovered_exit,333,5741,0.902376316704774,1,1
12-41-30.mp4,27890,827087,49109,7349,1,Bactrocera dorsalis,1,1,enter,1,81,1094.69,823.72,0.8823,0,0,tracked_enter,467,,,,
12-41-30.mp4,31544,830741,49087,7346,0,Bactrocera correcta,0,0,enter,1,98,1173.16,592.09,0.8916,0,0,tracked_enter,468,,,,
12-41-30.mp4,32552,831749,49087,7346,0,Bactrocera correcta,1,0,exit,-1,97,1040.23,621.67,0.832,0,0,tracked_exit,468,7346,,,
12-41-30.mp4,32616,831813,49087,7346,0,Bactrocera correcta,0,0,enter,1,98,1057.29,718.34,0.793,0,0,tracked_enter,469,,,,
12-41-30.mp4,35776,834973,49439,7379,0,Bactrocera correcta,0,0,enter,1,99,1058.95,678.38,0.8843,0,0,tracked_enter,470,,,,
12-41-30.mp4,36747,835944,49440,7380,0,Bactrocera correcta,0,0,exit,-1,98,1014.51,711.22,0.8774,0,0,recovered_exit,382,6262,0.8558404629102367,0,1
12-41-30.mp4,36833,836030,49440,7380,0,Bactrocera correcta,0,0,enter,1,99,1091.33,633.06,0.8579,0,0,tracked_enter,471,,,,
12-41-30.mp4,42194,841391,49600,7400,0,Bactrocera correcta,0,0,enter,1,100,1099.73,828.9,0.8716,1,7,tracked_enter,472,,,,
12-41-30.mp4,45003,844200,49835,7427,1,Bactrocera dorsalis,1,1,enter,1,82,1079.8,807.2,0.8848,0,0,tracked_enter,473,,,,
12-41-30.mp4,45046,844243,49835,7427,1,Bactrocera dorsalis,1,1,exit,-1,81,1152.96,890.08,0.8774,0,0,tracked_exit,473,7427,,,
12-41-30.mp4,45085,844282,49839,7428,0,Bactrocera correcta,0,0,enter,1,101,1052.54,734.33,0.8696,0,0,tracked_enter,474,,,,
12-41-30.mp4,45171,844368,49849,7430,0,Bactrocera correcta,0,0,enter,1,102,1081.9,637.77,0.832,0,0,tracked_enter,475,,,,
12-41-30.mp4,47314,846511,49871,7435,0,Bactrocera correcta,0,0,enter,1,103,1130.49,847.26,0.8042,0,0,tracked_enter,476,,,,
12-41-30.mp4,48682,847879,49900,7440,0,Bactrocera correcta,0,0,enter,1,104,1307.78,670.88,0.8501,0,0,tracked_enter,477,,,,
12-41-30.mp4,52795,851992,49984,7456,0,Bactrocera correcta,0,0,enter,1,105,1069.23,791.87,0.7852,0,0,tracked_enter,478,,,,
12-41-30.mp4,52982,852179,50027,7465,0,Bactrocera correcta,1,0,enter,1,106,1069.2,763.72,0.626,0,0,tracked_enter,479,,,,
12-41-30.mp4,55638,854835,50169,7489,0,Bactrocera correcta,0,0,enter,1,107,1251.57,611.35,0.8579,1,3,tracked_enter,480,,,,
12-41-30.mp4,55811,855008,50150,7485,0,Bactrocera correcta,0,0,enter,1,108,1285.08,639.05,0.8115,1,1,tracked_enter,481,,,,
12-41-30.mp4,57861,857058,50298,7524,0,Bactrocera correcta,0,0,enter,1,109,1055.5,700.63,0.7417,0,0,tracked_enter,482,,,,
12-41-30.mp4,58880,858077,50372,7532,1,Bactrocera dorsalis,1,1,enter,1,82,1293.08,655.03,0.873,1,2,tracked_enter,483,,,,
12-41-30.mp4,58925,858122,50372,7532,1,Bactrocera dorsalis,1,1,exit,-1,81,1332.79,651.79,0.8472,1,2,tracked_exit,483,7532,,,
12-41-30.mp4,63894,863091,50562,7587,1,Bactrocera dorsalis,1,1,enter,1,82,1272.38,625.55,0.8862,0,0,tracked_enter,484,,,,
12-41-30.mp4,69251,868448,50767,7620,0,Bactrocera correcta,0,0,exit,-1,108,1199.0,895.95,0.8276,0,0,recovered_exit,480,7489,0.8912991671165504,0,1
12-41-30.mp4,69483,868680,50759,7619,1,Bactrocera dorsalis,1,1,enter,1,83,1161.22,856.36,0.8457,0,0,tracked_enter,485,,,,
12-41-30.mp4,69898,869095,50792,7625,0,Bactrocera correcta,0,0,enter,1,109,1268.54,621.03,0.8843,0,0,tracked_enter,486,,,,
12-41-30.mp4,74511,873708,50872,7642,0,Bactrocera correcta,0,0,exit,-1,108,1076.66,597.92,0.8418,0,0,recovered_exit,479,7465,0.9268099281404754,0,1
12-41-30.mp4,77887,877084,50900,7654,0,Bactrocera correcta,0,0,enter,1,109,1135.31,599.5,0.8789,0,0,tracked_enter,487,,,,
12-41-30.mp4,78070,877267,50900,7654,0,Bactrocera correcta,0,1,exit,-1,108,1024.67,672.63,0.9048,0,0,tracked_exit,487,7654,,,
12-41-30.mp4,79139,878336,50904,7656,0,Bactrocera correcta,0,0,exit,-1,107,1109.98,576.26,0.8682,0,0,recovered_exit,481,7485,0.9236787275179998,0,1
12-41-30.mp4,81300,880497,50960,7666,1,Bactrocera dorsalis,0,1,enter,1,84,1206.28,601.11,0.8164,1,1,tracked_enter,488,,,,
12-41-30.mp4,81312,880509,50963,7666,1,Bactrocera dorsalis,1,1,exit,-1,83,1403.45,825.81,0.6299,1,12,tracked_exit,488,7666,,,
12-41-30.mp4,81490,880687,51018,7668,0,Bactrocera correcta,0,0,enter,1,108,1312.73,733.22,0.875,0,0,tracked_enter,489,,,,
12-41-30.mp4,81514,880711,50987,7663,0,Bactrocera correcta,0,0,enter,1,109,1143.76,605.26,0.8599,1,18,tracked_enter,490,,,,
12-41-30.mp4,81938,881135,51037,7670,1,Bactrocera dorsalis,1,1,enter,1,84,1205.64,592.19,0.6655,0,0,tracked_enter,491,,,,
12-41-30.mp4,81986,881183,50987,7663,0,Bactrocera correcta,0,0,exit,-1,108,1351.17,731.65,0.8447,1,18,tracked_exit,490,7663,,,
12-41-30.mp4,82108,881305,50987,7663,0,Bactrocera correcta,0,0,enter,1,109,1306.7,678.21,0.8457,1,18,tracked_enter,492,,,,
12-41-30.mp4,82743,881940,51058,7680,1,Bactrocera dorsalis,1,1,enter,1,85,1153.54,594.09,0.8633,0,0,tracked_enter,493,,,,
12-41-30.mp4,83062,882259,51053,7676,0,Bactrocera correcta,0,0,exit,-1,108,1042.93,811.38,0.8579,0,0,recovered_exit,474,7428,0.8441524107675227,0,1
12-41-30.mp4,83115,882312,51053,7676,0,Bactrocera correcta,0,0,enter,1,109,1163.9,854.63,0.8599,0,0,tracked_enter,494,,,,
12-41-30.mp4,83535,882732,51071,7683,0,Bactrocera correcta,0,0,exit,-1,108,1271.21,866.21,0.8643,0,0,recovered_exit,318,5633,0.8553186973154225,0,1
12-41-30.mp4,84167,883364,51071,7683,0,Bactrocera correcta,0,0,enter,1,109,1268.69,623.48,0.9004,0,0,tracked_enter,495,,,,
12-41-30.mp4,85704,884901,51098,7692,0,Bactrocera correcta,0,0,exit,-1,108,1295.39,597.81,0.8833,0,0,recovered_exit,482,7524,0.8251227661666729,0,1
12-41-30.mp4,85916,885113,51098,7692,0,Bactrocera correcta,0,0,enter,1,109,1249.34,607.29,0.8706,0,0,tracked_enter,496,,,,
12-41-30.mp4,86221,885418,51104,7693,0,Bactrocera correcta,0,0,exit,-1,108,1348.1,705.44,0.8833,0,0,recovered_exit,431,6804,0.824642922426728,0,1
12-41-30.mp4,87215,886412,51104,7693,0,Bactrocera correcta,0,0,enter,1,109,1300.61,787.23,0.8672,0,0,tracked_enter,497,,,,
12-41-30.mp4,87319,886516,51104,7693,0,Bactrocera correcta,0,0,exit,-1,108,1229.7,564.78,0.897,0,0,tracked_exit,497,7693,,,
12-41-30.mp4,90163,889360,51247,7718,0,Bactrocera correcta,0,0,enter,1,109,1309.28,674.02,0.876,0,0,tracked_enter,498,,,,
12-41-30.mp4,91802,890999,51351,7731,0,Bactrocera correcta,0,0,enter,1,110,1210.96,854.55,0.8818,1,7,tracked_enter,499,,,,
12-41-30.mp4,92097,891294,51367,7735,1,Bactrocera dorsalis,1,1,enter,1,86,1318.19,734.09,0.8696,0,0,tracked_enter,500,,,,
12-41-30.mp4,92184,891381,51367,7735,1,Bactrocera dorsalis,1,1,exit,-1,85,1336.4,655.23,0.8682,0,0,tracked_exit,500,7735,,,
12-41-30.mp4,92290,891487,51386,7737,0,Bactrocera correcta,0,0,exit,-1,109,1349.73,687.24,0.8652,0,0,recovered_exit,486,7625,0.8433565238441716,0,1
12-41-30.mp4,93196,892393,51444,7741,0,Bactrocera correcta,0,0,enter,1,110,1173.49,858.15,0.875,0,0,tracked_enter,501,,,,
12-41-30.mp4,95977,895174,51609,7754,1,Bactrocera dorsalis,1,1,enter,1,86,1116.73,612.13,0.9028,0,0,tracked_enter,502,,,,
12-41-30.mp4,96173,895370,51609,7754,1,Bactrocera dorsalis,1,1,exit,-1,85,1022.6,764.91,0.8457,0,0,tracked_exit,502,7754,,,
12-41-30.mp4,96270,895467,51609,7754,1,Bactrocera dorsalis,1,1,enter,1,86,1089.21,817.83,0.9058,0,0,tracked_enter,503,,,,
12-41-30.mp4,96360,895557,51609,7754,1,Bactrocera dorsalis,1,1,exit,-1,85,1146.53,885.19,0.873,0,0,tracked_exit,503,7754,,,
12-41-30.mp4,96449,895646,51609,7754,1,Bactrocera dorsalis,1,1,enter,1,86,1236.86,846.75,0.8696,0,0,tracked_enter,504,,,,
12-41-30.mp4,96484,895681,51609,7754,1,Bactrocera dorsalis,1,1,exit,-1,85,1254.7,874.58,0.8774,0,0,tracked_exit,504,7754,,,
12-41-30.mp4,100838,900035,51720,7768,1,Bactrocera dorsalis,1,1,enter,1,86,1050.91,709.83,0.8687,0,0,tracked_enter,505,,,,
12-41-30.mp4,108892,908089,51955,7784,0,Bactrocera correcta,0,0,enter,1,111,1267.9,624.41,0.855,0,0,tracked_enter,506,,,,
12-41-30.mp4,111265,910462,52038,7794,0,Bactrocera correcta,0,0,enter,1,112,1101.48,619.57,0.8491,0,0,tracked_enter,507,,,,
12-41-30.mp4,111315,910512,52038,7794,0,Bactrocera correcta,0,0,exit,-1,111,1016.99,731.72,0.8687,0,0,tracked_exit,507,7794,,,
12-41-30.mp4,122825,922022,52300,7825,0,Bactrocera correcta,0,0,enter,1,112,1178.3,858.39,0.8696,0,0,tracked_enter,508,,,,
12-41-30.mp4,124346,923543,52360,7834,0,Bactrocera correcta,0,0,enter,1,113,1112.62,616.45,0.8457,0,0,tracked_enter,509,,,,
12-41-30.mp4,126686,925883,52475,7849,0,Bactrocera correcta,0,0,enter,1,114,1152.4,593.03,0.897,0,0,tracked_enter,510,,,,
12-41-30.mp4,126941,926138,52475,7849,0,Bactrocera correcta,0,0,exit,-1,113,1204.48,557.06,0.8672,0,0,tracked_exit,510,7849,,,
12-41-30.mp4,127132,926329,52463,7846,0,Bactrocera correcta,0,0,exit,-1,112,1093.68,583.79,0.8896,0,0,recovered_exit,499,7731,0.8685325488154214,0,1
12-41-30.mp4,127189,926386,52463,7846,0,Bactrocera correcta,0,0,enter,1,113,1061.3,667.97,0.8335,0,0,tracked_enter,511,,,,
12-41-30.mp4,128141,927338,52586,7865,0,Bactrocera correcta,0,0,enter,1,114,1162.02,855.35,0.8716,0,0,tracked_enter,512,,,,
12-41-30.mp4,128897,928094,52599,7866,0,Bactrocera correcta,0,0,enter,1,115,1277.16,821.48,0.8818,0,0,tracked_enter,513,,,,
12-41-30.mp4,129233,928430,52599,7866,0,Bactrocera correcta,0,0,exit,-1,114,1254.33,873.54,0.8623,0,0,tracked_exit,513,7866,,,
12-41-30.mp4,129535,928732,52599,7866,0,Bactrocera correcta,0,0,enter,1,115,1248.72,842.4,0.8774,0,0,tracked_enter,514,,,,
12-41-30.mp4,129602,928799,52599,7866,0,Bactrocera correcta,0,0,exit,-1,114,1267.49,870.13,0.8623,0,0,tracked_exit,514,7866,,,
12-41-30.mp4,130230,929427,52599,7866,0,Bactrocera correcta,0,0,enter,1,115,1215.92,852.93,0.855,0,0,tracked_enter,515,,,,
12-41-30.mp4,130312,929509,52599,7866,0,Bactrocera correcta,0,0,exit,-1,114,1187.77,889.98,0.8242,0,0,tracked_exit,515,7866,,,
12-41-30.mp4,130555,929752,52654,7881,0,Bactrocera correcta,0,0,enter,1,115,1091.36,819.83,0.8784,0,0,tracked_enter,516,,,,
12-41-30.mp4,132893,932090,52724,7893,0,Bactrocera correcta,0,0,exit,-1,114,1036.4,797.82,0.8613,0,0,recovered_exit,349,5929,0.8639812684618298,0,1
12-41-30.mp4,133420,932617,52779,7904,0,Bactrocera correcta,0,0,exit,-1,113,1045.71,819.05,0.8511,0,0,recovered_exit,368,6096,0.832715023043402,0,1
12-41-30.mp4,133450,932647,52779,7904,0,Bactrocera correcta,0,0,enter,1,114,1103.44,830.11,0.856,0,0,tracked_enter,517,,,,
13-36-17.mp4,1669,935599,52949,7939,0,Bactrocera correcta,0,0,enter,1,115,1051.5,741.51,0.8501,0,0,tracked_enter,518,,,,
13-36-17.mp4,1747,935677,52949,7939,0,Bactrocera correcta,0,0,exit,-1,114,1204.47,890.15,0.8579,0,0,tracked_exit,518,7939,,,
13-36-17.mp4,1798,935728,52949,7939,0,Bactrocera correcta,1,0,enter,1,115,1253.6,838.97,0.4648,0,0,tracked_enter,519,,,,
13-36-17.mp4,1893,935823,52973,7941,0,Bactrocera correcta,0,0,enter,1,116,1312.83,686.43,0.895,0,0,tracked_enter,520,,,,
13-36-17.mp4,2214,936144,52973,7941,0,Bactrocera correcta,0,0,exit,-1,115,1193.11,893.99,0.8521,0,0,tracked_exit,520,7941,,,
13-36-17.mp4,4459,938389,53284,7961,0,Bactrocera correcta,0,0,enter,1,116,1317.03,732.56,0.8784,0,0,tracked_enter,521,,,,
