video,video_frame,global_frame,track_id,logical_track_id,cls_id,class_name,detected_cls_id,voted_cls_id,direction,delta,count_after,center_x,center_y,conf,stitched,stitch_gap_frames,event_reason,recovery_mode,occupancy_token_id,recovered_from_logical_id,recovery_score,recovery_track_class_id,recovery_class_match
08-41-24.mp4,2823,2823,12,2,1,Bactrocera dorsalis,1,1,enter,1,1,1250.97,608.5,0.8901,0,0,tracked_enter,,1,,,,
08-41-24.mp4,2886,2886,12,2,1,Bactrocera dorsalis,1,1,exit,-1,0,1239.2,566.3,0.8511,0,0,tracked_exit,,1,2,,,
08-41-24.mp4,4461,4461,12,2,1,Bactrocera dorsalis,1,1,enter,1,1,1176.86,590.61,0.8511,0,0,tracked_enter,,2,,,,
08-41-24.mp4,4806,4806,12,2,1,Bactrocera dorsalis,1,1,exit,-1,0,1167.92,558.91,0.8931,0,0,tracked_exit,,2,2,,,
08-41-24.mp4,14099,14099,562,69,0,Bactrocera correcta,0,0,enter,1,1,1251.85,608.82,0.9004,0,0,tracked_enter,,3,,,,
08-41-24.mp4,16724,16724,944,113,0,Bactrocera correcta,0,0,enter,1,2,1202.28,594.63,0.8643,0,0,tracked_enter,,4,,,,
08-41-24.mp4,16794,16794,944,113,0,Bactrocera correcta,0,0,exit,-1,1,1083.5,591.59,0.8989,0,0,tracked_exit,,4,113,,,
08-41-24.mp4,17599,17599,1325,168,0,Bactrocera correcta,0,0,exit,-1,0,1092.22,879.67,0.854,0,0,recovered_exit,inner_start,3,69,0.7675918539356397,0,1
08-41-24.mp4,17982,17982,1256,162,1,Bactrocera dorsalis,1,1,enter,1,1,1060.26,764.39,0.8438,0,0,tracked_enter,,5,,,,
08-41-24.mp4,18753,18753,1310,165,0,Bactrocera correcta,1,0,enter,1,1,1074.27,793.32,0.7104,1,13,tracked_enter,,6,,,,
08-41-24.mp4,18844,18844,1310,165,0,Bactrocera correcta,0,0,exit,-1,0,1017.11,572.4,0.6187,1,13,tracked_exit,,6,165,,,
08-41-24.mp4,18990,18990,1256,162,1,Bactrocera dorsalis,1,1,exit,-1,0,1306.23,836.14,0.8989,0,0,tracked_exit,,5,162,,,
08-41-24.mp4,20350,20350,1886,242,0,Bactrocera correcta,0,0,enter,1,1,1289.9,807.65,0.8511,0,0,tracked_enter,,7,,,,
08-41-24.mp4,22764,22764,2142,277,1,Bactrocera dorsalis,1,1,enter,1,1,1110.97,616.8,0.873,0,0,tracked_enter,,8,,,,
08-41-24.mp4,22932,22932,2142,277,1,Bactrocera dorsalis,1,1,exit,-1,0,1331.23,803.61,0.8682,0,0,tracked_exit,,8,277,,,
08-41-24.mp4,23064,23064,2065,269,1,Bactrocera dorsalis,1,1,enter,1,1,1049.92,739.01,0.8501,0,0,tracked_enter,,9,,,,
08-41-24.mp4,23103,23103,2065,269,1,Bactrocera dorsalis,1,1,exit,-1,0,1019.09,748.96,0.8521,0,0,tracked_exit,,9,269,,,
08-41-24.mp4,24837,24837,2019,265,0,Bactrocera correcta,0,0,enter,1,2,1213.92,855.21,0.8188,0,0,tracked_enter,,10,,,,
08-41-24.mp4,25001,25001,2019,265,0,Bactrocera correcta,0,0,exit,-1,1,1302.48,840.52,0.9048,0,0,tracked_exit,,10,265,,,
08-41-24.mp4,25184,25184,2019,265,0,Bactrocera correcta,1,0,enter,1,2,1206.55,853.77,0.7324,0,0,tracked_enter,,11,,,,
08-41-24.mp4,25186,25186,2019,265,0,Bactrocera correcta,0,0,exit,-1,1,1215.32,892.84,0.8726,0,0,tracked_exit,,11,265,,,
08-41-24.mp4,25277,25277,2019,265,0,Bactrocera correcta,1,0,enter,1,2,1197.06,855.56,0.7759,0,0,tracked_enter,,12,,,,
08-41-24.mp4,25311,25311,2398,327,1,Bactrocera dorsalis,1,1,enter,1,1,1180.98,820.62,0.457,1,27,tracked_enter,,13,,,,
08-41-24.mp4,25350,25350,2019,265,0,Bactrocera correcta,0,0,exit,-1,1,1173.0,891.45,0.8398,0,0,tracked_exit,,12,265,,,
08-41-24.mp4,25373,25373,2398,327,1,Bactrocera dorsalis,0,1,exit,-1,0,1190.63,903.41,0.7358,1,27,tracked_exit,,13,327,,,
08-41-24.mp4,25409,25409,2019,265,0,Bactrocera correcta,1,0,enter,1,2,1202.23,856.59,0.7827,0,0,tracked_enter,,14,,,,
08-41-24.mp4,25533,25533,2425,334,0,Bactrocera correcta,0,1,exit,-1,1,1207.67,888.29,0.8589,1,18,recovered_exit,inner_start,7,242,0.5370090238063367,1,0
08-41-24.mp4,25611,25611,2425,334,1,Bactrocera dorsalis,0,1,enter,1,1,1292.56,800.56,0.8799,1,18,tracked_enter,,15,,,,
08-41-24.mp4,26102,26102,2019,265,0,Bactrocera correcta,1,0,exit,-1,0,1217.82,562.3,0.7852,1,3,tracked_exit,,14,265,,,
08-41-24.mp4,26503,26503,2579,357,0,Bactrocera correcta,0,0,enter,1,1,1050.83,739.7,0.5601,1,2,tracked_enter,,16,,,,
08-41-24.mp4,26515,26515,2579,357,0,Bactrocera correcta,0,0,exit,-1,0,1008.65,747.41,0.8105,1,2,tracked_exit,,16,357,,,
08-41-24.mp4,26547,26547,2425,357,0,Bactrocera correcta,0,0,enter,1,1,1090.14,627.66,0.8481,1,1,tracked_enter,,17,,,,
08-41-24.mp4,27339,27339,2775,392,0,Bactrocera correcta,0,0,enter,1,2,1258.56,661.95,0.7388,1,3,tracked_enter,,18,,,,
08-41-24.mp4,28259,28259,2602,366,0,Bactrocera correcta,0,0,enter,1,3,1076.15,797.76,0.7905,0,0,tracked_enter,,19,,,,
08-41-24.mp4,28933,28933,2863,408,1,Bactrocera dorsalis,1,1,enter,1,2,1134.9,849.46,0.8174,0,0,tracked_enter,,20,,,,
08-41-24.mp4,28950,28950,2905,417,0,Bactrocera correcta,0,0,exit,-1,2,1019.6,749.14,0.875,0,0,recovered_exit,inner_start,18,392,0.939840116663408,0,1
08-41-24.mp4,30775,30775,2905,417,0,Bactrocera correcta,1,0,enter,1,3,1056.86,684.38,0.8511,0,0,tracked_enter,,21,,,,
08-41-24.mp4,30929,30929,3282,492,0,Bactrocera correcta,0,0,exit,-1,2,997.15,686.07,0.3345,0,0,recovered_exit,outer_start,17,357,0.7819292880183057,0,1
08-41-24.mp4,30962,30962,2905,417,0,Bactrocera correcta,1,0,exit,-1,1,1047.54,629.75,0.8276,0,0,tracked_exit,,21,417,,,
08-41-24.mp4,31374,31374,3330,504,0,Bactrocera correcta,0,0,enter,1,2,1312.31,683.08,0.7026,0,0,tracked_enter,,22,,,,
08-41-24.mp4,31932,31932,3291,493,1,Bactrocera dorsalis,1,1,enter,1,3,1227.59,597.15,0.8833,0,0,tracked_enter,,23,,,,
08-41-24.mp4,32099,32099,3291,493,1,Bactrocera dorsalis,1,1,exit,-1,2,1026.13,675.06,0.8696,0,0,tracked_exit,,23,493,,,
08-41-24.mp4,33373,33373,3301,495,1,Bactrocera dorsalis,1,1,enter,1,3,1091.3,625.9,0.8696,0,0,tracked_enter,,24,,,,
08-41-24.mp4,37686,37686,3849,603,0,Bactrocera correcta,0,0,exit,-1,1,1195.14,896.79,0.874,0,0,recovered_exit,inner_start,22,504,0.8859631051590189,0,1
08-41-24.mp4,37985,37985,3849,603,0,Bactrocera correcta,0,0,enter,1,2,1226.21,595.96,0.873,0,0,tracked_enter,,25,,,,
08-41-24.mp4,38008,38008,3849,603,0,Bactrocera correcta,0,0,exit,-1,1,1140.53,563.84,0.8706,0,0,tracked_exit,,25,603,,,
08-41-24.mp4,38193,38193,3849,603,0,Bactrocera correcta,0,0,enter,1,2,1050.1,714.87,0.8599,0,0,tracked_enter,,26,,,,
08-41-24.mp4,38406,38406,3849,603,0,Bactrocera correcta,0,0,exit,-1,1,1018.41,722.93,0.874,0,0,tracked_exit,,26,603,,,
08-41-24.mp4,38449,38449,3849,603,0,Bactrocera correcta,0,0,enter,1,2,1091.54,626.08,0.8843,0,0,tracked_enter,,27,,,,
08-41-24.mp4,38477,38477,3849,603,0,Bactrocera correcta,0,0,exit,-1,1,1159.62,558.83,0.8848,0,0,tracked_exit,,27,603,,,
08-41-24.mp4,41076,41076,4089,661,1,Bactrocera dorsalis,1,1,enter,1,4,1267.07,617.66,0.8608,0,0,tracked_enter,,28,,,,
08-41-24.mp4,41505,41505,4118,669,0,Bactrocera correcta,1,1,exit,-1,0,1345.4,662.4,0.8672,0,0,recovered_exit,inner_start,19,366,0.5513867387397431,1,0
08-41-24.mp4,42684,42684,4040,640,1,Bactrocera dorsalis,1,1,enter,1,5,1101.6,617.2,0.8799,1,11,tracked_enter,,29,,,,
08-41-24.mp4,44191,44191,3040,442,0,Bactrocera correcta,1,0,enter,1,1,1287.84,650.81,0.8569,0,0,tracked_enter,,30,,,,
08-41-24.mp4,44361,44361,4298,711,0,Bactrocera correcta,1,1,exit,-1,0,1123.75,570.16,0.874,0,0,recovered_exit,inner_start,30,442,0.6793623299036514,1,0
08-41-24.mp4,44799,44799,4298,711,1,Bactrocera dorsalis,1,1,enter,1,6,1056.38,690.1,0.9058,0,0,tracked_enter,,31,,,,
08-41-24.mp4,45679,45679,4337,719,0,Bactrocera correcta,1,0,enter,1,1,1079.89,809.74,0.6621,1,10,tracked_enter,,32,,,,
08-41-24.mp4,45704,45704,4337,719,0,Bactrocera correcta,0,0,exit,-1,0,1042.82,812.11,0.8481,1,10,tracked_exit,,32,719,,,
08-41-24.mp4,46030,46030,4337,719,0,Bactrocera correcta,0,0,enter,1,1,1072.39,799.75,0.8081,1,10,tracked_enter,,33,,,,
08-41-24.mp4,48145,48145,4464,760,0,Bactrocera correcta,0,1,exit,-1,0,1173.9,559.11,0.8457,0,0,recovered_exit,inner_start,33,719,0.5681699992566867,1,0
08-41-24.mp4,49339,49339,4459,757,1,Bactrocera dorsalis,1,1,enter,1,7,1317.02,702.3,0.894,0,0,tracked_enter,,34,,,,
08-41-24.mp4,49365,49365,4459,757,1,Bactrocera dorsalis,1,1,exit,-1,6,1341.41,673.78,0.8501,0,0,tracked_exit,,34,757,,,
08-41-24.mp4,50300,50300,4759,799,0,Bactrocera correcta,0,0,enter,1,1,1316.7,739.9,0.8345,0,0,tracked_enter,,35,,,,
08-41-24.mp4,50724,50724,4551,780,0,Bactrocera correcta,0,0,enter,1,2,1104.83,615.44,0.876,0,0,tracked_enter,,36,,,,
08-41-24.mp4,50999,50999,4974,837,1,Bactrocera dorsalis,1,1,enter,1,7,1231.52,605.34,0.6738,0,0,tracked_enter,,37,,,,
08-41-24.mp4,51017,51017,4464,760,0,Bactrocera correcta,0,0,enter,1,3,1277.91,631.31,0.7881,0,0,tracked_enter,,38,,,,
08-41-24.mp4,51025,51025,4464,760,0,Bactrocera correcta,0,0,exit,-1,2,1272.11,583.94,0.8389,0,0,tracked_exit,,38,760,,,
08-41-24.mp4,51568,51568,4874,813,0,Bactrocera correcta,0,1,exit,-1,1,1346.0,755.44,0.8154,0,0,recovered_exit,inner_start,35,799,0.6515320275893122,1,0
08-41-24.mp4,52090,52090,4874,813,1,Bactrocera dorsalis,0,1,enter,1,8,1316.12,750.59,0.7842,0,0,tracked_enter,,39,,,,
08-41-24.mp4,52361,52361,4874,813,1,Bactrocera dorsalis,0,1,exit,-1,7,1346.95,755.97,0.8428,0,0,tracked_exit,,39,813,,,
08-41-24.mp4,52559,52559,4874,813,1,Bactrocera dorsalis,0,1,enter,1,8,1315.77,749.74,0.832,0,0,tracked_enter,,40,,,,
08-41-24.mp4,52607,52607,4874,813,1,Bactrocera dorsalis,0,1,exit,-1,7,1345.48,762.96,0.8843,0,0,tracked_exit,,40,813,,,
08-41-24.mp4,55004,55004,5120,862,0,Bactrocera correcta,0,0,enter,1,2,1317.88,736.64,0.8408,0,0,tracked_enter,,41,,,,
08-41-24.mp4,55669,55669,5122,863,0,Bactrocera correcta,1,0,exit,-1,1,1172.36,558.93,0.8398,0,0,recovered_exit,inner_start,36,780,0.8691243511592994,0,1
08-41-24.mp4,55708,55708,5238,893,0,Bactrocera correcta,0,0,enter,1,2,1261.14,614.4,0.8672,0,0,tracked_enter,,42,,,,
08-41-24.mp4,55777,55777,5238,893,0,Bactrocera correcta,0,0,exit,-1,1,1285.12,592.65,0.8242,0,0,tracked_exit,,42,893,,,
08-41-24.mp4,55837,55837,5238,893,0,Bactrocera correcta,0,0,enter,1,2,1265.08,621.03,0.8887,0,0,tracked_enter,,43,,,,
08-41-24.mp4,56165,56165,5334,907,0,Bactrocera correcta,1,1,exit,-1,1,1061.46,591.58,0.8823,0,0,recovered_exit,outer_start,41,862,0.7009352556322058,1,0
08-41-24.mp4,57444,57444,5389,919,1,Bactrocera dorsalis,1,1,enter,1,8,1096.24,623.35,0.8799,0,0,tracked_enter,,44,,,,
08-41-24.mp4,57752,57752,5410,923,0,Bactrocera correcta,0,1,exit,-1,0,1302.04,843.83,0.8696,0,0,recovered_exit,inner_start,43,893,0.7428213095189373,1,0
08-41-24.mp4,59197,59197,5410,923,0,Bactrocera correcta,0,0,enter,1,1,1289.94,645.13,0.8164,0,0,tracked_enter,,45,,,,
08-41-24.mp4,59485,59485,5410,923,0,Bactrocera correcta,0,0,exit,-1,0,1240.96,879.38,0.8081,1,1,tracked_exit,,45,923,,,
08-41-24.mp4,59996,59996,5397,921,0,Bactrocera correcta,1,0,enter,1,1,1171.4,593.34,0.4902,0,0,tracked_enter,,46,,,,
08-41-24.mp4,60292,60292,5636,977,1,Bactrocera dorsalis,1,1,enter,1,9,1121.68,606.3,0.8633,0,0,tracked_enter,,47,,,,
08-41-24.mp4,60420,60420,5669,921,0,Bactrocera correcta,1,0,exit,-1,0,1201.74,559.82,0.8174,1,3,tracked_exit,,46,921,,,
08-41-24.mp4,60779,60779,5669,921,0,Bactrocera correcta,0,0,enter,1,1,1223.29,596.3,0.5815,1,3,tracked_enter,,48,,,,
08-41-24.mp4,61164,61164,5782,1009,0,Bactrocera correcta,0,0,exit,-1,0,1278.9,588.79,0.8862,0,0,recovered_exit,inner_start,48,921,0.8917813570454527,0,1
08-41-24.mp4,61241,61241,5782,1009,0,Bactrocera correcta,0,0,enter,1,1,1218.63,593.67,0.8447,0,0,tracked_enter,,49,,,,
08-41-24.mp4,61279,61279,5782,1009,0,Bactrocera correcta,0,0,exit,-1,0,1224.08,563.69,0.8613,0,0,tracked_exit,,49,1009,,,
08-41-24.mp4,61608,61608,5732,993,1,Bactrocera dorsalis,1,1,enter,1,10,1256.4,610.12,0.8843,0,0,tracked_enter,,50,,,,
08-41-24.mp4,61995,61995,5862,1027,1,Bactrocera dorsalis,1,1,exit,-1,9,1047.02,623.06,0.8501,1,2,recovered_exit,inner_start,37,837,0.9568458678370968,1,1
08-41-24.mp4,63179,63179,5862,1027,1,Bactrocera dorsalis,1,1,enter,1,10,1240.12,601.24,0.8706,1,2,tracked_enter,,51,,,,
08-41-24.mp4,63288,63288,5862,1027,1,Bactrocera dorsalis,1,1,exit,-1,9,1267.21,581.41,0.8809,1,2,tracked_exit,,51,1027,,,
08-41-24.mp4,63579,63579,5862,1027,1,Bactrocera dorsalis,1,1,enter,1,10,1262.38,615.02,0.8682,1,2,tracked_enter,,52,,,,
08-41-24.mp4,63682,63682,5862,1027,1,Bactrocera dorsalis,1,1,exit,-1,9,1144.08,560.1,0.8389,1,2,tracked_exit,,52,1027,,,
08-41-24.mp4,67972,67972,5879,1031,0,Bactrocera correcta,0,0,enter,1,1,1274.68,634.59,0.8823,0,0,tracked_enter,,53,,,,
08-41-24.mp4,67980,67980,6501,1135,1,Bactrocera dorsalis,0,1,enter,1,10,1206.71,594.86,0.8613,0,0,tracked_enter,,54,,,,
08-41-24.mp4,67981,67981,5879,1031,0,Bactrocera correcta,0,0,exit,-1,0,1336.6,649.97,0.8579,0,0,tracked_exit,,53,1031,,,
08-41-24.mp4,68139,68139,6527,1139,1,Bactrocera dorsalis,0,1,enter,1,11,1096.25,635.75,0.8613,0,0,tracked_enter,,55,,,,
08-41-24.mp4,68347,68347,6595,1139,1,Bactrocera dorsalis,0,1,exit,-1,10,1013.03,708.97,0.874,1,5,tracked_exit,,55,1139,,,
08-41-24.mp4,68538,68538,6608,1152,0,Bactrocera correcta,0,0,enter,1,1,1298.1,658.55,0.8232,0,0,tracked_enter,,56,,,,
08-41-24.mp4,68693,68693,6608,1152,0,Bactrocera correcta,0,0,exit,-1,0,1312.62,616.5,0.8716,0,0,tracked_exit,,56,1152,,,
08-41-24.mp4,71069,71069,7033,1202,0,Bactrocera correcta,0,0,enter,1,1,1132.69,599.67,0.8613,0,0,tracked_enter,,57,,,,
08-41-24.mp4,72822,72822,7306,1254,0,Bactrocera correcta,1,1,exit,-1,0,1019.51,826.1,0.8784,0,0,recovered_exit,outer_start,57,1202,0.5795207501330979,1,0
08-41-24.mp4,72899,72899,7306,1254,1,Bactrocera dorsalis,1,1,enter,1,11,1136.23,847.66,0.8032,0,0,tracked_enter,,58,,,,
08-41-24.mp4,72930,72930,7306,1254,1,Bactrocera dorsalis,1,1,exit,-1,10,1178.34,890.61,0.8345,0,0,tracked_exit,,58,1254,,,
08-41-24.mp4,73222,73222,7306,1254,1,Bactrocera dorsalis,0,1,enter,1,11,1299.19,664.2,0.8398,0,0,tracked_enter,,59,,,,
08-41-24.mp4,73263,73263,7315,1255,1,Bactrocera dorsalis,1,1,enter,1,12,1094.62,623.67,0.8799,0,0,tracked_enter,,60,,,,
08-41-24.mp4,74502,74502,7315,1255,1,Bactrocera dorsalis,1,1,exit,-1,11,1088.33,584.3,0.8843,0,0,tracked_exit,,60,1255,,,
08-41-24.mp4,75846,75846,7511,1306,0,Bactrocera correcta,0,0,enter,1,1,1086.75,631.78,0.9087,0,0,tracked_enter,,61,,,,
08-41-24.mp4,76161,76161,7544,1310,1,Bactrocera dorsalis,1,1,enter,1,12,1263.39,831.36,0.8784,1,18,tracked_enter,,62,,,,
08-41-24.mp4,78299,78299,7995,1408,0,Bactrocera correcta,0,0,enter,1,2,1306.3,777.91,0.8491,1,9,tracked_enter,,63,,,,
08-41-24.mp4,78496,78496,7995,1408,0,Bactrocera correcta,0,0,exit,-1,1,1339.73,798.45,0.8706,1,9,tracked_exit,,63,1408,,,
08-41-24.mp4,78888,78888,8107,1134,0,Bactrocera correcta,0,0,enter,1,2,1150.2,668.7,0.5928,1,28,tracked_enter,,64,,,,
08-41-24.mp4,79759,79759,8223,1466,1,Bactrocera dorsalis,1,1,exit,-1,11,1019.59,745.05,0.793,0,0,recovered_exit,inner_start,59,1254,0.9550289134056169,1,1
08-41-24.mp4,81744,81744,8189,1442,1,Bactrocera dorsalis,1,1,enter,1,12,1316.54,740.87,0.7891,1,22,tracked_enter,,65,,,,
08-41-24.mp4,81766,81766,8189,1442,1,Bactrocera dorsalis,1,1,exit,-1,11,1341.91,773.11,0.8232,1,22,tracked_exit,,65,1442,,,
08-41-24.mp4,81782,81782,8425,1513,1,Bactrocera dorsalis,1,1,enter,1,12,1317.41,711.91,0.7461,0,0,tracked_enter,,66,,,,
08-41-24.mp4,81788,81788,8566,1545,1,Bactrocera dorsalis,1,1,enter,1,13,1313.71,740.41,0.4727,0,0,tracked_enter,,67,,,,
08-41-24.mp4,82366,82366,8471,1523,0,Bactrocera correcta,0,1,exit,-1,1,1109.43,873.9,0.8623,0,0,recovered_exit,inner_start,61,1306,0.7308193000277846,1,0
08-41-24.mp4,82510,82510,8557,1542,1,Bactrocera dorsalis,1,1,enter,1,14,1050.76,731.09,0.8662,0,0,tracked_enter,,68,,,,
08-41-24.mp4,83872,83872,8189,1442,1,Bactrocera dorsalis,1,1,enter,1,15,1174.18,858.31,0.7788,1,22,tracked_enter,,69,,,,
08-41-24.mp4,84264,84264,8189,1442,1,Bactrocera dorsalis,1,1,exit,-1,14,1045.93,816.25,0.8418,1,22,tracked_exit,,69,1442,,,
08-41-24.mp4,84603,84603,8844,1595,1,Bactrocera dorsalis,1,1,enter,1,15,1289.41,807.79,0.8662,0,0,tracked_enter,,70,,,,
08-41-24.mp4,85356,85356,8896,1608,1,Bactrocera dorsalis,1,1,exit,-1,14,1029.18,665.48,0.897,0,0,recovered_exit,inner_start,54,1135,0.9502810025938233,1,1
08-41-24.mp4,85888,85888,8896,1608,1,Bactrocera dorsalis,1,1,enter,1,15,1056.34,684.87,0.8652,0,0,tracked_enter,,71,,,,
08-41-24.mp4,86018,86018,8896,1608,1,Bactrocera dorsalis,1,1,exit,-1,14,1270.06,865.78,0.8911,0,0,tracked_exit,,71,1608,,,
08-41-24.mp4,86214,86214,8990,1623,0,Bactrocera correcta,0,0,enter,1,2,1310.22,678.76,0.8716,0,0,tracked_enter,,72,,,,
08-41-24.mp4,86254,86254,8990,1623,0,Bactrocera correcta,0,0,exit,-1,1,1331.29,649.34,0.8623,0,0,tracked_exit,,72,1623,,,
08-41-24.mp4,86442,86442,9007,1628,1,Bactrocera dorsalis,1,1,enter,1,15,1278.14,627.3,0.793,0,0,tracked_enter,,73,,,,
08-41-24.mp4,86986,86986,8113,1436,1,Bactrocera dorsalis,1,1,enter,1,16,1318.16,738.21,0.8208,1,1,tracked_enter,,74,,,,
08-41-24.mp4,87155,87155,8896,1608,1,Bactrocera dorsalis,1,1,enter,1,17,1315.12,740.51,0.8057,0,0,tracked_enter,,75,,,,
08-41-24.mp4,87404,87404,8896,1608,1,Bactrocera dorsalis,1,1,exit,-1,16,1308.91,603.87,0.8774,0,0,tracked_exit,,75,1608,,,
08-41-24.mp4,88029,88029,9183,1659,0,Bactrocera correcta,0,0,exit,-1,0,1051.4,623.63,0.8789,1,25,recovered_exit,inner_start,64,1134,0.8739503712727363,0,1
08-41-24.mp4,88131,88131,9183,1659,0,Bactrocera correcta,0,0,enter,1,1,1078.5,641.48,0.875,1,25,tracked_enter,,76,,,,
08-41-24.mp4,88170,88170,9292,1678,1,Bactrocera dorsalis,1,1,enter,1,17,1277.61,820.29,0.8696,0,0,tracked_enter,,77,,,,
08-41-24.mp4,88289,88289,9292,1678,1,Bactrocera dorsalis,1,1,exit,-1,16,1231.86,565.36,0.8809,0,0,tracked_exit,,77,1678,,,
08-41-24.mp4,88306,88306,9398,1692,1,Bactrocera dorsalis,1,1,enter,1,17,1111.45,696.15,0.7056,0,0,tracked_enter,,78,,,,
08-41-24.mp4,88350,88350,9529,1703,0,Bactrocera correcta,0,0,enter,1,2,1316.93,732.17,0.8589,0,0,tracked_enter,,79,,,,
08-41-24.mp4,89197,89197,9806,1738,0,Bactrocera correcta,0,0,enter,1,3,1063.42,664.97,0.8267,0,0,tracked_enter,,80,,,,
08-41-24.mp4,90353,90353,10118,1776,0,Bactrocera correcta,0,0,enter,1,4,1078.25,807.17,0.8105,0,0,tracked_enter,,81,,,,
08-41-24.mp4,90962,90962,10325,1794,0,Bactrocera correcta,0,0,enter,1,5,1150.26,853.86,0.855,0,0,tracked_enter,,82,,,,
08-41-24.mp4,91507,91507,10358,1801,0,Bactrocera correcta,1,1,exit,-1,4,1335.09,838.36,0.7773,0,0,recovered_exit,inner_start,76,1659,0.7413684775613573,1,0
08-41-24.mp4,91964,91964,10406,1808,1,Bactrocera dorsalis,1,1,enter,1,18,1229.55,599.56,0.8687,0,0,tracked_enter,,83,,,,
08-41-24.mp4,92478,92478,9444,1700,0,Bactrocera correcta,0,0,enter,1,5,1062.17,782.09,0.814,0,0,tracked_enter,,84,,,,
08-41-24.mp4,92694,92694,10406,1808,1,Bactrocera dorsalis,1,1,exit,-1,17,1311.91,839.89,0.9014,0,0,tracked_exit,,83,1808,,,
08-41-24.mp4,92821,92821,10406,1808,1,Bactrocera dorsalis,1,1,enter,1,18,1316.13,734.64,0.9111,0,0,tracked_enter,,85,,,,
08-41-24.mp4,92882,92882,10406,1808,1,Bactrocera dorsalis,1,1,exit,-1,17,1301.91,843.29,0.8579,0,0,tracked_exit,,85,1808,,,
08-41-24.mp4,94703,94703,10687,1849,1,Bactrocera dorsalis,1,1,enter,1,18,1256.46,613.84,0.8301,0,0,tracked_enter,,86,,,,
08-41-24.mp4,94781,94781,10687,1849,1,Bactrocera dorsalis,1,1,exit,-1,17,1015.09,777.13,0.8916,0,0,tracked_exit,,86,1849,,,
08-41-24.mp4,95173,95173,10781,1868,0,Bactrocera correcta,0,0,enter,1,6,1311.71,684.96,0.853,0,0,tracked_enter,,87,,,,
08-41-24.mp4,97695,97695,11311,1946,0,Bactrocera correcta,0,0,enter,1,7,1109.16,673.2,0.7266,1,23,tracked_enter,,88,,,,
08-41-24.mp4,98283,98283,11447,1975,0,Bactrocera correcta,0,1,exit,-1,6,1029.27,781.71,0.8115,0,0,recovered_exit,inner_start,82,1794,0.6514705517379369,1,0
08-41-24.mp4,98341,98341,11447,1975,0,Bactrocera correcta,0,0,enter,1,7,1055.15,761.9,0.7734,0,0,tracked_enter,,89,,,,
08-41-24.mp4,98360,98360,11447,1975,0,Bactrocera correcta,0,0,exit,-1,6,1027.82,780.03,0.8481,0,0,tracked_exit,,89,1975,,,
08-41-24.mp4,98389,98389,11447,1975,0,Bactrocera correcta,0,0,enter,1,7,1056.22,764.92,0.8311,0,0,tracked_enter,,90,,,,
08-41-24.mp4,98509,98509,11481,1982,0,Bactrocera correcta,0,1,exit,-1,6,1072.81,850.05,0.8389,0,0,recovered_exit,inner_start,90,1975,0.660824561728693,1,0
08-41-24.mp4,98624,98624,11481,1982,0,Bactrocera correcta,0,0,enter,1,7,1101.39,830.68,0.8521,0,0,tracked_enter,,91,,,,
08-41-24.mp4,101224,101224,11372,1961,0,Bactrocera correcta,0,0,enter,1,8,1090.63,819.01,0.814,0,0,tracked_enter,,92,,,,
08-41-24.mp4,101811,101811,11795,2049,1,Bactrocera dorsalis,1,1,enter,1,18,1052.24,708.57,0.8623,0,0,tracked_enter,,93,,,,
08-41-24.mp4,103519,103519,11773,2043,1,Bactrocera dorsalis,1,1,enter,1,19,1316.46,733.73,0.8975,0,0,tracked_enter,,94,,,,
08-41-24.mp4,105748,105748,12361,2156,1,Bactrocera dorsalis,1,1,enter,1,20,1056.88,679.56,0.8354,0,0,tracked_enter,,95,,,,
08-41-24.mp4,106624,106624,12427,2173,0,Bactrocera correcta,0,0,enter,1,9,1233.42,599.08,0.874,0,0,tracked_enter,,96,,,,
08-41-24.mp4,106631,106631,12434,2177,1,Bactrocera dorsalis,1,1,exit,-1,19,1253.16,877.64,0.854,0,0,recovered_exit,inner_start,66,1513,0.9554374309572204,1,1
08-41-24.mp4,106691,106691,12434,2177,1,Bactrocera dorsalis,1,1,enter,1,20,1171.86,857.42,0.8438,0,0,tracked_enter,,97,,,,
08-41-24.mp4,108747,108747,12694,2210,0,Bactrocera correcta,1,1,exit,-1,8,1104.67,871.02,0.7993,1,1,recovered_exit,inner_start,81,1776,0.6657287933908458,1,0
08-41-24.mp4,109225,109225,12930,2123,0,Bactrocera correcta,0,0,enter,1,9,1291.14,736.38,0.7124,1,2,tracked_enter,,98,,,,
08-41-24.mp4,113059,113059,13231,2282,0,Bactrocera correcta,0,0,exit,-1,8,1332.06,650.98,0.8706,0,0,recovered_exit,inner_start,98,2123,0.9484781698327525,0,1
08-41-24.mp4,113243,113243,13231,2282,0,Bactrocera correcta,0,0,enter,1,9,1229.24,597.29,0.8916,0,0,tracked_enter,,99,,,,
08-41-24.mp4,115018,115018,13390,2311,0,Bactrocera correcta,0,0,enter,1,10,1257.04,613.2,0.8726,1,1,tracked_enter,,100,,,,
08-41-24.mp4,115054,115054,13390,2311,0,Bactrocera correcta,0,0,exit,-1,9,1260.45,575.35,0.8901,1,1,tracked_exit,,100,2311,,,
08-41-24.mp4,115410,115410,13480,2318,1,Bactrocera dorsalis,1,1,enter,1,21,1178.28,592.31,0.854,0,0,tracked_enter,,101,,,,
08-41-24.mp4,115463,115463,13480,2318,1,Bactrocera dorsalis,0,1,exit,-1,20,1092.09,572.36,0.709,0,0,tracked_exit,,101,2318,,,
08-41-24.mp4,118318,118318,13718,2352,0,Bactrocera correcta,0,0,enter,1,10,1246.69,837.12,0.876,0,0,tracked_enter,,102,,,,
08-41-24.mp4,127738,127738,14425,2453,0,Bactrocera correcta,0,0,enter,1,11,1108.05,614.35,0.7944,0,0,tracked_enter,,103,,,,
08-41-24.mp4,130310,130310,14735,2494,0,Bactrocera correcta,0,0,enter,1,12,1306.12,774.3,0.8408,0,0,tracked_enter,,104,,,,
08-41-24.mp4,130375,130375,14735,2494,0,Bactrocera correcta,0,0,exit,-1,11,1328.64,807.06,0.8911,0,0,tracked_exit,,104,2494,,,
08-41-24.mp4,130576,130576,14735,2494,0,Bactrocera correcta,0,0,enter,1,12,1316.45,713.99,0.8784,0,0,tracked_enter,,105,,,,
08-41-24.mp4,131012,131012,14735,2494,0,Bactrocera correcta,0,0,exit,-1,11,1352.09,700.62,0.8872,0,0,tracked_exit,,105,2494,,,
08-41-24.mp4,132679,132679,14735,2494,0,Bactrocera correcta,0,0,enter,1,12,1305.83,778.74,0.8613,0,0,tracked_enter,,106,,,,
08-41-24.mp4,132852,132852,14735,2494,0,Bactrocera correcta,0,0,exit,-1,11,1305.35,838.11,0.8887,0,0,tracked_exit,,106,2494,,,
08-41-24.mp4,132928,132928,14682,2489,0,Bactrocera correcta,0,0,enter,1,12,1318.87,728.73,0.8428,0,0,tracked_enter,,107,,,,
08-41-24.mp4,133186,133186,15067,2539,1,Bactrocera dorsalis,1,1,enter,1,21,1062.14,714.87,0.7944,0,0,tracked_enter,,108,,,,
08-41-24.mp4,133189,133189,15067,2539,1,Bactrocera dorsalis,1,1,exit,-1,20,1214.03,557.16,0.832,0,0,tracked_exit,,108,2539,,,
08-41-24.mp4,135640,135640,15237,2552,1,Bactrocera dorsalis,1,1,enter,1,21,1070.21,795.28,0.8174,0,0,tracked_enter,,109,,,,
08-41-24.mp4,135706,135706,15237,2552,1,Bactrocera dorsalis,1,1,exit,-1,20,1022.82,682.7,0.8481,0,0,tracked_exit,,109,2552,,,
08-41-24.mp4,135930,135930,15237,2552,1,Bactrocera dorsalis,1,1,enter,1,21,1181.03,592.12,0.8613,0,0,tracked_enter,,110,,,,
08-41-24.mp4,136020,136020,15237,2552,1,Bactrocera dorsalis,1,1,exit,-1,20,1326.01,826.77,0.8511,0,0,tracked_exit,,110,2552,,,
08-41-24.mp4,136048,136048,15249,2554,1,Bactrocera dorsalis,1,1,enter,1,21,1279.29,634.39,0.8857,0,0,tracked_enter,,111,,,,
08-41-24.mp4,136064,136064,15237,2552,1,Bactrocera dorsalis,1,1,enter,1,22,1313.79,745.83,0.9058,0,0,tracked_enter,,112,,,,
08-41-24.mp4,136519,136519,15333,2565,0,Bactrocera correcta,0,0,enter,1,13,1182.18,592.51,0.8857,1,2,tracked_enter,,113,,,,
08-41-24.mp4,136913,136913,15333,2565,0,Bactrocera correcta,0,0,exit,-1,12,1326.7,638.22,0.8608,1,2,tracked_exit,,113,2565,,,
08-41-24.mp4,137645,137645,15376,2575,0,Bactrocera correcta,1,1,exit,-1,11,1018.64,715.61,0.8579,0,0,recovered_exit,inner_start,96,2173,0.6941594945022163,1,0
08-41-24.mp4,137764,137764,15313,2564,0,Bactrocera correcta,0,0,enter,1,12,1235.11,600.2,0.8887,0,0,tracked_enter,,114,,,,
08-41-24.mp4,137772,137772,15313,2564,0,Bactrocera correcta,0,0,exit,-1,11,1154.68,556.71,0.8818,0,0,tracked_exit,,114,2564,,,
08-41-24.mp4,141890,141890,15570,2605,0,Bactrocera correcta,0,0,enter,1,12,1082.91,635.36,0.8267,0,0,tracked_enter,,115,,,,
08-41-24.mp4,143504,143504,15615,2610,1,Bactrocera dorsalis,1,1,enter,1,23,1108.57,614.76,0.8643,0,0,tracked_enter,,116,,,,
08-41-24.mp4,145643,145643,15645,2614,1,Bactrocera dorsalis,1,1,enter,1,24,1160.48,856.15,0.7563,0,0,tracked_enter,,117,,,,
08-41-24.mp4,145712,145712,15274,2365,0,Bactrocera correcta,0,0,enter,1,13,1281.8,630.95,0.8784,1,3,tracked_enter,,118,,,,
08-41-24.mp4,145817,145817,15727,2630,0,Bactrocera correcta,1,1,exit,-1,12,1078.65,852.18,0.8643,0,0,recovered_exit,inner_start,88,1946,0.6554639918125873,1,0
08-41-24.mp4,146900,146900,15797,2641,0,Bactrocera correcta,1,1,exit,-1,11,1024.27,777.11,0.8481,0,0,recovered_exit,inner_start,118,2365,0.7635892924567421,1,0
08-41-24.mp4,150923,150923,15943,2664,1,Bactrocera dorsalis,1,1,enter,1,25,1061.05,777.38,0.8706,0,0,tracked_enter,,119,,,,
08-41-24.mp4,151031,151031,15943,2664,1,Bactrocera dorsalis,1,1,exit,-1,24,1031.88,657.07,0.8438,0,0,tracked_exit,,119,2664,,,
08-41-24.mp4,151251,151251,15943,2664,1,Bactrocera dorsalis,1,1,enter,1,25,1193.08,590.32,0.8662,0,0,tracked_enter,,120,,,,
08-41-24.mp4,151571,151571,16059,2679,0,Bactrocera correcta,1,1,exit,-1,10,1261.88,870.5,0.8809,0,0,recovered_exit,inner_start,79,1703,0.5934937336936419,1,0
08-41-24.mp4,160515,160515,16407,2746,0,Bactrocera correcta,0,0,enter,1,11,1062.46,782.59,0.7983,0,0,tracked_enter,,121,,,,
08-41-24.mp4,160724,160724,16521,2757,0,Bactrocera correcta,0,0,exit,-1,10,1018.39,712.65,0.8784,0,0,recovered_exit,inner_start,121,2746,0.9590387747221794,0,1
08-41-24.mp4,160791,160791,16521,2757,0,Bactrocera correcta,0,0,enter,1,11,1056.46,688.25,0.8501,0,0,tracked_enter,,122,,,,
08-41-24.mp4,160850,160850,16521,2757,0,Bactrocera correcta,0,0,exit,-1,10,1069.47,849.12,0.8716,0,0,tracked_exit,,122,2757,,,
08-41-24.mp4,166322,166322,16734,2800,0,Bactrocera correcta,0,0,enter,1,11,1227.37,597.84,0.8662,0,0,tracked_enter,,123,,,,
08-41-24.mp4,177134,177134,17297,2882,0,Bactrocera correcta,0,0,exit,-1,10,1320.64,629.62,0.8857,0,0,recovered_exit,inner_start,84,1700,0.8286239060096083,0,1
08-41-24.mp4,177377,177377,17296,2881,0,Bactrocera correcta,0,0,enter,1,11,1244.41,605.91,0.8926,0,0,tracked_enter,,124,,,,
08-41-24.mp4,177399,177399,17296,2881,0,Bactrocera correcta,0,0,exit,-1,10,1186.11,556.24,0.8438,0,0,tracked_exit,,124,2881,,,
08-41-24.mp4,179049,179049,17335,2890,0,Bactrocera correcta,0,0,exit,-1,9,1017.91,717.0,0.8833,0,0,recovered_exit,inner_start,107,2489,0.8412496641050566,0,1
08-41-24.mp4,179091,179091,17342,2892,1,Bactrocera dorsalis,1,1,enter,1,26,1313.81,727.67,0.8491,0,0,tracked_enter,,125,,,,
08-41-24.mp4,179137,179137,17342,2892,1,Bactrocera dorsalis,1,1,exit,-1,25,1349.44,715.7,0.874,0,0,tracked_exit,,125,2892,,,
08-41-24.mp4,180709,180709,17148,2862,0,Bactrocera correcta,0,0,enter,1,10,1315.09,707.24,0.8613,0,0,tracked_enter,,126,,,,
08-41-24.mp4,183093,183093,17551,2917,0,Bactrocera correcta,0,0,enter,1,11,1060.38,677.35,0.8223,0,0,tracked_enter,,127,,,,
08-41-24.mp4,183098,183098,17551,2917,0,Bactrocera correcta,0,0,exit,-1,10,1032.57,603.28,0.8589,0,0,tracked_exit,,127,2917,,,
08-41-24.mp4,189523,189523,18001,2969,0,Bactrocera correcta,1,1,exit,-1,9,1166.02,507.29,0.7188,0,0,recovered_exit,outer_start,103,2453,0.5219209651173237,1,0
08-41-24.mp4,190606,190606,18081,2980,0,Bactrocera correcta,0,0,enter,1,10,1099.45,828.8,0.8408,0,0,tracked_enter,,128,,,,
08-41-24.mp4,190651,190651,18080,2979,1,Bactrocera dorsalis,1,1,enter,1,26,1314.09,755.73,0.8833,0,0,tracked_enter,,129,,,,
08-41-24.mp4,191656,191656,18109,2987,1,Bactrocera dorsalis,1,1,enter,1,27,1204.98,857.32,0.874,0,0,tracked_enter,,130,,,,
09-41-28.mp4,390,194635,18187,2995,0,Bactrocera correcta,1,1,exit,-1,9,1184.04,892.98,0.8687,1,1,recovered_exit,inner_start,128,2980,0.635332388479257,1,0
09-41-28.mp4,2394,196639,18198,3001,1,Bactrocera dorsalis,1,1,enter,1,28,1077.28,643.2,0.8232,0,0,tracked_enter,,131,,,,
09-41-28.mp4,2579,196824,18198,3001,1,Bactrocera dorsalis,1,1,exit,-1,27,1057.14,834.5,0.8706,0,0,tracked_exit,,131,3001,,,
09-41-28.mp4,2833,197078,18229,3010,0,Bactrocera correcta,0,0,enter,1,10,1268.47,635.28,0.8501,0,0,tracked_enter,,132,,,,
09-41-28.mp4,3082,197327,18206,3003,0,Bactrocera correcta,0,0,enter,1,11,1212.15,592.51,0.8608,0,0,tracked_enter,,133,,,,
09-41-28.mp4,7404,201649,18474,3045,0,Bactrocera correcta,0,0,exit,-1,10,1357.54,693.92,0.8716,0,0,recovered_exit,outer_start,133,3003,0.8584660617940478,0,1
09-41-28.mp4,8578,202823,18609,3064,0,Bactrocera correcta,0,0,exit,-1,9,1082.77,591.96,0.9004,0,0,recovered_exit,inner_start,132,3010,0.7930362346758071,0,1
09-41-28.mp4,10672,204917,18642,3072,0,Bactrocera correcta,1,1,exit,-1,8,1320.19,618.5,0.8662,0,0,recovered_exit,inner_start,126,2862,0.5381075940462737,1,0
09-41-28.mp4,10827,205072,18642,3072,1,Bactrocera dorsalis,1,1,enter,1,28,1206.67,590.97,0.8818,0,0,tracked_enter,,134,,,,
09-41-28.mp4,10881,205126,18642,3072,1,Bactrocera dorsalis,1,1,exit,-1,27,1070.5,601.06,0.8481,0,0,tracked_exit,,134,3072,,,
09-41-28.mp4,14375,208620,18755,3100,0,Bactrocera correcta,0,0,exit,-1,7,1345.63,668.3,0.8428,0,0,recovered_exit,inner_start,123,2800,0.8417930278704886,0,1
09-41-28.mp4,15537,209782,18767,3105,0,Bactrocera correcta,0,0,enter,1,8,1052.53,734.36,0.7549,1,18,tracked_enter,,135,,,,
09-41-28.mp4,15594,209839,18767,3105,0,Bactrocera correcta,0,0,exit,-1,7,1042.4,809.55,0.855,1,18,tracked_exit,,135,3105,,,
09-41-28.mp4,15830,210075,18767,3105,0,Bactrocera correcta,0,0,enter,1,8,1076.1,802.11,0.7905,1,18,tracked_enter,,136,,,,
09-41-28.mp4,16777,211022,18859,3114,0,Bactrocera correcta,0,0,exit,-1,7,1009.44,645.57,0.8911,1,2,recovered_exit,outer_start,136,3105,0.7946407920952459,0,1
09-41-28.mp4,16867,211112,18859,3114,0,Bactrocera correcta,0,0,enter,1,8,1057.28,686.75,0.8926,1,2,tracked_enter,,137,,,,
09-41-28.mp4,16985,211230,18859,3114,0,Bactrocera correcta,0,0,exit,-1,7,1025.67,780.18,0.8613,1,2,tracked_exit,,137,3114,,,
09-41-28.mp4,17016,211261,18859,3114,0,Bactrocera correcta,0,0,enter,1,8,1092.42,822.56,0.876,1,2,tracked_enter,,138,,,,
09-41-28.mp4,17596,211841,18864,3117,0,Bactrocera correcta,0,0,exit,-1,7,1057.65,617.04,0.8696,0,0,recovered_exit,inner_start,115,2605,0.7710151156910177,0,1
09-41-28.mp4,23434,217679,19009,3137,1,Bactrocera dorsalis,1,1,enter,1,28,1282.54,758.71,0.8081,0,0,tracked_enter,,139,,,,
09-41-28.mp4,39717,233962,19444,3196,1,Bactrocera dorsalis,1,1,enter,1,29,1235.9,599.37,0.874,0,0,tracked_enter,,140,,,,
09-41-28.mp4,39791,234036,19444,3196,1,Bactrocera dorsalis,1,1,exit,-1,28,1067.2,849.6,0.9028,0,0,tracked_exit,,140,3196,,,
09-41-28.mp4,53106,247351,19922,3275,1,Bactrocera dorsalis,1,1,enter,1,29,1197.73,590.97,0.8599,0,0,tracked_enter,,141,,,,
09-41-28.mp4,53248,247493,19922,3275,1,Bactrocera dorsalis,1,1,exit,-1,28,1253.55,573.39,0.9072,0,0,tracked_exit,,141,3275,,,
09-41-28.mp4,56003,250248,19947,3280,1,Bactrocera dorsalis,1,1,enter,1,29,1271.83,826.04,0.8311,0,0,tracked_enter,,142,,,,
09-41-28.mp4,60247,254492,20029,3290,0,Bactrocera correcta,0,0,enter,1,8,1316.7,729.25,0.8662,0,0,tracked_enter,,143,,,,
09-41-28.mp4,60284,254529,20029,3290,0,Bactrocera correcta,0,0,exit,-1,7,1296.61,599.41,0.8848,0,0,tracked_exit,,143,3290,,,
09-41-28.mp4,60701,254946,20057,3293,1,Bactrocera dorsalis,1,1,enter,1,30,1064.66,785.3,0.8774,0,0,tracked_enter,,144,,,,
09-41-28.mp4,64034,258279,20120,3307,0,Bactrocera correcta,0,0,enter,1,8,1069.32,791.9,0.8232,0,0,tracked_enter,,145,,,,
09-41-28.mp4,64735,258980,20120,3307,0,Bactrocera correcta,0,0,exit,-1,7,1169.69,556.83,0.8481,0,0,tracked_exit,,145,3307,,,
09-41-28.mp4,76476,270721,20543,3365,1,Bactrocera dorsalis,1,1,enter,1,31,1291.09,647.28,0.854,0,0,tracked_enter,,146,,,,
09-41-28.mp4,77300,271545,20627,3387,0,Bactrocera correcta,0,0,exit,-1,6,1208.56,553.66,0.7251,0,0,recovered_exit,inner_start,87,1868,0.7653966537456756,0,1
09-41-28.mp4,80512,274757,20850,3417,0,Bactrocera correcta,0,0,enter,1,7,1129.34,842.26,0.8521,0,0,tracked_enter,,147,,,,
09-41-28.mp4,83175,277420,21022,3427,1,Bactrocera dorsalis,1,1,enter,1,32,1160.22,593.01,0.8599,0,0,tracked_enter,,148,,,,
09-41-28.mp4,86811,281056,21120,3442,1,Bactrocera dorsalis,1,1,enter,1,33,1274.65,629.08,0.8872,0,0,tracked_enter,,149,,,,
09-41-28.mp4,86947,281192,21120,3442,1,Bactrocera dorsalis,1,1,exit,-1,32,1315.04,827.27,0.8765,0,0,tracked_exit,,149,3442,,,
09-41-28.mp4,87642,281887,21120,3442,1,Bactrocera dorsalis,1,1,enter,1,33,1239.05,842.51,0.8608,0,0,tracked_enter,,150,,,,
09-41-28.mp4,87925,282170,21323,3461,0,Bactrocera correcta,0,0,exit,-1,6,1211.55,916.52,0.8579,0,0,recovered_exit,outer_start,91,1982,0.7542750663068003,0,1
09-41-28.mp4,88197,282442,21323,3461,0,Bactrocera correcta,0,0,enter,1,7,1300.81,791.24,0.8511,0,0,tracked_enter,,151,,,,
09-41-28.mp4,89979,284224,21438,3475,0,Bactrocera correcta,0,0,exit,-1,6,1018.33,720.99,0.8872,0,0,recovered_exit,inner_start,151,3461,0.7698009320545907,0,1
09-41-28.mp4,90007,284252,21438,3475,0,Bactrocera correcta,0,0,enter,1,7,1054.28,690.02,0.8511,0,0,tracked_enter,,152,,,,
09-41-28.mp4,91426,285671,21492,3489,0,Bactrocera correcta,1,1,exit,-1,6,1022.9,775.56,0.8276,0,0,recovered_exit,inner_start,102,2352,0.5371697113639167,1,0
09-41-28.mp4,97464,291709,21755,3516,0,Bactrocera correcta,0,0,exit,-1,5,1321.0,631.34,0.8579,1,17,recovered_exit,inner_start,152,3475,0.8126509721062349,0,1
09-41-28.mp4,99963,294208,21872,3531,1,Bactrocera dorsalis,1,1,enter,1,34,1263.11,618.68,0.8623,0,0,tracked_enter,,153,,,,
09-41-28.mp4,103059,297304,21964,3558,0,Bactrocera correcta,1,1,exit,-1,4,1051.92,614.4,0.9053,0,0,recovered_exit,inner_start,147,3417,0.5534037213636577,1,0
09-41-28.mp4,103330,297575,21479,3482,0,Bactrocera correcta,1,0,enter,1,5,1294.19,651.15,0.7744,0,0,tracked_enter,,154,,,,
09-41-28.mp4,107847,302092,22099,3585,1,Bactrocera dorsalis,1,1,enter,1,35,1229.14,846.02,0.875,0,0,tracked_enter,,155,,,,
09-41-28.mp4,107882,302127,22099,3585,1,Bactrocera dorsalis,1,1,exit,-1,34,1097.33,865.59,0.8809,0,0,tracked_exit,,155,3585,,,
09-41-28.mp4,107917,302162,22180,3608,0,Bactrocera correcta,0,0,exit,-1,4,1019.25,711.55,0.8687,0,0,recovered_exit,inner_start,154,3482,0.7715882552602327,0,1
09-41-28.mp4,108638,302883,22099,3585,1,Bactrocera dorsalis,1,1,enter,1,35,1069.91,652.51,0.8643,0,0,tracked_enter,,156,,,,
09-41-28.mp4,111410,305655,22261,3627,0,Bactrocera correcta,0,0,enter,1,5,1148.76,852.66,0.8008,0,0,tracked_enter,,157,,,,
09-41-28.mp4,116371,310616,22397,3649,1,Bactrocera dorsalis,1,1,enter,1,36,1140.17,598.55,0.8208,0,0,tracked_enter,,158,,,,
09-41-28.mp4,118327,312572,22408,3651,1,Bactrocera dorsalis,1,1,enter,1,37,1131.64,845.38,0.895,0,0,tracked_enter,,159,,,,
09-41-28.mp4,121147,315392,22501,3669,0,Bactrocera correcta,1,1,exit,-1,4,1113.23,573.3,0.8696,0,0,recovered_exit,inner_start,99,2282,0.5596515357957814,1,0
09-41-28.mp4,121532,315777,22727,3695,0,Bactrocera correcta,0,0,enter,1,5,1247.76,605.46,0.8521,0,0,tracked_enter,,160,,,,
09-41-28.mp4,121569,315814,22534,3674,0,Bactrocera correcta,0,0,enter,1,6,1148.17,850.61,0.8696,0,0,tracked_enter,,161,,,,
09-41-28.mp4,126057,320302,22890,3714,1,Bactrocera dorsalis,1,1,enter,1,38,1057.07,681.02,0.8481,0,0,tracked_enter,,162,,,,
09-41-28.mp4,138926,333171,23194,3760,1,Bactrocera dorsalis,1,1,enter,1,39,1317.35,731.24,0.8887,0,0,tracked_enter,,163,,,,
09-41-28.mp4,139841,334086,23205,3762,0,Bactrocera correcta,0,0,enter,1,7,1291.11,804.04,0.8491,0,0,tracked_enter,,164,,,,
09-41-28.mp4,141601,335846,23247,3774,1,Bactrocera dorsalis,1,1,enter,1,40,1238.62,845.98,0.8608,0,0,tracked_enter,,165,,,,
09-41-28.mp4,142509,336754,23315,3784,0,Bactrocera correcta,0,0,enter,1,8,1305.59,780.28,0.8257,0,0,tracked_enter,,166,,,,
09-41-28.mp4,144155,338400,23364,3791,0,Bactrocera correcta,0,0,enter,1,9,1086.87,632.81,0.8848,0,0,tracked_enter,,167,,,,
09-41-28.mp4,144187,338432,23360,3788,1,Bactrocera dorsalis,1,1,enter,1,41,1082.33,646.09,0.769,0,0,tracked_enter,,168,,,,
09-41-28.mp4,144261,338506,23364,3791,0,Bactrocera correcta,0,0,exit,-1,8,1017.87,717.26,0.8765,0,0,tracked_exit,,167,3791,,,
09-41-28.mp4,144271,338516,23360,3788,1,Bactrocera dorsalis,1,1,exit,-1,40,1089.31,588.22,0.9019,0,0,tracked_exit,,168,3788,,,
09-41-28.mp4,145426,339671,23360,3788,1,Bactrocera dorsalis,1,1,enter,1,41,1091.89,628.24,0.8726,0,0,tracked_enter,,169,,,,
09-41-28.mp4,145516,339761,23400,3803,0,Bactrocera correcta,0,0,exit,-1,7,1334.69,646.11,0.8818,0,0,recovered_exit,inner_start,166,3784,0.7621576859559991,0,1
09-41-28.mp4,145525,339770,23360,3788,1,Bactrocera dorsalis,1,1,exit,-1,40,1064.4,606.15,0.895,0,0,tracked_exit,,169,3788,,,
09-41-28.mp4,145661,339906,23402,3804,0,Bactrocera correcta,0,0,enter,1,8,1283.54,813.69,0.8848,0,0,tracked_enter,,170,,,,
09-41-28.mp4,145734,339979,23402,3804,0,Bactrocera correcta,0,0,exit,-1,7,1312.7,831.23,0.8765,0,0,tracked_exit,,170,3804,,,
09-41-28.mp4,145772,340017,23402,3804,0,Bactrocera correcta,0,0,enter,1,8,1257.05,836.85,0.8511,0,0,tracked_enter,,171,,,,
09-41-28.mp4,151183,345428,23547,3825,0,Bactrocera correcta,0,0,enter,1,9,1273.69,624.81,0.8931,0,0,tracked_enter,,172,,,,
09-41-28.mp4,151355,345600,23547,3825,0,Bactrocera correcta,0,0,exit,-1,8,1340.44,787.78,0.8823,0,0,tracked_exit,,172,3825,,,
09-41-28.mp4,153114,347359,23695,3839,0,Bactrocera correcta,0,0,enter,1,9,1131.82,846.96,0.814,0,0,tracked_enter,,173,,,,
09-41-28.mp4,153523,347768,23696,3839,0,Bactrocera correcta,0,0,exit,-1,8,1256.14,574.64,0.8706,1,27,tracked_exit,,173,3839,,,
09-41-28.mp4,153635,347880,23696,3839,0,Bactrocera correcta,0,0,enter,1,9,1252.43,607.81,0.8232,1,27,tracked_enter,,174,,,,
09-41-28.mp4,153711,347956,23693,3837,0,Bactrocera correcta,0,0,enter,1,10,1142.41,597.99,0.8809,0,0,tracked_enter,,175,,,,
09-41-28.mp4,153735,347980,23697,3840,1,Bactrocera dorsalis,1,1,enter,1,41,1058.28,676.55,0.9224,0,0,tracked_enter,,176,,,,
09-41-28.mp4,153752,347997,23693,3837,0,Bactrocera correcta,0,0,exit,-1,9,1190.73,556.37,0.8716,0,0,tracked_exit,,175,3837,,,
09-41-28.mp4,156088,350333,23814,3858,0,Bactrocera correcta,0,0,exit,-1,8,1114.72,876.7,0.8457,0,0,recovered_exit,inner_start,171,3804,0.8275923525099806,0,1
09-41-28.mp4,159023,353268,23890,3866,0,Bactrocera correcta,0,0,enter,1,9,1299.57,655.21,0.8428,0,0,tracked_enter,,177,,,,
09-41-28.mp4,159462,353707,23812,3856,0,Bactrocera correcta,1,1,exit,-1,8,1300.12,606.74,0.8799,0,0,recovered_exit,inner_start,177,3866,0.7317125758837277,1,0
09-41-28.mp4,159568,353813,23812,3856,1,Bactrocera dorsalis,1,1,enter,1,42,1224.38,600.88,0.9067,0,0,tracked_enter,,178,,,,
09-41-28.mp4,159640,353885,23812,3856,1,Bactrocera dorsalis,1,1,exit,-1,41,1245.05,561.21,0.8872,0,0,tracked_exit,,178,3856,,,
09-41-28.mp4,160215,354460,23956,3874,1,Bactrocera dorsalis,1,1,enter,1,42,1151.51,854.12,0.8374,0,0,tracked_enter,,179,,,,
09-41-28.mp4,160843,355088,23956,3874,1,Bactrocera dorsalis,1,1,exit,-1,41,1140.14,564.7,0.8896,0,0,tracked_exit,,179,3874,,,
09-41-28.mp4,162686,356931,24105,3887,0,Bactrocera correcta,1,1,exit,-1,7,1344.76,774.05,0.9287,0,0,recovered_exit,inner_start,174,3839,0.5545304913100844,1,0
09-41-28.mp4,164062,358307,24143,3895,0,Bactrocera correcta,0,0,enter,1,8,1293.42,800.39,0.874,0,0,tracked_enter,,180,,,,
09-41-28.mp4,164681,358926,24170,3899,0,Bactrocera correcta,0,0,exit,-1,7,1018.75,698.56,0.8706,0,0,recovered_exit,inner_start,161,3674,0.7653537441612364,0,1
09-41-28.mp4,164767,359012,24170,3899,0,Bactrocera correcta,0,0,enter,1,8,1072.68,651.35,0.8354,0,0,tracked_enter,,181,,,,
09-41-28.mp4,165332,359577,24206,3906,1,Bactrocera dorsalis,1,1,enter,1,42,1055.46,684.3,0.8765,0,0,tracked_enter,,182,,,,
09-41-28.mp4,165713,359958,24279,3914,0,Bactrocera correcta,0,0,enter,1,9,1103.53,616.61,0.8765,0,0,tracked_enter,,183,,,,
09-41-28.mp4,167531,361776,24302,3918,0,Bactrocera correcta,0,0,exit,-1,8,1351.71,732.22,0.8931,0,0,recovered_exit,inner_start,183,3914,0.9189167541722456,0,1
09-41-28.mp4,167578,361823,24302,3918,0,Bactrocera correcta,0,0,enter,1,9,1309.42,772.16,0.8291,0,0,tracked_enter,,184,,,,
09-41-28.mp4,167609,361854,24302,3918,0,Bactrocera correcta,0,0,exit,-1,8,1317.83,820.79,0.8613,0,0,tracked_exit,,184,3918,,,
09-41-28.mp4,167802,362047,24302,3918,0,Bactrocera correcta,0,0,enter,1,9,1314.89,755.34,0.8818,0,0,tracked_enter,,185,,,,
09-41-28.mp4,167848,362093,24302,3918,0,Bactrocera correcta,0,0,exit,-1,8,1345.21,682.84,0.8799,0,0,tracked_exit,,185,3918,,,
09-41-28.mp4,169829,364074,24302,3918,0,Bactrocera correcta,0,0,enter,1,9,1172.94,589.5,0.8706,0,0,tracked_enter,,186,,,,
09-41-28.mp4,170021,364266,24361,3926,0,Bactrocera correcta,0,0,enter,1,10,1247.16,608.94,0.8569,0,0,tracked_enter,,187,,,,
09-41-28.mp4,170022,364267,24399,3931,1,Bactrocera dorsalis,1,1,enter,1,43,1103.88,616.85,0.8291,0,0,tracked_enter,,188,,,,
09-41-28.mp4,170083,364328,24361,3926,0,Bactrocera correcta,0,0,exit,-1,9,1304.6,609.71,0.876,0,0,tracked_exit,,187,3926,,,
09-41-28.mp4,170134,364379,24408,3918,0,Bactrocera correcta,0,0,exit,-1,8,1350.48,735.16,0.8643,1,14,tracked_exit,,186,3918,,,
09-41-28.mp4,170253,364498,24408,3918,0,Bactrocera correcta,0,0,enter,1,9,1308.71,775.31,0.8154,1,14,tracked_enter,,189,,,,
09-41-28.mp4,170320,364565,24408,3918,0,Bactrocera correcta,0,0,exit,-1,8,1325.01,635.45,0.8965,1,14,tracked_exit,,189,3918,,,
09-41-28.mp4,170414,364659,24408,3918,0,Bactrocera correcta,0,0,enter,1,9,1298.33,655.04,0.8696,1,14,tracked_enter,,190,,,,
09-41-28.mp4,171526,365771,24423,3940,0,Bactrocera correcta,0,0,exit,-1,8,1020.88,698.86,0.8613,0,0,recovered_exit,inner_start,190,3918,0.8007395840917859,0,1
09-41-28.mp4,173504,367749,24536,3962,0,Bactrocera correcta,0,0,exit,-1,7,1107.79,524.92,0.8364,0,0,recovered_exit,outer_start,160,3695,0.744042073414757,0,1
09-41-28.mp4,173799,368044,24491,3951,0,Bactrocera correcta,1,1,exit,-1,6,1311.32,616.31,0.8818,0,0,recovered_exit,inner_start,180,3895,0.5441190012903354,1,0
09-41-28.mp4,175616,369861,24579,3970,0,Bactrocera correcta,0,0,enter,1,7,1160.54,592.42,0.8716,0,0,tracked_enter,,191,,,,
09-41-28.mp4,175715,369960,24579,3970,0,Bactrocera correcta,0,0,exit,-1,6,1051.95,618.43,0.8696,0,0,tracked_exit,,191,3970,,,
09-41-28.mp4,176930,371175,24632,3984,1,Bactrocera dorsalis,1,1,enter,1,44,1075.13,803.0,0.8984,0,0,tracked_enter,,192,,,,
09-41-28.mp4,176971,371216,24632,3984,1,Bactrocera dorsalis,1,1,exit,-1,43,1021.68,758.83,0.8799,0,0,tracked_exit,,192,3984,,,
09-41-28.mp4,177546,371791,24647,3987,1,Bactrocera dorsalis,1,1,enter,1,44,1064.1,665.14,0.8242,0,0,tracked_enter,,193,,,,
09-41-28.mp4,177657,371902,24647,3987,1,Bactrocera dorsalis,1,1,exit,-1,43,1242.85,878.79,0.894,0,0,tracked_exit,,193,3987,,,
09-41-28.mp4,177857,372102,24647,3987,1,Bactrocera dorsalis,1,1,enter,1,44,1107.51,834.38,0.8872,0,0,tracked_enter,,194,,,,
09-41-28.mp4,180761,375006,24773,4004,1,Bactrocera dorsalis,1,1,enter,1,45,1292.48,804.2,0.8887,0,0,tracked_enter,,195,,,,
09-41-28.mp4,180787,375032,24773,4004,1,Bactrocera dorsalis,1,1,exit,-1,44,1318.59,823.85,0.8672,0,0,tracked_exit,,195,4004,,,
09-41-28.mp4,180798,375043,24786,4007,0,Bactrocera correcta,1,1,exit,-1,5,1314.27,840.01,0.8408,0,0,recovered_exit,inner_start,164,3762,0.525639394157364,1,0
09-41-28.mp4,181040,375285,24786,4007,1,Bactrocera dorsalis,1,1,enter,1,45,1288.12,805.99,0.9019,0,0,tracked_enter,,196,,,,
09-41-28.mp4,181127,375372,24809,4010,0,Bactrocera correcta,0,0,enter,1,6,1089.28,630.02,0.8154,0,0,tracked_enter,,197,,,,
09-41-28.mp4,181272,375517,24809,4010,0,Bactrocera correcta,0,0,exit,-1,5,1062.84,608.65,0.8901,0,0,tracked_exit,,197,4010,,,
09-41-28.mp4,181561,375806,24809,4010,0,Bactrocera correcta,0,0,enter,1,6,1136.63,850.18,0.8345,0,0,tracked_enter,,198,,,,
09-41-28.mp4,183777,378022,24962,4024,0,Bactrocera correcta,0,0,exit,-1,5,1041.48,636.77,0.8511,0,0,recovered_exit,inner_start,138,3114,0.8077114084586194,0,1
09-41-28.mp4,187359,381604,25077,4043,0,Bactrocera correcta,0,0,enter,1,6,1061.49,668.77,0.8613,0,0,tracked_enter,,199,,,,
09-41-28.mp4,187421,381666,25077,4043,0,Bactrocera correcta,0,0,exit,-1,5,1081.2,590.75,0.9048,0,0,tracked_exit,,199,4043,,,
09-41-28.mp4,187723,381968,25101,4045,0,Bactrocera correcta,0,0,enter,1,6,1313.41,745.83,0.8726,0,0,tracked_enter,,200,,,,
09-41-28.mp4,188235,382480,25134,4049,0,Bactrocera correcta,0,0,exit,-1,5,1139.85,563.56,0.8843,0,0,recovered_exit,inner_start,200,4045,0.7966162041562084,0,1
09-41-28.mp4,188268,382513,25134,4049,0,Bactrocera correcta,0,0,enter,1,6,1242.85,607.03,0.8911,0,0,tracked_enter,,201,,,,
09-41-28.mp4,188453,382698,25134,4049,0,Bactrocera correcta,0,0,exit,-1,5,1214.7,555.69,0.8643,0,0,tracked_exit,,201,4049,,,
09-41-28.mp4,190991,385236,25241,4069,0,Bactrocera correcta,0,0,enter,1,6,1106.58,831.38,0.854,0,0,tracked_enter,,202,,,,
09-41-28.mp4,192080,386325,25195,4061,1,Bactrocera dorsalis,1,1,enter,1,46,1317.7,708.99,0.8652,0,0,tracked_enter,,203,,,,
09-41-28.mp4,192138,386383,25195,4061,1,Bactrocera dorsalis,1,1,exit,-1,45,1350.3,725.32,0.856,0,0,tracked_exit,,203,4061,,,
09-41-28.mp4,194558,388803,25385,4087,1,Bactrocera dorsalis,1,1,enter,1,46,1201.13,853.84,0.8208,0,0,tracked_enter,,204,,,,
09-41-28.mp4,196171,390416,25445,4099,0,Bactrocera correcta,0,0,exit,-1,5,1337.88,663.67,0.895,0,0,recovered_exit,inner_start,202,4069,0.8165172545367674,0,1
09-41-28.mp4,196239,390484,25453,4103,0,Bactrocera correcta,1,1,exit,-1,4,1352.67,727.71,0.874,0,0,recovered_exit,inner_start,157,3627,0.546819251033273,1,0
09-41-28.mp4,199068,393313,25612,4126,0,Bactrocera correcta,0,0,enter,1,5,1143.39,596.37,0.8682,0,0,tracked_enter,,205,,,,
09-41-28.mp4,200501,394746,25612,4126,0,Bactrocera correcta,0,0,exit,-1,4,1174.06,556.65,0.7646,0,0,tracked_exit,,205,4126,,,
10-41-29.mp4,1862,397774,25787,4158,0,Bactrocera correcta,1,1,exit,-1,3,1284.56,553.97,0.7446,0,0,recovered_exit,outer_start,92,1961,0.5285699737118021,1,0
10-41-29.mp4,1956,397868,25786,4157,1,Bactrocera dorsalis,1,1,enter,1,47,1181.07,589.08,0.8223,0,0,tracked_enter,,206,,,,
10-41-29.mp4,2131,398043,25798,4161,0,Bactrocera correcta,0,0,exit,-1,2,1340.11,824.38,0.874,0,0,recovered_exit,outer_start,181,3899,0.6937961110803368,0,1
10-41-29.mp4,2793,398705,25787,4158,1,Bactrocera dorsalis,1,1,enter,1,48,1268.06,618.57,0.915,0,0,tracked_enter,,207,,,,
10-41-29.mp4,3081,398993,25787,4158,1,Bactrocera dorsalis,1,1,exit,-1,47,1298.37,604.91,0.874,0,0,tracked_exit,,207,4158,,,
10-41-29.mp4,3436,399348,25745,4126,0,Bactrocera correcta,0,0,enter,1,3,1301.07,659.57,0.7637,1,1,tracked_enter,,208,,,,
10-41-29.mp4,4128,400040,25787,4158,1,Bactrocera dorsalis,1,1,enter,1,48,1312.62,707.18,0.8633,0,0,tracked_enter,,209,,,,
10-41-29.mp4,4293,400205,25787,4158,1,Bactrocera dorsalis,1,1,exit,-1,47,1337.84,660.59,0.876,0,0,tracked_exit,,209,4158,,,
10-41-29.mp4,5528,401440,25848,4176,0,Bactrocera correcta,0,0,exit,-1,2,1306.29,612.87,0.8672,0,0,recovered_exit,inner_start,208,4126,0.799346729713059,0,1
10-41-29.mp4,6403,402315,25933,4186,0,Bactrocera correcta,0,0,enter,1,3,1193.04,589.78,0.8599,0,0,tracked_enter,,210,,,,
10-41-29.mp4,8372,404284,26062,4208,0,Bactrocera correcta,0,0,enter,1,4,1184.52,592.29,0.8887,0,0,tracked_enter,,211,,,,
10-41-29.mp4,8509,404421,26062,4208,0,Bactrocera correcta,0,0,exit,-1,3,1051.53,622.74,0.8682,0,0,tracked_exit,,211,4208,,,
10-41-29.mp4,15554,411466,26208,4234,1,Bactrocera dorsalis,1,1,enter,1,48,1257.2,835.85,0.8784,0,0,tracked_enter,,212,,,,
10-41-29.mp4,15570,411482,26208,4234,1,Bactrocera dorsalis,1,1,exit,-1,47,1271.55,865.24,0.875,0,0,tracked_exit,,212,4234,,,
10-41-29.mp4,15653,411565,26217,4238,0,Bactrocera correcta,0,0,exit,-1,2,1349.86,735.57,0.8843,0,0,recovered_exit,inner_start,210,4186,0.7848807067885539,0,1
10-41-29.mp4,16378,412290,26217,4238,0,Bactrocera correcta,0,0,enter,1,3,1293.64,799.21,0.8706,0,0,tracked_enter,,213,,,,
10-41-29.mp4,16777,412689,26341,4257,0,Bactrocera correcta,0,0,enter,1,4,1219.87,594.62,0.876,1,4,tracked_enter,,214,,,,
10-41-29.mp4,16913,412825,26341,4257,0,Bactrocera correcta,0,0,exit,-1,3,1236.5,564.7,0.8887,1,4,tracked_exit,,214,4257,,,
10-41-29.mp4,29795,425707,26636,4300,0,Bactrocera correcta,0,0,enter,1,4,1313.18,700.69,0.8818,0,0,tracked_enter,,215,,,,
10-41-29.mp4,30388,426300,26683,4306,0,Bactrocera correcta,0,0,enter,1,5,1096.4,622.12,0.8662,0,0,tracked_enter,,216,,,,
10-41-29.mp4,31172,427084,26748,4310,0,Bactrocera correcta,0,0,exit,-1,4,1023.48,590.58,0.8818,1,2,recovered_exit,inner_start,216,4306,0.9602168418958168,0,1
10-41-29.mp4,31480,427392,26757,4314,0,Bactrocera correcta,0,0,enter,1,5,1115.83,609.37,0.8447,0,0,tracked_enter,,217,,,,
10-41-29.mp4,38326,434238,26984,4341,0,Bactrocera correcta,1,1,exit,-1,4,1045.53,851.79,0.8809,0,0,recovered_exit,outer_start,215,4300,0.6991168931319072,1,0
10-41-29.mp4,41606,437518,27064,4353,0,Bactrocera correcta,0,0,enter,1,5,1116.85,839.73,0.8276,1,16,tracked_enter,,218,,,,
10-41-29.mp4,42750,438662,27087,4363,0,Bactrocera correcta,1,1,exit,-1,4,1022.33,685.6,0.8521,0,0,recovered_exit,inner_start,213,4238,0.5710904131863495,1,0
10-41-29.mp4,44765,440677,27443,4399,0,Bactrocera correcta,0,0,enter,1,5,1234.32,600.97,0.8232,0,0,tracked_enter,,219,,,,
10-41-29.mp4,44775,440687,27406,4395,1,Bactrocera dorsalis,1,1,enter,1,48,1239.97,846.7,0.8608,0,0,tracked_enter,,220,,,,
10-41-29.mp4,44845,440757,27087,4363,1,Bactrocera dorsalis,1,1,enter,1,49,1315.82,696.0,0.8857,0,0,tracked_enter,,221,,,,
10-41-29.mp4,45312,441224,27087,4363,1,Bactrocera dorsalis,1,1,exit,-1,48,1347.75,699.1,0.8896,0,0,tracked_exit,,221,4363,,,
10-41-29.mp4,45508,441420,27087,4363,1,Bactrocera dorsalis,1,1,enter,1,49,1203.62,855.89,0.8301,0,0,tracked_enter,,222,,,,
10-41-29.mp4,45830,441742,27087,4363,1,Bactrocera dorsalis,1,1,exit,-1,48,1172.79,558.12,0.8999,0,0,tracked_exit,,222,4363,,,
10-41-29.mp4,45883,441795,27087,4363,1,Bactrocera dorsalis,1,1,enter,1,49,1209.36,591.68,0.8784,0,0,tracked_enter,,223,,,,
10-41-29.mp4,46244,442156,27198,4373,0,Bactrocera correcta,0,0,enter,1,6,1316.23,710.99,0.8457,0,0,tracked_enter,,224,,,,
10-41-29.mp4,47995,443907,27509,4412,0,Bactrocera correcta,0,0,enter,1,7,1143.72,851.93,0.772,0,0,tracked_enter,,225,,,,
10-41-29.mp4,48046,443958,27509,4412,0,Bactrocera correcta,0,0,exit,-1,6,1126.95,880.27,0.8774,0,0,tracked_exit,,225,4412,,,
10-41-29.mp4,48172,444084,27509,4412,0,Bactrocera correcta,0,0,enter,1,7,1115.83,837.47,0.8682,0,0,tracked_enter,,226,,,,
10-41-29.mp4,48183,444095,27509,4412,0,Bactrocera correcta,0,0,exit,-1,6,1088.09,868.82,0.8862,0,0,tracked_exit,,226,4412,,,
10-41-29.mp4,48328,444240,27511,4414,0,Bactrocera correcta,0,0,exit,-1,5,1122.84,880.45,0.876,0,0,recovered_exit,inner_start,224,4373,0.7301069632561308,0,1
10-41-29.mp4,48975,444887,27541,4422,1,Bactrocera dorsalis,1,1,enter,1,50,1194.26,858.4,0.8491,0,0,tracked_enter,,227,,,,
10-41-29.mp4,49086,444998,27540,4421,0,Bactrocera correcta,0,0,enter,1,6,1095.04,823.14,0.855,0,0,tracked_enter,,228,,,,
10-41-29.mp4,49195,445107,27511,4414,0,Bactrocera correcta,0,0,enter,1,7,1212.7,854.77,0.8608,0,0,tracked_enter,,229,,,,
10-41-29.mp4,50119,446031,27601,4428,0,Bactrocera correcta,0,1,exit,-1,6,1246.09,566.95,0.8774,1,21,recovered_exit,inner_start,229,4414,0.6307032236049737,1,0
10-41-29.mp4,50492,446404,27627,4437,0,Bactrocera correcta,1,1,exit,-1,5,1237.19,566.68,0.8652,0,0,recovered_exit,inner_start,217,4314,0.5203103267121728,1,0
10-41-29.mp4,50625,446537,27633,4440,0,Bactrocera correcta,0,0,exit,-1,4,1354.58,715.76,0.8608,1,27,recovered_exit,inner_start,228,4421,0.8020889089677135,0,1
10-41-29.mp4,50661,446573,27633,4440,0,Bactrocera correcta,0,0,enter,1,5,1308.6,672.73,0.9033,1,27,tracked_enter,,230,,,,
10-41-29.mp4,51074,446986,27682,4444,1,Bactrocera dorsalis,1,1,enter,1,51,1316.76,700.93,0.8418,0,0,tracked_enter,,231,,,,
10-41-29.mp4,52799,448711,27856,4470,0,Bactrocera correcta,0,0,exit,-1,4,1256.07,873.26,0.8589,0,0,recovered_exit,inner_start,230,4440,0.7212929648170632,0,1
10-41-29.mp4,53381,449293,27861,4472,0,Bactrocera correcta,0,0,exit,-1,3,1353.91,744.3,0.8843,0,0,recovered_exit,inner_start,218,4353,0.7188358245960427,0,1
10-41-29.mp4,57615,453527,28074,4487,1,Bactrocera dorsalis,1,1,enter,1,52,1215.18,818.1,0.7007,1,2,tracked_enter,,232,,,,
10-41-29.mp4,57616,453528,28073,4487,1,Bactrocera dorsalis,1,1,exit,-1,51,1301.18,882.77,0.646,1,1,tracked_exit,,232,4487,,,
10-41-29.mp4,60260,456172,28297,4500,0,Bactrocera correcta,0,1,exit,-1,2,1017.91,720.27,0.8848,0,0,recovered_exit,inner_start,219,4399,0.5121225169792119,1,0
10-41-29.mp4,67737,463649,28630,4526,0,Bactrocera correcta,0,0,enter,1,3,1317.55,738.8,0.856,0,0,tracked_enter,,233,,,,
10-41-29.mp4,67946,463858,28630,4526,0,Bactrocera correcta,0,0,exit,-1,2,1356.49,722.08,0.8706,0,0,tracked_exit,,233,4526,,,
10-41-29.mp4,68662,464574,28634,4528,0,Bactrocera correcta,0,0,enter,1,3,1302.33,659.78,0.8926,0,0,tracked_enter,,234,,,,
10-41-29.mp4,69843,465755,28695,4540,1,Bactrocera dorsalis,1,1,enter,1,52,1309.64,701.98,0.7534,0,0,tracked_enter,,235,,,,
10-41-29.mp4,69857,465769,28696,4540,1,Bactrocera dorsalis,1,1,exit,-1,51,673.7,752.31,0.8457,1,2,tracked_exit,,235,4540,,,
10-41-29.mp4,72511,468423,28803,4553,0,Bactrocera correcta,0,0,exit,-1,2,1337.66,791.96,0.8633,0,0,recovered_exit,inner_start,234,4528,0.7838819930927057,0,1
10-41-29.mp4,72582,468494,28902,4560,0,Bactrocera correcta,0,0,enter,1,3,1243.4,843.71,0.8633,0,0,tracked_enter,,236,,,,
10-41-29.mp4,72614,468526,28958,4566,1,Bactrocera dorsalis,1,1,enter,1,52,1070.34,794.71,0.8931,0,0,tracked_enter,,237,,,,
10-41-29.mp4,72703,468615,28902,4560,0,Bactrocera correcta,0,0,exit,-1,2,1276.49,860.81,0.874,0,0,tracked_exit,,236,4560,,,
10-41-29.mp4,72920,468832,28902,4560,0,Bactrocera correcta,0,0,enter,1,3,1150.67,854.82,0.6738,0,0,tracked_enter,,238,,,,
10-41-29.mp4,72947,468859,28902,4560,0,Bactrocera correcta,1,0,exit,-1,2,1152.06,902.37,0.5815,0,0,tracked_exit,,238,4560,,,
10-41-29.mp4,73041,468953,28902,4560,0,Bactrocera correcta,0,0,enter,1,3,1171.49,858.32,0.769,0,0,tracked_enter,,239,,,,
10-41-29.mp4,73192,469104,28902,4560,0,Bactrocera correcta,0,0,exit,-1,2,1224.7,885.62,0.875,0,0,tracked_exit,,239,4560,,,
10-41-29.mp4,74140,470052,29075,4585,0,Bactrocera correcta,0,0,enter,1,3,1170.94,594.31,0.8848,0,0,tracked_enter,,240,,,,
10-41-29.mp4,74594,470506,29083,4587,0,Bactrocera correcta,0,0,enter,1,4,1124.55,605.74,0.8706,0,0,tracked_enter,,241,,,,
10-41-29.mp4,74699,470611,29083,4587,0,Bactrocera correcta,0,0,exit,-1,3,1111.82,572.42,0.9136,0,0,tracked_exit,,241,4587,,,
10-41-29.mp4,76352,472264,29214,4598,0,Bactrocera correcta,0,0,enter,1,4,1080.71,799.82,0.8599,0,0,tracked_enter,,242,,,,
10-41-29.mp4,76615,472527,29245,4598,0,Bactrocera correcta,0,0,exit,-1,3,1071.75,601.34,0.8789,1,17,tracked_exit,,242,4598,,,
10-41-29.mp4,76917,472829,29240,4601,0,Bactrocera correcta,0,0,exit,-1,2,1349.11,722.94,0.9019,0,0,recovered_exit,inner_start,240,4585,0.7860094029433957,0,1
10-41-29.mp4,80141,476053,29394,4619,1,Bactrocera dorsalis,1,1,enter,1,53,1310.71,755.44,0.8872,0,0,tracked_enter,,243,,,,
10-41-29.mp4,84631,480543,29621,4647,0,Bactrocera correcta,0,0,enter,1,3,1077.27,798.77,0.8398,0,0,tracked_enter,,244,,,,
10-41-29.mp4,84706,480618,29621,4647,0,Bactrocera correcta,0,0,exit,-1,2,1013.48,744.72,0.8613,0,0,tracked_exit,,244,4647,,,
10-41-29.mp4,88500,484412,29711,4660,1,Bactrocera dorsalis,1,1,enter,1,54,1218.94,594.29,0.8511,0,0,tracked_enter,,245,,,,
10-41-29.mp4,88583,484495,29711,4660,1,Bactrocera dorsalis,1,1,exit,-1,53,1031.0,793.15,0.8311,0,0,tracked_exit,,245,4660,,,
10-41-29.mp4,90727,486639,29814,4673,0,Bactrocera correcta,0,1,exit,-1,1,1045.73,821.99,0.8818,0,0,recovered_exit,inner_start,198,4010,0.5212532642482984,1,0
10-41-29.mp4,91374,487286,29860,4680,0,Bactrocera correcta,0,0,enter,1,2,1305.91,779.53,0.8521,0,0,tracked_enter,,246,,,,
10-41-29.mp4,91904,487816,29863,4681,0,Bactrocera correcta,0,0,enter,1,3,1170.65,589.7,0.8599,0,0,tracked_enter,,247,,,,
10-41-29.mp4,94467,490379,29923,4697,0,Bactrocera correcta,0,0,enter,1,4,1305.2,779.26,0.8652,0,0,tracked_enter,,248,,,,
10-41-29.mp4,99789,495701,30049,4720,0,Bactrocera correcta,0,0,enter,1,5,1052.73,751.43,0.876,0,0,tracked_enter,,249,,,,
10-41-29.mp4,99940,495852,30049,4720,0,Bactrocera correcta,0,0,exit,-1,4,1040.36,809.2,0.8608,0,0,tracked_exit,,249,4720,,,
10-41-29.mp4,101718,497630,30168,4733,0,Bactrocera correcta,0,0,enter,1,5,1217.75,594.17,0.8765,0,0,tracked_enter,,250,,,,
10-41-29.mp4,102243,498155,30271,4750,0,Bactrocera correcta,0,1,exit,-1,4,1033.33,653.27,0.894,0,0,recovered_exit,inner_start,250,4733,0.7612986834177731,1,0
10-41-29.mp4,104970,500882,30499,4772,1,Bactrocera dorsalis,1,1,enter,1,54,1278.4,637.82,0.853,0,0,tracked_enter,,251,,,,
10-41-29.mp4,105065,500977,30574,4776,0,Bactrocera correcta,1,1,exit,-1,3,1353.7,712.76,0.8931,0,0,recovered_exit,inner_start,248,4697,0.6152073808910979,1,0
10-41-29.mp4,105077,500989,30545,4773,0,Bactrocera correcta,0,0,enter,1,4,1257.74,613.84,0.8521,0,0,tracked_enter,,252,,,,
10-41-29.mp4,106066,501978,30703,4787,0,Bactrocera correcta,0,0,enter,1,5,1115.8,838.67,0.8579,0,0,tracked_enter,,253,,,,
10-41-29.mp4,108039,503951,30762,4790,0,Bactrocera correcta,0,1,exit,-1,4,1035.95,807.44,0.8608,1,16,recovered_exit,inner_start,247,4681,0.6135604020588846,1,0
10-41-29.mp4,108370,504282,30762,4790,0,Bactrocera correcta,0,0,enter,1,5,1053.33,752.7,0.8389,1,16,tracked_enter,,254,,,,
10-41-29.mp4,108803,504715,30762,4790,0,Bactrocera correcta,0,1,exit,-1,4,1023.75,763.91,0.8374,1,16,tracked_exit,,254,4790,,,
10-41-29.mp4,108842,504754,30762,4790,1,Bactrocera dorsalis,0,1,enter,1,55,1059.25,767.62,0.856,1,16,tracked_enter,,255,,,,
10-41-29.mp4,109560,505472,30777,4798,0,Bactrocera correcta,0,1,exit,-1,3,1123.71,878.16,0.8374,0,0,recovered_exit,inner_start,253,4787,0.5962638409818333,1,0
10-41-29.mp4,110850,506762,30786,4799,0,Bactrocera correcta,1,1,exit,-1,2,1078.63,596.85,0.9097,0,0,recovered_exit,inner_start,246,4680,0.5340989391777805,1,0
10-41-29.mp4,110981,506893,30790,4802,0,Bactrocera correcta,0,0,enter,1,3,1072.52,649.2,0.8511,0,0,tracked_enter,,256,,,,
10-41-29.mp4,119966,515878,31213,4849,1,Bactrocera dorsalis,0,1,enter,1,56,1085.2,799.64,0.8032,0,0,tracked_enter,,257,,,,
10-41-29.mp4,123976,519888,31294,4862,1,Bactrocera dorsalis,1,1,enter,1,57,1270.19,827.71,0.9136,0,0,tracked_enter,,258,,,,
10-41-29.mp4,124726,520638,31318,4866,1,Bactrocera dorsalis,1,1,enter,1,58,1121.74,604.92,0.8374,1,5,tracked_enter,,259,,,,
10-41-29.mp4,126676,522588,31406,4876,0,Bactrocera correcta,0,0,exit,-1,2,1296.88,588.25,0.8857,0,0,recovered_exit,inner_start,252,4773,0.7679059893770783,0,1
10-41-29.mp4,128756,524668,31425,4881,0,Bactrocera correcta,0,0,enter,1,3,1233.46,600.5,0.855,0,0,tracked_enter,,260,,,,
10-41-29.mp4,130724,526636,31618,4912,0,Bactrocera correcta,0,0,enter,1,4,1087.71,804.06,0.8398,0,0,tracked_enter,,261,,,,
10-41-29.mp4,130932,526844,31695,4921,0,Bactrocera correcta,1,1,exit,-1,3,1042.97,591.86,0.8374,0,0,recovered_exit,outer_start,261,4912,0.6715670344726933,1,0
10-41-29.mp4,131222,527134,31631,4914,0,Bactrocera correcta,0,0,enter,1,4,1313.13,702.29,0.8257,0,0,tracked_enter,,262,,,,
10-41-29.mp4,131252,527164,31631,4914,0,Bactrocera correcta,0,0,exit,-1,3,1349.71,731.42,0.8882,0,0,tracked_exit,,262,4914,,,
10-41-29.mp4,133251,529163,31745,4927,0,Bactrocera correcta,1,1,exit,-1,2,1418.18,770.36,0.7578,0,0,recovered_exit,outer_start,260,4881,0.46670354924731605,1,0
10-41-29.mp4,138558,534470,31906,4951,0,Bactrocera correcta,0,0,exit,-1,1,1026.25,783.48,0.8418,0,0,recovered_exit,inner_start,256,4802,0.7248805118558252,0,1
10-41-29.mp4,141794,537706,31960,4959,0,Bactrocera correcta,0,0,enter,1,2,1289.85,644.39,0.8672,0,0,tracked_enter,,263,,,,
10-41-29.mp4,143300,539212,32056,4968,0,Bactrocera correcta,0,0,enter,1,3,1239.59,842.39,0.814,0,0,tracked_enter,,264,,,,
10-41-29.mp4,144029,539941,32108,4974,0,Bactrocera correcta,0,0,enter,1,4,1315.67,694.65,0.8823,0,0,tracked_enter,,265,,,,
10-41-29.mp4,145368,541280,32155,4985,0,Bactrocera correcta,0,0,enter,1,5,1277.28,799.38,0.8457,1,3,tracked_enter,,266,,,,
10-41-29.mp4,147951,543863,32193,4991,0,Bactrocera correcta,0,0,enter,1,6,1318.5,712.95,0.8643,0,0,tracked_enter,,267,,,,
10-41-29.mp4,147970,543882,32216,4994,0,Bactrocera correcta,0,0,exit,-1,5,1144.36,560.52,0.876,0,0,recovered_exit,inner_start,266,4985,0.9013533893168357,0,1
10-41-29.mp4,148624,544536,32258,5000,0,Bactrocera correcta,0,0,enter,1,6,1315.56,696.42,0.8662,0,0,tracked_enter,,268,,,,
10-41-29.mp4,158714,554626,32608,5071,0,Bactrocera correcta,0,0,exit,-1,5,1339.25,667.53,0.8599,1,23,recovered_exit,inner_start,263,4959,0.8291044782575385,0,1
10-41-29.mp4,160291,556203,32671,5086,0,Bactrocera correcta,1,1,exit,-1,4,1236.6,538.22,0.5195,0,0,recovered_exit,outer_start,267,4991,0.49574399055611507,1,0
10-41-29.mp4,165047,560959,33008,5128,0,Bactrocera correcta,0,0,exit,-1,3,1115.24,568.47,0.8687,0,0,recovered_exit,inner_start,264,4968,0.7909132862782244,0,1
10-41-29.mp4,168641,564553,33195,5152,0,Bactrocera correcta,0,0,enter,1,4,1055.02,687.88,0.832,0,0,tracked_enter,,269,,,,
10-41-29.mp4,168881,564793,33195,5152,0,Bactrocera correcta,0,0,exit,-1,3,1061.56,612.16,0.8833,0,0,tracked_exit,,269,5152,,,
10-41-29.mp4,169426,565338,33295,5160,0,Bactrocera correcta,0,0,exit,-1,2,1039.16,597.12,0.874,0,0,recovered_exit,outer_start,265,4974,0.7724940830176796,0,1
10-41-29.mp4,169599,565511,33276,5158,0,Bactrocera correcta,0,0,enter,1,3,1207.49,593.46,0.8706,0,0,tracked_enter,,270,,,,
10-41-29.mp4,169677,565589,33295,5160,0,Bactrocera correcta,0,0,enter,1,4,1203.85,590.81,0.8511,0,0,tracked_enter,,271,,,,
10-41-29.mp4,169727,565639,33295,5160,0,Bactrocera correcta,0,0,exit,-1,3,1202.89,559.23,0.8926,0,0,tracked_exit,,271,5160,,,
10-41-29.mp4,169739,565651,33295,5160,0,Bactrocera correcta,0,0,enter,1,4,1154.38,598.42,0.873,0,0,tracked_enter,,272,,,,
10-41-29.mp4,170054,565966,33295,5160,0,Bactrocera correcta,0,0,exit,-1,3,1121.13,569.98,0.8726,0,0,tracked_exit,,272,5160,,,
10-41-29.mp4,170170,566082,33295,5160,0,Bactrocera correcta,0,0,enter,1,4,1290.13,640.84,0.853,0,0,tracked_enter,,273,,,,
10-41-29.mp4,170671,566583,33310,5166,0,Bactrocera correcta,0,0,exit,-1,3,1323.14,818.57,0.8589,0,0,recovered_exit,inner_start,273,5160,0.8098492998342255,0,1
10-41-29.mp4,171210,567122,33324,5169,1,Bactrocera dorsalis,1,1,enter,1,59,1312.16,684.48,0.8579,1,1,tracked_enter,,274,,,,
10-41-29.mp4,171385,567297,33327,5170,0,Bactrocera correcta,0,0,enter,1,4,1120.63,843.19,0.8447,0,0,tracked_enter,,275,,,,
10-41-29.mp4,171555,567467,33327,5170,0,Bactrocera correcta,0,0,exit,-1,3,1036.01,648.91,0.8774,0,0,tracked_exit,,275,5170,,,
10-41-29.mp4,172768,568680,33435,5185,0,Bactrocera correcta,0,0,exit,-1,2,1099.18,580.93,0.8696,0,0,recovered_exit,inner_start,270,5158,0.8125915654642966,0,1
10-41-29.mp4,173410,569322,33556,5197,0,Bactrocera correcta,0,0,exit,-1,1,1343.76,663.25,0.8833,0,0,recovered_exit,inner_start,268,5000,0.7106274381597169,0,1
10-41-29.mp4,175797,571709,33813,5219,0,Bactrocera correcta,0,0,enter,1,2,1195.69,590.92,0.8857,0,0,tracked_enter,,276,,,,
10-41-29.mp4,179070,574982,33970,5237,0,Bactrocera correcta,0,0,enter,1,3,1086.92,817.39,0.856,0,0,tracked_enter,,277,,,,
10-41-29.mp4,181200,577112,34029,5244,0,Bactrocera correcta,0,0,enter,1,4,1193.17,854.99,0.8491,0,0,tracked_enter,,278,,,,
10-41-29.mp4,184316,580228,34144,5257,0,Bactrocera correcta,0,0,enter,1,5,1149.13,595.4,0.9028,0,0,tracked_enter,,279,,,,
10-41-29.mp4,185760,581672,34186,5269,0,Bactrocera correcta,0,0,enter,1,6,1064.75,783.82,0.8018,0,0,tracked_enter,,280,,,,
10-41-29.mp4,185900,581812,34186,5269,0,Bactrocera correcta,0,0,exit,-1,5,1035.36,796.57,0.8335,0,0,tracked_exit,,280,5269,,,
10-41-29.mp4,185985,581897,34256,5278,0,Bactrocera correcta,0,1,exit,-1,4,1024.33,776.27,0.8511,0,0,recovered_exit,inner_start,276,5219,0.6420330476630152,1,0
10-41-29.mp4,186268,582180,34186,5269,0,Bactrocera correcta,0,0,enter,1,5,1064.49,778.25,0.7075,0,0,tracked_enter,,281,,,,
10-41-29.mp4,187258,583170,34186,5269,0,Bactrocera correcta,0,0,exit,-1,4,1027.71,653.48,0.9019,0,0,tracked_exit,,281,5269,,,
10-41-29.mp4,187305,583217,34186,5269,0,Bactrocera correcta,0,0,enter,1,5,1063.53,666.88,0.8335,0,0,tracked_enter,,282,,,,
10-41-29.mp4,187307,583219,34393,5269,0,Bactrocera correcta,0,0,exit,-1,4,1048.86,616.68,0.8687,1,1,tracked_exit,,282,5269,,,
10-41-29.mp4,187494,583406,34395,5305,0,Bactrocera correcta,0,0,enter,1,5,1073.21,646.92,0.854,0,0,tracked_enter,,283,,,,
10-41-29.mp4,188511,584423,34529,5318,0,Bactrocera correcta,0,0,exit,-1,4,1026.96,655.53,0.876,0,0,recovered_exit,inner_start,283,5305,0.7615403937621728,0,1
10-41-29.mp4,190356,586268,34583,5332,0,Bactrocera correcta,1,0,enter,1,5,1108.16,834.41,0.7124,0,0,tracked_enter,,284,,,,
10-41-29.mp4,190544,586456,34556,5327,1,Bactrocera dorsalis,0,1,exit,-1,58,1322.67,814.88,0.8687,0,0,recovered_exit,inner_start,139,3137,0.9513399978085888,1,1
10-41-29.mp4,191378,587290,34645,5341,1,Bactrocera dorsalis,1,1,enter,1,59,1080.63,642.58,0.8521,0,0,tracked_enter,,285,,,,
10-41-29.mp4,192177,588089,34622,5338,1,Bactrocera dorsalis,1,1,enter,1,60,1061.94,672.2,0.8311,0,0,tracked_enter,,286,,,,
10-41-29.mp4,194813,590725,34743,5364,0,Bactrocera correcta,0,0,enter,1,6,1315.56,749.77,0.897,0,0,tracked_enter,,287,,,,
10-41-29.mp4,194939,590851,34743,5364,0,Bactrocera correcta,0,0,exit,-1,5,1311.26,829.78,0.8931,0,0,tracked_exit,,287,5364,,,
10-41-29.mp4,195012,590924,34802,5371,0,Bactrocera correcta,1,1,exit,-1,4,1348.79,766.46,0.8989,0,0,recovered_exit,inner_start,284,5332,0.6023666761524571,1,0
10-41-29.mp4,195566,591478,34843,5378,1,Bactrocera dorsalis,1,1,enter,1,61,1290.63,656.33,0.8706,0,0,tracked_enter,,288,,,,
10-41-29.mp4,195828,591740,34843,5378,1,Bactrocera dorsalis,1,1,exit,-1,60,1232.19,881.84,0.894,0,0,tracked_exit,,288,5378,,,
10-41-29.mp4,195867,591779,34843,5378,1,Bactrocera dorsalis,1,1,enter,1,61,1099.89,828.91,0.8799,0,0,tracked_enter,,289,,,,
10-41-29.mp4,196131,592043,34843,5378,1,Bactrocera dorsalis,1,1,exit,-1,60,1348.64,766.24,0.8882,0,0,tracked_exit,,289,5378,,,
10-41-29.mp4,196492,592404,34926,5394,1,Bactrocera dorsalis,1,1,enter,1,61,1235.25,843.84,0.8364,0,0,tracked_enter,,290,,,,
10-41-29.mp4,196526,592438,34926,5394,1,Bactrocera dorsalis,1,1,exit,-1,60,1244.94,886.14,0.8633,0,0,tracked_exit,,290,5394,,,
10-41-29.mp4,196532,592444,34923,5392,0,Bactrocera correcta,1,1,exit,-1,3,1240.23,907.89,0.457,0,0,recovered_exit,inner_start,277,5237,0.5206445169558855,1,0
10-41-29.mp4,196573,592485,34926,5394,1,Bactrocera dorsalis,1,1,enter,1,61,1241.97,845.3,0.8257,0,0,tracked_enter,,291,,,,
10-41-29.mp4,196575,592487,34926,5394,1,Bactrocera dorsalis,1,1,exit,-1,60,1253.72,878.5,0.8057,0,0,tracked_exit,,291,5394,,,
10-41-29.mp4,196585,592497,34935,5398,1,Bactrocera dorsalis,1,1,enter,1,61,1124.94,844.92,0.876,0,0,tracked_enter,,292,,,,
10-41-29.mp4,196620,592532,34926,5394,1,Bactrocera dorsalis,1,1,enter,1,62,1317.59,707.56,0.8398,0,0,tracked_enter,,293,,,,
10-41-29.mp4,196626,592538,34926,5394,1,Bactrocera dorsalis,1,1,exit,-1,61,1323.96,635.16,0.8335,0,0,tracked_exit,,293,5394,,,
10-41-29.mp4,196641,592553,34945,5399,0,Bactrocera correcta,0,0,enter,1,4,1153.51,596.75,0.7607,1,8,tracked_enter,,294,,,,
10-41-29.mp4,196642,592554,34926,5394,1,Bactrocera dorsalis,1,1,enter,1,62,1235.14,601.15,0.8267,0,0,tracked_enter,,295,,,,
10-41-29.mp4,196664,592576,34970,5406,0,Bactrocera correcta,1,1,exit,-1,3,1323.59,812.19,0.8716,0,0,recovered_exit,inner_start,279,5257,0.4914938859062608,1,0
10-41-29.mp4,197573,593485,35026,5420,0,Bactrocera correcta,0,0,exit,-1,2,1257.12,570.45,0.8809,0,0,recovered_exit,inner_start,294,5399,0.8134560274601952,0,1
10-41-29.mp4,197988,593900,35026,5420,0,Bactrocera correcta,0,0,enter,1,3,1257.51,615.01,0.875,0,0,tracked_enter,,296,,,,
10-41-29.mp4,198639,594551,34860,5385,0,Bactrocera correcta,0,0,enter,1,4,1057.65,676.87,0.8105,0,0,tracked_enter,,297,,,,
10-41-29.mp4,198816,594728,34860,5385,0,Bactrocera correcta,0,0,exit,-1,3,1019.01,731.56,0.8335,0,0,tracked_exit,,297,5385,,,
10-41-29.mp4,198879,594791,34860,5385,0,Bactrocera correcta,0,0,enter,1,4,1050.15,737.99,0.8311,0,0,tracked_enter,,298,,,,
10-41-29.mp4,199011,594923,34860,5433,0,Bactrocera correcta,0,0,exit,-1,3,1070.82,850.41,0.7788,0,0,recovered_exit,inner_start,296,5420,0.8010237713811068,0,1
10-41-29.mp4,199045,594957,35073,5432,0,Bactrocera correcta,0,1,exit,-1,2,1030.42,784.81,0.8032,1,28,recovered_exit,inner_start,298,5385,0.6684354662011451,1,0
10-41-29.mp4,199062,594974,35056,5428,0,Bactrocera correcta,1,1,exit,-1,1,1250.85,878.25,0.832,0,0,recovered_exit,inner_start,278,5244,0.5285179762824386,1,0
10-41-29.mp4,199846,595758,35073,5432,0,Bactrocera correcta,0,0,enter,1,2,1313.3,686.71,0.8774,1,28,tracked_enter,,299,,,,
10-41-29.mp4,200007,595919,34860,5433,0,Bactrocera correcta,0,0,enter,1,3,1222.03,853.41,0.8623,0,0,tracked_enter,,300,,,,
10-41-29.mp4,200374,596286,35212,5449,0,Bactrocera correcta,0,0,exit,-1,2,1171.18,558.49,0.8809,0,0,recovered_exit,inner_start,299,5432,0.751945951849118,0,1
10-41-29.mp4,201387,597299,35061,5429,0,Bactrocera correcta,0,1,exit,-1,1,1265.01,576.04,0.9014,0,0,recovered_exit,inner_start,300,5433,0.5529885359105562,1,0
11-41-30.mp4,1658,599208,35302,5406,1,Bactrocera dorsalis,1,1,enter,1,63,1140.12,596.94,0.8696,1,1,tracked_enter,,301,,,,
11-41-30.mp4,2809,600359,35302,5406,1,Bactrocera dorsalis,1,1,exit,-1,62,1228.49,883.05,0.8896,1,1,tracked_exit,,301,5406,,,
11-41-30.mp4,3579,601129,35471,5486,0,Bactrocera correcta,0,0,enter,1,2,1240.77,844.36,0.8428,1,2,tracked_enter,,302,,,,
11-41-30.mp4,4320,601870,35496,5488,1,Bactrocera dorsalis,1,1,enter,1,63,1055.78,759.83,0.8599,0,0,tracked_enter,,303,,,,
11-41-30.mp4,4696,602246,35518,5491,1,Bactrocera dorsalis,1,1,enter,1,64,1120.27,613.25,0.8608,0,0,tracked_enter,,304,,,,
11-41-30.mp4,4735,602285,35518,5491,1,Bactrocera dorsalis,1,1,exit,-1,63,1023.85,668.06,0.8208,0,0,tracked_exit,,304,5491,,,
11-41-30.mp4,5280,602830,35559,5494,0,Bactrocera correcta,0,0,enter,1,3,1067.18,707.39,0.8301,0,0,tracked_enter,,305,,,,
11-41-30.mp4,7129,604679,35849,5540,0,Bactrocera correcta,0,0,enter,1,4,1273.71,824.01,0.874,0,0,tracked_enter,,306,,,,
11-41-30.mp4,7151,604701,35849,5540,0,Bactrocera correcta,0,0,exit,-1,3,1353.25,698.2,0.8643,0,0,tracked_exit,,306,5540,,,
11-41-30.mp4,7172,604722,35849,5540,0,Bactrocera correcta,0,0,enter,1,4,1286.45,637.42,0.8784,0,0,tracked_enter,,307,,,,
11-41-30.mp4,7319,604869,35884,5545,1,Bactrocera dorsalis,0,1,enter,1,64,1137.96,627.66,0.769,1,12,tracked_enter,,308,,,,
11-41-30.mp4,7401,604951,35884,5545,1,Bactrocera dorsalis,0,1,exit,-1,63,1100.78,581.38,0.8843,1,12,tracked_exit,,308,5545,,,
11-41-30.mp4,7456,605006,35849,5540,0,Bactrocera correcta,0,1,exit,-1,3,1254.96,573.24,0.8882,0,0,tracked_exit,,307,5540,,,
11-41-30.mp4,7476,605026,35884,5545,1,Bactrocera dorsalis,0,1,enter,1,64,1085.21,634.03,0.8389,1,12,tracked_enter,,309,,,,
11-41-30.mp4,7539,605089,35849,5540,1,Bactrocera dorsalis,0,1,enter,1,65,1102.5,620.22,0.8662,0,0,tracked_enter,,310,,,,
11-41-30.mp4,7557,605107,35849,5540,1,Bactrocera dorsalis,0,1,exit,-1,64,1033.18,656.58,0.8955,0,0,tracked_exit,,310,5540,,,
11-41-30.mp4,8023,605573,35955,5552,0,Bactrocera correcta,0,0,enter,1,4,1318.25,719.36,0.8335,0,0,tracked_enter,,311,,,,
11-41-30.mp4,9870,607420,36066,5564,1,Bactrocera dorsalis,1,1,enter,1,65,1272.02,621.68,0.9053,1,2,tracked_enter,,312,,,,
11-41-30.mp4,10097,607647,36066,5564,1,Bactrocera dorsalis,1,1,exit,-1,64,1281.78,862.16,0.897,1,2,tracked_exit,,312,5564,,,
11-41-30.mp4,10262,607812,36080,5559,0,Bactrocera correcta,0,0,exit,-1,3,1056.07,829.87,0.8608,1,3,recovered_exit,inner_start,305,5494,0.8283350339474393,0,1
11-41-30.mp4,10468,608018,36080,5559,0,Bactrocera correcta,0,0,enter,1,4,1087.79,817.0,0.8774,1,3,tracked_enter,,313,,,,
11-41-30.mp4,11418,608968,36098,5570,0,Bactrocera correcta,0,0,enter,1,5,1297.93,654.36,0.854,0,0,tracked_enter,,314,,,,
11-41-30.mp4,12245,609795,36175,5583,0,Bactrocera correcta,0,0,enter,1,6,1165.72,854.62,0.8662,0,0,tracked_enter,,315,,,,
11-41-30.mp4,13378,610928,36399,5613,0,Bactrocera correcta,0,0,enter,1,7,1090.8,816.84,0.8018,1,2,tracked_enter,,316,,,,
11-41-30.mp4,14054,611604,36594,5629,0,Bactrocera correcta,0,0,enter,1,8,1082.38,638.73,0.8682,0,0,tracked_enter,,317,,,,
11-41-30.mp4,15171,612721,36601,5632,0,Bactrocera correcta,0,0,enter,1,9,1263.61,830.73,0.8613,0,0,tracked_enter,,318,,,,
11-41-30.mp4,16092,613642,36697,5644,0,Bactrocera correcta,1,0,enter,1,10,1194.82,856.5,0.6636,0,0,tracked_enter,,319,,,,
11-41-30.mp4,16117,613667,36697,5644,0,Bactrocera correcta,0,0,exit,-1,9,1194.3,889.34,0.8599,0,0,tracked_exit,,319,5644,,,
11-41-30.mp4,16185,613735,36697,5644,0,Bactrocera correcta,0,0,enter,1,10,1151.58,853.07,0.8682,0,0,tracked_enter,,320,,,,
11-41-30.mp4,16803,614353,36826,5655,0,Bactrocera correcta,0,0,enter,1,11,1297.17,794.67,0.8623,0,0,tracked_enter,,321,,,,
11-41-30.mp4,18696,616246,36963,5673,1,Bactrocera dorsalis,1,1,enter,1,65,1132.57,601.39,0.8491,0,0,tracked_enter,,322,,,,
11-41-30.mp4,18921,616471,37027,5681,0,Bactrocera correcta,0,0,enter,1,12,1281.88,631.13,0.855,1,2,tracked_enter,,323,,,,
11-41-30.mp4,19128,616678,37027,5681,0,Bactrocera correcta,0,0,exit,-1,11,1276.23,586.85,0.894,1,2,tracked_exit,,323,5681,,,
11-41-30.mp4,19190,616740,37027,5681,0,Bactrocera correcta,0,0,enter,1,12,1068.98,654.33,0.8521,1,2,tracked_enter,,324,,,,
11-41-30.mp4,19275,616825,37061,5688,1,Bactrocera dorsalis,0,1,exit,-1,64,1059.47,839.98,0.8599,0,0,recovered_exit,inner_start,309,5545,0.9506869286191766,1,1
11-41-30.mp4,19287,616837,37027,5681,0,Bactrocera correcta,0,0,exit,-1,11,1026.42,667.62,0.8799,1,2,tracked_exit,,324,5681,,,
11-41-30.mp4,19304,616854,37027,5681,0,Bactrocera correcta,0,0,enter,1,12,1063.16,680.71,0.7798,1,2,tracked_enter,,325,,,,
11-41-30.mp4,19757,617307,37095,5673,1,Bactrocera dorsalis,0,1,exit,-1,63,1348.52,755.49,0.8672,1,14,tracked_exit,,322,5673,,,
11-41-30.mp4,19795,617345,37095,5673,1,Bactrocera dorsalis,0,1,enter,1,64,1300.67,790.5,0.8428,1,14,tracked_enter,,326,,,,
11-41-30.mp4,19799,617349,37051,5685,1,Bactrocera dorsalis,1,1,enter,1,65,1052.3,726.38,0.8975,0,0,tracked_enter,,327,,,,
11-41-30.mp4,19886,617436,37051,5685,1,Bactrocera dorsalis,1,1,exit,-1,64,1349.58,737.6,0.8501,0,0,tracked_exit,,327,5685,,,
11-41-30.mp4,19891,617441,37095,5673,1,Bactrocera dorsalis,0,1,exit,-1,63,1293.09,848.1,0.772,1,14,tracked_exit,,326,5673,,,
11-41-30.mp4,19974,617524,37095,5673,1,Bactrocera dorsalis,0,1,enter,1,64,1316.31,743.89,0.8672,1,14,tracked_enter,,328,,,,
11-41-30.mp4,20111,617661,37106,5696,0,Bactrocera correcta,0,1,exit,-1,11,1330.9,646.59,0.854,0,0,recovered_exit,inner_start,316,5613,0.7290457943045743,1,0
11-41-30.mp4,20201,617751,37144,5702,1,Bactrocera dorsalis,1,1,enter,1,65,1125.2,603.38,0.854,0,0,tracked_enter,,329,,,,
11-41-30.mp4,20400,617950,37144,5702,1,Bactrocera dorsalis,1,1,exit,-1,64,1216.6,561.99,0.8887,0,0,tracked_exit,,329,5702,,,
11-41-30.mp4,20409,617959,37164,5705,0,Bactrocera correcta,0,0,enter,1,12,1057.22,767.77,0.8472,0,0,tracked_enter,,330,,,,
11-41-30.mp4,20452,618002,37164,5705,0,Bactrocera correcta,0,0,exit,-1,11,1062.04,838.9,0.8623,0,0,tracked_exit,,330,5705,,,
11-41-30.mp4,20745,618295,37225,5709,0,Bactrocera correcta,0,0,enter,1,12,1157.36,596.25,0.8589,0,0,tracked_enter,,331,,,,
11-41-30.mp4,20810,618360,37225,5709,0,Bactrocera correcta,0,0,exit,-1,11,1334.5,649.81,0.856,0,0,tracked_exit,,331,5709,,,
11-41-30.mp4,23691,621241,37348,5720,1,Bactrocera dorsalis,1,1,enter,1,65,1266.02,617.23,0.9058,0,0,tracked_enter,,332,,,,
11-41-30.mp4,24889,622439,37441,5732,0,Bactrocera correcta,1,1,exit,-1,10,1171.43,890.2,0.8789,0,0,recovered_exit,inner_start,318,5632,0.6725771238745557,1,0
11-41-30.mp4,25173,622723,37569,5740,1,Bactrocera dorsalis,1,1,enter,1,66,1151.46,854.89,0.8589,1,26,tracked_enter,,333,,,,
11-41-30.mp4,25254,622804,37568,5733,0,Bactrocera correcta,0,0,enter,1,11,1167.63,856.52,0.7705,1,4,tracked_enter,,334,,,,
11-41-30.mp4,25400,622950,37576,5743,0,Bactrocera correcta,1,1,exit,-1,10,1272.24,581.9,0.8901,0,0,recovered_exit,inner_start,325,5681,0.660234019397441,1,0
11-41-30.mp4,25422,622972,37563,5739,0,Bactrocera correcta,0,0,enter,1,11,1269.15,828.12,0.8569,0,0,tracked_enter,,335,,,,
11-41-30.mp4,25465,623015,37563,5739,0,Bactrocera correcta,0,0,exit,-1,10,1292.52,861.13,0.876,0,0,tracked_exit,,335,5739,,,
11-41-30.mp4,25599,623149,37563,5739,0,Bactrocera correcta,0,0,enter,1,11,1318.0,725.36,0.853,0,0,tracked_enter,,336,,,,
11-41-30.mp4,27514,625064,37639,5756,0,Bactrocera correcta,0,0,enter,1,12,1056.7,679.95,0.7705,0,0,tracked_enter,,337,,,,
11-41-30.mp4,28444,625994,37662,5761,0,Bactrocera correcta,0,0,enter,1,13,1215.01,593.71,0.8887,0,0,tracked_enter,,338,,,,
11-41-30.mp4,32837,630387,37754,5791,0,Bactrocera correcta,0,0,exit,-1,12,1037.22,640.61,0.8926,0,0,recovered_exit,inner_start,314,5570,0.8547264467412239,0,1
11-41-30.mp4,32976,630526,37770,5793,0,Bactrocera correcta,0,0,enter,1,13,1266.93,618.92,0.8833,0,0,tracked_enter,,339,,,,
11-41-30.mp4,39556,637106,38058,5820,0,Bactrocera correcta,0,0,enter,1,14,1066.14,659.92,0.875,0,0,tracked_enter,,340,,,,
11-41-30.mp4,39809,637359,38058,5820,0,Bactrocera correcta,0,1,exit,-1,13,1030.33,659.43,0.8799,0,0,tracked_exit,,340,5820,,,
11-41-30.mp4,40025,637575,38106,5826,0,Bactrocera correcta,1,1,exit,-1,12,1349.01,657.7,0.7866,0,0,recovered_exit,inner_start,334,5733,0.6429148624836512,1,0
11-41-30.mp4,40080,637630,38058,5820,1,Bactrocera dorsalis,1,1,enter,1,67,1150.37,852.86,0.7905,0,0,tracked_enter,,341,,,,
11-41-30.mp4,40080,637630,38119,5828,1,Bactrocera dorsalis,0,1,enter,1,68,1152.0,853.11,0.5796,1,12,tracked_enter,,342,,,,
11-41-30.mp4,40106,637656,38058,5820,1,Bactrocera dorsalis,0,1,exit,-1,67,1145.54,884.8,0.8613,0,0,tracked_exit,,341,5820,,,
11-41-30.mp4,41462,639012,38112,5827,0,Bactrocera correcta,0,0,exit,-1,11,1049.88,622.09,0.8481,0,0,recovered_exit,inner_start,315,5583,0.8355770622057097,0,1
11-41-30.mp4,46672,644222,37729,5778,0,Bactrocera correcta,0,0,enter,1,12,1064.69,664.35,0.8818,1,3,tracked_enter,,343,,,,
11-41-30.mp4,47579,645129,38384,5854,1,Bactrocera dorsalis,1,1,enter,1,68,1079.31,643.25,0.8999,0,0,tracked_enter,,344,,,,
11-41-30.mp4,47662,645212,38384,5854,1,Bactrocera dorsalis,1,1,exit,-1,67,1351.48,726.52,0.875,0,0,tracked_exit,,344,5854,,,
11-41-30.mp4,47702,645252,38384,5854,1,Bactrocera dorsalis,1,1,enter,1,68,1285.11,635.98,0.8911,0,0,tracked_enter,,345,,,,
11-41-30.mp4,47866,645416,38384,5854,1,Bactrocera dorsalis,1,1,exit,-1,67,1120.23,571.53,0.875,0,0,tracked_exit,,345,5854,,,
11-41-30.mp4,51312,648862,38719,5895,0,Bactrocera correcta,0,0,exit,-1,11,1132.6,533.3,0.8882,0,0,recovered_exit,outer_start,343,5778,0.8915274164065379,0,1
11-41-30.mp4,52289,649839,38790,5901,1,Bactrocera dorsalis,1,1,enter,1,68,1111.64,610.3,0.8896,0,0,tracked_enter,,346,,,,
11-41-30.mp4,53492,651042,38864,5907,0,Bactrocera correcta,1,1,exit,-1,10,1299.8,868.21,0.8579,0,0,recovered_exit,inner_start,321,5655,0.5860922259209983,1,0
11-41-30.mp4,55402,652952,39058,5924,1,Bactrocera dorsalis,1,1,enter,1,69,1190.16,591.07,0.8335,0,0,tracked_enter,,347,,,,
11-41-30.mp4,56198,653748,39106,5925,0,Bactrocera correcta,0,0,enter,1,11,1110.77,834.97,0.856,0,0,tracked_enter,,348,,,,
11-41-30.mp4,56271,653821,39106,5925,0,Bactrocera correcta,0,0,exit,-1,10,1244.41,877.9,0.8809,0,0,tracked_exit,,348,5925,,,
11-41-30.mp4,56922,654472,39119,5928,0,Bactrocera correcta,0,0,enter,1,11,1318.97,723.21,0.875,0,0,tracked_enter,,349,,,,
11-41-30.mp4,57274,654824,39149,5933,0,Bactrocera correcta,0,0,exit,-1,10,1018.02,746.15,0.853,0,0,recovered_exit,inner_start,349,5928,0.8361318224731689,0,1
11-41-30.mp4,57432,654982,39149,5933,0,Bactrocera correcta,0,0,enter,1,11,1061.98,779.48,0.8301,0,0,tracked_enter,,350,,,,
11-41-30.mp4,57630,655180,39149,5933,0,Bactrocera correcta,0,0,exit,-1,10,1135.36,565.91,0.8975,0,0,tracked_exit,,350,5933,,,
11-41-30.mp4,59098,656648,39211,5943,0,Bactrocera correcta,0,0,exit,-1,9,1014.93,750.5,0.8364,0,0,recovered_exit,inner_start,336,5739,0.8112111761584915,0,1
11-41-30.mp4,59716,657266,39241,5946,0,Bactrocera correcta,0,0,exit,-1,8,1019.41,700.79,0.875,0,0,recovered_exit,inner_start,320,5644,0.8058844918191881,0,1
11-41-30.mp4,60270,657820,39266,5948,0,Bactrocera correcta,0,0,enter,1,9,1141.54,597.06,0.874,0,0,tracked_enter,,351,,,,
11-41-30.mp4,61355,658905,39285,5954,0,Bactrocera correcta,0,0,enter,1,10,1283.85,812.52,0.853,0,0,tracked_enter,,352,,,,
11-41-30.mp4,63502,661052,39388,5964,0,Bactrocera correcta,0,0,enter,1,11,1242.12,844.48,0.7905,0,0,tracked_enter,,353,,,,
11-41-30.mp4,63751,661301,39359,5960,0,Bactrocera correcta,0,0,enter,1,12,1102.53,829.2,0.8589,0,0,tracked_enter,,354,,,,
11-41-30.mp4,65886,663436,39461,5978,0,Bactrocera correcta,0,0,enter,1,13,1073.19,800.92,0.8242,0,0,tracked_enter,,355,,,,
11-41-30.mp4,68076,665626,39464,5980,0,Bactrocera correcta,0,0,enter,1,14,1288.97,807.44,0.8354,0,0,tracked_enter,,356,,,,
11-41-30.mp4,68580,666130,39478,5982,0,Bactrocera correcta,0,0,enter,1,15,1296.2,787.15,0.8511,0,0,tracked_enter,,357,,,,
11-41-30.mp4,70889,668439,39464,5980,0,Bactrocera correcta,0,0,exit,-1,14,1317.24,620.71,0.8765,0,0,tracked_exit,,356,5980,,,
11-41-30.mp4,73687,671237,39793,6008,0,Bactrocera correcta,0,0,enter,1,15,1190.82,589.41,0.8511,0,0,tracked_enter,,358,,,,
11-41-30.mp4,74585,672135,39805,6010,0,Bactrocera correcta,0,0,enter,1,16,1251.6,840.47,0.8643,0,0,tracked_enter,,359,,,,
11-41-30.mp4,74650,672200,39805,6010,0,Bactrocera correcta,0,0,exit,-1,15,1238.89,887.48,0.8267,0,0,tracked_exit,,359,6010,,,
11-41-30.mp4,74868,672418,39829,6012,0,Bactrocera correcta,0,0,enter,1,16,1233.52,847.5,0.8345,0,0,tracked_enter,,360,,,,
11-41-30.mp4,76986,674536,39951,6029,0,Bactrocera correcta,0,0,enter,1,17,1297.8,796.32,0.8198,0,0,tracked_enter,,361,,,,
11-41-30.mp4,77147,674697,39994,6029,0,Bactrocera correcta,0,0,exit,-1,16,1324.81,812.64,0.8472,1,5,tracked_exit,,361,6029,,,
11-41-30.mp4,77186,674736,39909,6024,1,Bactrocera dorsalis,1,1,enter,1,70,1049.53,728.46,0.8521,0,0,tracked_enter,,362,,,,
11-41-30.mp4,77537,675087,39994,6029,0,Bactrocera correcta,0,0,enter,1,17,1302.89,776.22,0.814,1,5,tracked_enter,,363,,,,
11-41-30.mp4,77703,675253,40060,6053,0,Bactrocera correcta,0,0,enter,1,18,1295.57,664.99,0.856,0,0,tracked_enter,,364,,,,
11-41-30.mp4,77747,675297,39994,6029,0,Bactrocera correcta,0,0,exit,-1,17,1317.69,824.54,0.8672,1,5,tracked_exit,,363,6029,,,
11-41-30.mp4,77875,675425,39994,6029,0,Bactrocera correcta,0,0,enter,1,18,1311.46,758.83,0.8418,1,5,tracked_enter,,365,,,,
11-41-30.mp4,77912,675462,39994,6029,0,Bactrocera correcta,0,0,exit,-1,17,1346.06,756.39,0.8569,1,5,tracked_exit,,365,6029,,,
11-41-30.mp4,78036,675586,40060,6053,0,Bactrocera correcta,0,0,exit,-1,16,1009.62,738.17,0.8311,0,0,tracked_exit,,364,6053,,,
11-41-30.mp4,78415,675965,40060,6053,0,Bactrocera correcta,0,0,enter,1,17,1063.15,782.87,0.7969,0,0,tracked_enter,,366,,,,
11-41-30.mp4,79234,676784,40280,6074,1,Bactrocera dorsalis,1,1,enter,1,71,1151.78,854.44,0.8521,0,0,tracked_enter,,367,,,,
11-41-30.mp4,81366,678916,40355,6095,0,Bactrocera correcta,0,0,enter,1,18,1132.98,599.99,0.8848,0,0,tracked_enter,,368,,,,
11-41-30.mp4,86436,683986,40740,6155,0,Bactrocera correcta,0,1,exit,-1,17,1304.99,599.42,0.8418,0,0,recovered_exit,inner_start,357,5982,0.6483492182967955,1,0
11-41-30.mp4,86549,684099,40769,6158,0,Bactrocera correcta,0,0,enter,1,18,1196.71,857.97,0.8569,0,0,tracked_enter,,369,,,,
11-41-30.mp4,87760,685310,40903,6168,0,Bactrocera correcta,0,1,exit,-1,17,1319.53,625.67,0.8789,0,0,recovered_exit,inner_start,369,6158,0.6490737952430575,1,0
11-41-30.mp4,87897,685447,40859,6161,1,Bactrocera dorsalis,1,1,enter,1,72,1079.76,640.36,0.8481,0,0,tracked_enter,,370,,,,
11-41-30.mp4,88075,685625,40901,6167,0,Bactrocera correcta,0,0,enter,1,18,1056.94,745.04,0.7891,0,0,tracked_enter,,371,,,,
11-41-30.mp4,88122,685672,40903,6168,0,Bactrocera correcta,0,0,enter,1,19,1049.68,719.45,0.8042,0,0,tracked_enter,,372,,,,
11-41-30.mp4,88157,685707,40903,6168,0,Bactrocera correcta,0,0,exit,-1,18,1026.19,674.42,0.8862,0,0,tracked_exit,,372,6168,,,
11-41-30.mp4,88548,686098,40956,6179,0,Bactrocera correcta,1,1,exit,-1,17,1276.96,863.83,0.8931,0,0,recovered_exit,inner_start,371,6167,0.6744277855579002,1,0
11-41-30.mp4,88960,686510,40959,6181,0,Bactrocera correcta,1,1,exit,-1,16,1210.55,560.99,0.8911,0,0,recovered_exit,inner_start,353,5964,0.6576086078314184,1,0
11-41-30.mp4,89329,686879,40973,6183,1,Bactrocera dorsalis,1,1,enter,1,73,1128.64,602.53,0.7788,0,0,tracked_enter,,373,,,,
11-41-30.mp4,89476,687026,40956,6179,1,Bactrocera dorsalis,1,1,enter,1,74,1281.02,630.86,0.8911,0,0,tracked_enter,,374,,,,
11-41-30.mp4,89554,687104,40956,6179,1,Bactrocera dorsalis,1,1,exit,-1,73,1080.06,595.69,0.8599,0,0,tracked_exit,,374,6179,,,
11-41-30.mp4,89660,687210,40956,6179,1,Bactrocera dorsalis,1,1,enter,1,74,1064.92,680.66,0.8643,0,0,tracked_enter,,375,,,,
11-41-30.mp4,89766,687316,40956,6179,1,Bactrocera dorsalis,1,1,exit,-1,73,1148.25,886.8,0.8623,0,0,tracked_exit,,375,6179,,,
11-41-30.mp4,89997,687547,40972,6182,0,Bactrocera correcta,0,0,enter,1,17,1100.25,618.3,0.875,0,0,tracked_enter,,376,,,,
11-41-30.mp4,90258,687808,40972,6182,0,Bactrocera correcta,0,0,exit,-1,16,1112.98,574.76,0.8833,0,0,tracked_exit,,376,6182,,,
11-41-30.mp4,93224,690774,41163,6209,1,Bactrocera dorsalis,1,1,enter,1,74,1224.14,595.37,0.8276,0,0,tracked_enter,,377,,,,
11-41-30.mp4,93458,691008,41163,6209,1,Bactrocera dorsalis,1,1,exit,-1,73,1301.57,608.08,0.9116,0,0,tracked_exit,,377,6209,,,
11-41-30.mp4,93546,691096,41163,6209,1,Bactrocera dorsalis,1,1,enter,1,74,1296.79,650.19,0.8672,0,0,tracked_enter,,378,,,,
11-41-30.mp4,94186,691736,41171,6210,1,Bactrocera dorsalis,1,1,enter,1,75,1153.6,853.96,0.8682,0,0,tracked_enter,,379,,,,
11-41-30.mp4,94446,691996,41200,6221,0,Bactrocera correcta,0,0,enter,1,17,1051.64,747.45,0.854,0,0,tracked_enter,,380,,,,
11-41-30.mp4,96244,693794,41278,6236,0,Bactrocera correcta,1,1,exit,-1,16,1321.66,837.25,0.8364,1,8,recovered_exit,inner_start,366,6053,0.5306264424751623,1,0
11-41-30.mp4,96911,694461,41248,6230,1,Bactrocera dorsalis,1,1,enter,1,76,1078.93,639.88,0.8652,0,0,tracked_enter,,381,,,,
11-41-30.mp4,97286,694836,41248,6230,1,Bactrocera dorsalis,1,1,exit,-1,75,1317.59,624.92,0.8931,0,0,tracked_exit,,381,6230,,,
11-41-30.mp4,97945,695495,41379,6261,0,Bactrocera correcta,0,0,enter,1,17,1315.69,753.51,0.8652,0,0,tracked_enter,,382,,,,
11-41-30.mp4,99266,696816,41586,6288,0,Bactrocera correcta,1,1,exit,-1,16,1181.16,544.86,0.856,1,2,recovered_exit,inner_start,382,6261,0.600060327417878,1,0
11-41-30.mp4,99522,697072,41564,6286,1,Bactrocera dorsalis,1,1,exit,-1,74,1244.32,570.18,0.8726,0,0,recovered_exit,inner_start,342,5828,0.9527281522646605,1,1
11-41-30.mp4,100153,697703,41673,6293,0,Bactrocera correcta,1,1,exit,-1,15,1191.5,547.28,0.5659,0,0,recovered_exit,outer_start,337,5756,0.6016290265878564,1,0
11-41-30.mp4,100373,697923,41735,6300,0,Bactrocera correcta,0,0,enter,1,16,1314.84,746.94,0.8652,0,0,tracked_enter,,383,,,,
11-41-30.mp4,100390,697940,41735,6300,0,Bactrocera correcta,0,0,exit,-1,15,1348.13,698.73,0.8501,0,0,tracked_exit,,383,6300,,,
11-41-30.mp4,100615,698165,41673,6293,0,Bactrocera correcta,0,0,enter,1,16,1268.1,622.88,0.8765,0,0,tracked_enter,,384,,,,
11-41-30.mp4,100708,698258,41735,6300,0,Bactrocera correcta,0,0,enter,1,17,1156.58,594.41,0.876,0,0,tracked_enter,,385,,,,
11-41-30.mp4,103251,700801,41916,6324,0,Bactrocera correcta,0,0,enter,1,18,1102.1,619.36,0.8335,0,0,tracked_enter,,386,,,,
11-41-30.mp4,104168,701718,41985,6346,0,Bactrocera correcta,0,0,exit,-1,17,1341.88,791.52,0.873,0,0,recovered_exit,inner_start,385,6300,0.8025847001883921,0,1
11-41-30.mp4,104766,702316,42065,6355,0,Bactrocera correcta,0,0,exit,-1,16,1061.35,607.04,0.8911,0,0,recovered_exit,inner_start,313,5559,0.8006607346024539,0,1
11-41-30.mp4,104817,702367,42065,6355,0,Bactrocera correcta,0,0,enter,1,17,1085.14,632.68,0.8833,0,0,tracked_enter,,387,,,,
11-41-30.mp4,104839,702389,41975,6342,1,Bactrocera dorsalis,1,1,enter,1,75,1105.76,829.22,0.875,0,0,tracked_enter,,388,,,,
11-41-30.mp4,105199,702749,42065,6355,0,Bactrocera correcta,0,0,exit,-1,16,1033.85,652.7,0.8652,0,0,tracked_exit,,387,6355,,,
11-41-30.mp4,105470,703020,42094,6364,0,Bactrocera correcta,0,0,enter,1,17,1166.32,853.77,0.8115,0,0,tracked_enter,,389,,,,
11-41-30.mp4,105524,703074,42094,6364,0,Bactrocera correcta,0,0,exit,-1,16,1083.21,590.49,0.8857,0,0,tracked_exit,,389,6364,,,
11-41-30.mp4,105744,703294,42094,6364,0,Bactrocera correcta,0,0,enter,1,17,1121.71,608.9,0.8696,0,0,tracked_enter,,390,,,,
11-41-30.mp4,105781,703331,42094,6364,0,Bactrocera correcta,0,0,exit,-1,16,1349.5,760.36,0.854,0,0,tracked_exit,,390,6364,,,
11-41-30.mp4,105845,703395,42101,6366,1,Bactrocera dorsalis,1,1,enter,1,76,1277.72,631.13,0.8706,0,0,tracked_enter,,391,,,,
11-41-30.mp4,108691,706241,42230,6381,1,Bactrocera dorsalis,1,1,enter,1,77,1136.97,601.52,0.8848,0,0,tracked_enter,,392,,,,
11-41-30.mp4,109646,707196,42298,6389,0,Bactrocera correcta,0,0,exit,-1,15,1020.15,702.43,0.8398,0,0,recovered_exit,inner_start,339,5793,0.8215903296139659,0,1
11-41-30.mp4,109674,707224,42298,6389,0,Bactrocera correcta,0,0,enter,1,16,1076.21,656.2,0.8257,0,0,tracked_enter,,393,,,,
11-41-30.mp4,110954,708504,42433,6403,0,Bactrocera correcta,0,0,enter,1,17,1221.54,852.68,0.8521,1,22,tracked_enter,,394,,,,
11-41-30.mp4,112693,710243,42486,6411,0,Bactrocera correcta,0,0,enter,1,18,1309.34,681.04,0.8599,0,0,tracked_enter,,395,,,,
11-41-30.mp4,114540,712090,42662,6435,1,Bactrocera dorsalis,1,1,enter,1,78,1285.05,636.4,0.8955,0,0,tracked_enter,,396,,,,
11-41-30.mp4,114982,712532,42724,6440,0,Bactrocera correcta,0,0,enter,1,19,1058.36,771.49,0.8521,0,0,tracked_enter,,397,,,,
11-41-30.mp4,115055,712605,42657,6434,0,Bactrocera correcta,0,0,enter,1,20,1301.68,658.68,0.8652,0,0,tracked_enter,,398,,,,
11-41-30.mp4,122019,719569,43117,6495,0,Bactrocera correcta,0,0,enter,1,21,1276.08,822.03,0.8765,0,0,tracked_enter,,399,,,,
11-41-30.mp4,122257,719807,43080,6490,0,Bactrocera correcta,0,0,enter,1,22,1314.99,699.6,0.8613,0,0,tracked_enter,,400,,,,
11-41-30.mp4,122543,720093,43174,6509,0,Bactrocera correcta,0,1,exit,-1,21,1181.18,557.25,0.9048,0,0,recovered_exit,inner_start,400,6490,0.7645915418655751,1,0
11-41-30.mp4,122605,720155,43181,6507,0,Bactrocera correcta,0,1,exit,-1,20,1128.19,566.93,0.8481,1,17,recovered_exit,inner_start,397,6440,0.7155137858471597,1,0
11-41-30.mp4,122660,720210,43176,6510,1,Bactrocera dorsalis,1,1,enter,1,79,1237.57,600.34,0.8696,0,0,tracked_enter,,401,,,,
11-41-30.mp4,123230,720780,43176,6510,1,Bactrocera dorsalis,1,1,exit,-1,78,1345.56,658.89,0.8438,0,0,tracked_exit,,401,6510,,,
11-41-30.mp4,123871,721421,43130,6497,0,Bactrocera correcta,0,0,enter,1,21,1283.58,813.87,0.8623,0,0,tracked_enter,,402,,,,
11-41-30.mp4,124168,721718,43130,6497,0,Bactrocera correcta,0,0,exit,-1,20,1204.79,554.56,0.8784,0,0,tracked_exit,,402,6497,,,
11-41-30.mp4,125706,723256,43349,6542,0,Bactrocera correcta,0,0,enter,1,21,1062.27,667.76,0.8418,0,0,tracked_enter,,403,,,,
11-41-30.mp4,126189,723739,43403,6542,0,Bactrocera correcta,0,0,exit,-1,20,1080.66,859.48,0.853,1,2,tracked_exit,,403,6542,,,
11-41-30.mp4,126203,723753,43401,6547,1,Bactrocera dorsalis,1,1,enter,1,79,1180.27,590.99,0.9048,0,0,tracked_enter,,404,,,,
11-41-30.mp4,126231,723781,43346,6541,0,Bactrocera correcta,0,0,enter,1,21,1221.11,853.74,0.8633,0,0,tracked_enter,,405,,,,
11-41-30.mp4,127048,724598,43403,6542,0,Bactrocera correcta,0,0,enter,1,22,1052.39,749.66,0.8345,1,2,tracked_enter,,406,,,,
11-41-30.mp4,127310,724860,43443,6559,0,Bactrocera correcta,0,1,exit,-1,21,1045.72,623.07,0.8652,1,4,recovered_exit,inner_start,393,6389,0.6291651924557147,1,0
11-41-30.mp4,127951,725501,43449,6561,1,Bactrocera dorsalis,1,1,enter,1,80,1049.82,710.84,0.8726,0,0,tracked_enter,,407,,,,
11-41-30.mp4,127977,725527,43528,6575,1,Bactrocera dorsalis,1,1,enter,1,81,1175.67,858.65,0.8418,0,0,tracked_enter,,408,,,,
11-41-30.mp4,127996,725546,43539,6577,0,Bactrocera correcta,0,0,exit,-1,20,995.62,691.02,0.8911,0,0,recovered_exit,outer_start,395,6411,0.8137611326005312,0,1
11-41-30.mp4,128255,725805,43528,6575,1,Bactrocera dorsalis,1,1,exit,-1,80,1349.79,696.62,0.8457,0,0,tracked_exit,,408,6575,,,
11-41-30.mp4,134219,731769,43808,6603,0,Bactrocera correcta,0,0,exit,-1,19,1003.49,761.18,0.752,0,0,recovered_exit,outer_start,386,6324,0.8348774082609693,0,1
11-41-30.mp4,134724,732274,43841,6609,0,Bactrocera correcta,1,1,exit,-1,18,1346.82,601.81,0.8931,0,0,recovered_exit,outer_start,399,6495,0.6105875026691151,1,0
11-41-30.mp4,134820,732370,43841,6609,1,Bactrocera dorsalis,1,1,enter,1,81,1294.88,651.62,0.8857,0,0,tracked_enter,,409,,,,
11-41-30.mp4,134878,732428,43841,6609,1,Bactrocera dorsalis,1,1,exit,-1,80,1251.56,571.68,0.9092,0,0,tracked_exit,,409,6609,,,
11-41-30.mp4,134892,732442,43841,6609,1,Bactrocera dorsalis,1,1,enter,1,81,1209.77,592.46,0.8843,0,0,tracked_enter,,410,,,,
11-41-30.mp4,135037,732587,43841,6609,1,Bactrocera dorsalis,1,1,exit,-1,80,1029.87,663.27,0.8345,0,0,tracked_exit,,410,6609,,,
11-41-30.mp4,135203,732753,43841,6609,1,Bactrocera dorsalis,1,1,enter,1,81,1121.23,842.71,0.8999,0,0,tracked_enter,,411,,,,
11-41-30.mp4,135309,732859,43841,6609,1,Bactrocera dorsalis,1,1,exit,-1,80,1271.4,865.43,0.8833,0,0,tracked_exit,,411,6609,,,
11-41-30.mp4,135353,732903,43841,6609,1,Bactrocera dorsalis,1,1,enter,1,81,1305.05,762.73,0.8662,0,0,tracked_enter,,412,,,,
11-41-30.mp4,135427,732977,43841,6609,1,Bactrocera dorsalis,1,1,exit,-1,80,1349.38,707.42,0.8696,0,0,tracked_exit,,412,6609,,,
11-41-30.mp4,135531,733081,43841,6609,1,Bactrocera dorsalis,1,1,enter,1,81,1279.08,629.18,0.8774,0,0,tracked_enter,,413,,,,
11-41-30.mp4,135689,733239,43841,6609,1,Bactrocera dorsalis,1,1,exit,-1,80,1052.19,617.22,0.8984,0,0,tracked_exit,,413,6609,,,
11-41-30.mp4,136627,734177,43913,6620,0,Bactrocera correcta,0,0,enter,1,19,1265.29,830.11,0.8633,0,0,tracked_enter,,414,,,,
11-41-30.mp4,136643,734193,43859,6611,1,Bactrocera dorsalis,1,1,enter,1,81,1120.61,606.67,0.9014,0,0,tracked_enter,,415,,,,
11-41-30.mp4,136745,734295,43913,6620,0,Bactrocera correcta,0,0,exit,-1,18,1349.38,689.87,0.8408,0,0,tracked_exit,,414,6620,,,
11-41-30.mp4,136779,734329,43913,6620,0,Bactrocera correcta,0,0,enter,1,19,1260.16,613.11,0.8696,0,0,tracked_enter,,416,,,,
11-41-30.mp4,136809,734359,43913,6620,0,Bactrocera correcta,0,0,exit,-1,18,1081.02,592.72,0.8481,0,0,tracked_exit,,416,6620,,,
11-41-30.mp4,137404,734954,43978,6629,0,Bactrocera correcta,0,1,exit,-1,17,1046.05,631.61,0.8643,0,0,recovered_exit,inner_start,405,6541,0.6335861150420015,1,0
11-41-30.mp4,139289,736839,44016,6637,0,Bactrocera correcta,1,1,exit,-1,16,1237.47,566.33,0.8989,0,0,recovered_exit,inner_start,394,6403,0.5547675597152668,1,0
11-41-30.mp4,139919,737469,44231,6656,0,Bactrocera correcta,0,0,enter,1,17,1315.31,729.38,0.8784,0,0,tracked_enter,,417,,,,
11-41-30.mp4,141869,739419,44293,6665,0,Bactrocera correcta,0,0,enter,1,18,1228.7,851.11,0.8374,0,0,tracked_enter,,418,,,,
11-41-30.mp4,142268,739818,44320,6666,0,Bactrocera correcta,0,0,enter,1,19,1137.15,598.48,0.8818,1,28,tracked_enter,,419,,,,
11-41-30.mp4,142383,739933,44320,6666,0,Bactrocera correcta,0,0,exit,-1,18,1104.89,579.16,0.8789,1,28,tracked_exit,,419,6666,,,
11-41-30.mp4,142403,739953,44322,6656,0,Bactrocera correcta,0,0,exit,-1,17,1336.79,649.93,0.8809,1,12,tracked_exit,,417,6656,,,
11-41-30.mp4,142468,740018,44320,6666,0,Bactrocera correcta,0,0,enter,1,18,1111.56,615.67,0.8633,1,28,tracked_enter,,420,,,,
11-41-30.mp4,142604,740154,44320,6666,0,Bactrocera correcta,0,0,exit,-1,17,1023.8,662.36,0.8716,1,28,tracked_exit,,420,6666,,,
11-41-30.mp4,143061,740611,44320,6666,0,Bactrocera correcta,0,0,enter,1,18,1051.77,721.95,0.8438,1,28,tracked_enter,,421,,,,
11-41-30.mp4,145617,743167,44519,6705,0,Bactrocera correcta,1,1,exit,-1,17,1150.29,559.96,0.9048,1,14,recovered_exit,inner_start,418,6665,0.6514963225505334,1,0
11-41-30.mp4,145770,743320,44519,6705,1,Bactrocera dorsalis,1,1,enter,1,82,1116.11,608.75,0.8901,1,14,tracked_enter,,422,,,,
11-41-30.mp4,146685,744235,44519,6705,1,Bactrocera dorsalis,0,1,exit,-1,81,1028.58,651.42,0.8599,1,14,tracked_exit,,422,6705,,,
11-41-30.mp4,147639,745189,44660,6720,0,Bactrocera correcta,0,0,enter,1,18,1051.46,713.06,0.8364,0,0,tracked_enter,,423,,,,
11-41-30.mp4,147725,745275,44676,6725,0,Bactrocera correcta,0,0,enter,1,19,1077.49,804.24,0.8188,0,0,tracked_enter,,424,,,,
11-41-30.mp4,148488,746038,44790,6735,1,Bactrocera dorsalis,1,1,enter,1,82,1050.93,727.92,0.874,0,0,tracked_enter,,425,,,,
11-41-30.mp4,149637,747187,44641,6718,0,Bactrocera correcta,1,1,exit,-1,18,1298.18,602.36,0.8643,0,0,recovered_exit,inner_start,423,6720,0.6991921127607782,1,0
11-41-30.mp4,149833,747383,44641,6718,1,Bactrocera dorsalis,1,1,enter,1,83,1151.93,594.61,0.8862,0,0,tracked_enter,,426,,,,
11-41-30.mp4,150061,747611,44881,6761,0,Bactrocera correcta,0,0,enter,1,19,1152.42,854.35,0.8311,0,0,tracked_enter,,427,,,,
11-41-30.mp4,150066,747616,44877,6758,0,Bactrocera correcta,1,0,enter,1,20,1152.12,853.25,0.4551,0,0,tracked_enter,,428,,,,
11-41-30.mp4,150880,748430,44938,6770,0,Bactrocera correcta,0,1,exit,-1,19,1280.53,858.85,0.8882,1,10,recovered_exit,inner_start,427,6761,0.7241629311467856,1,0
11-41-30.mp4,151012,748562,44938,6770,1,Bactrocera dorsalis,0,1,enter,1,84,1146.5,852.06,0.8115,1,10,tracked_enter,,429,,,,
11-41-30.mp4,152442,749992,45018,6782,0,Bactrocera correcta,1,1,exit,-1,18,1348.14,681.65,0.9141,0,0,recovered_exit,inner_start,428,6758,0.6621848588119832,1,0
11-41-30.mp4,152511,750061,45018,6782,1,Bactrocera dorsalis,1,1,enter,1,85,1300.2,660.9,0.8174,0,0,tracked_enter,,430,,,,
11-41-30.mp4,152544,750094,45018,6782,1,Bactrocera dorsalis,1,1,exit,-1,84,1301.89,598.96,0.8916,0,0,tracked_exit,,430,6782,,,
11-41-30.mp4,152727,750277,45146,6803,0,Bactrocera correcta,0,0,enter,1,19,1303.61,676.67,0.813,1,11,tracked_enter,,431,,,,
11-41-30.mp4,154674,752224,45240,6819,0,Bactrocera correcta,0,0,exit,-1,18,1119.21,879.94,0.8882,0,0,recovered_exit,inner_start,424,6725,0.8074263059450704,0,1
11-41-30.mp4,157271,754821,45397,6839,0,Bactrocera correcta,0,0,enter,1,19,1306.8,777.98,0.8447,1,2,tracked_enter,,432,,,,
11-41-30.mp4,161410,758960,45510,6854,0,Bactrocera correcta,0,0,exit,-1,18,1304.5,608.84,0.8823,0,0,recovered_exit,inner_start,431,6803,0.8148808292528043,0,1
11-41-30.mp4,162072,759622,45573,6863,0,Bactrocera correcta,0,0,enter,1,19,1131.45,846.47,0.8818,0,0,tracked_enter,,433,,,,
11-41-30.mp4,162102,759652,45573,6863,0,Bactrocera correcta,0,0,exit,-1,18,1022.57,674.83,0.8706,0,0,tracked_exit,,433,6863,,,
11-41-30.mp4,163603,761153,45712,6881,1,Bactrocera dorsalis,1,1,enter,1,85,1251.93,839.54,0.8882,0,0,tracked_enter,,434,,,,
11-41-30.mp4,163617,761167,45712,6881,1,Bactrocera dorsalis,1,1,exit,-1,84,1174.24,889.36,0.8652,0,0,tracked_exit,,434,6881,,,
11-41-30.mp4,163630,761180,45712,6881,1,Bactrocera dorsalis,1,1,enter,1,85,1116.01,833.88,0.8623,0,0,tracked_enter,,435,,,,
11-41-30.mp4,163942,761492,45730,6884,1,Bactrocera dorsalis,0,1,enter,1,86,1065.61,788.39,0.7734,0,0,tracked_enter,,436,,,,
11-41-30.mp4,163949,761499,45730,6884,1,Bactrocera dorsalis,0,1,exit,-1,85,1036.88,807.27,0.8765,0,0,tracked_exit,,436,6884,,,
11-41-30.mp4,165003,762553,45509,6853,0,Bactrocera correcta,0,0,exit,-1,17,1368.59,762.14,0.8428,0,0,recovered_exit,inner_start,368,6095,0.7742767648860827,0,1
11-41-30.mp4,165310,762860,45709,6880,0,Bactrocera correcta,0,0,enter,1,18,1053.44,755.68,0.8696,0,0,tracked_enter,,437,,,,
11-41-30.mp4,165586,763136,45709,6880,0,Bactrocera correcta,0,0,exit,-1,17,1245.89,880.41,0.873,0,0,tracked_exit,,437,6880,,,
11-41-30.mp4,167636,765186,45709,6880,0,Bactrocera correcta,0,0,enter,1,18,1240.3,601.38,0.8511,0,0,tracked_enter,,438,,,,
11-41-30.mp4,168541,766091,45959,6910,0,Bactrocera correcta,0,0,exit,-1,17,1239.22,565.82,0.8955,0,0,recovered_exit,inner_start,421,6666,0.8039319361957291,0,1
11-41-30.mp4,170274,767824,46201,6931,0,Bactrocera correcta,0,0,enter,1,18,1317.68,729.52,0.8774,1,24,tracked_enter,,439,,,,
11-41-30.mp4,170300,767850,46195,6930,0,Bactrocera correcta,0,0,enter,1,19,1314.41,710.78,0.8438,0,0,tracked_enter,,440,,,,
11-41-30.mp4,170975,768525,46201,6931,0,Bactrocera correcta,0,1,exit,-1,18,1022.44,761.57,0.8511,1,24,tracked_exit,,439,6931,,,
11-41-30.mp4,172384,769934,46377,6952,0,Bactrocera correcta,0,0,exit,-1,17,1033.25,656.67,0.8608,0,0,recovered_exit,inner_start,440,6930,0.8292034219263478,0,1
11-41-30.mp4,172405,769955,46377,6952,0,Bactrocera correcta,0,0,enter,1,18,1054.93,717.82,0.8301,0,0,tracked_enter,,441,,,,
11-41-30.mp4,172778,770328,46383,6955,0,Bactrocera correcta,0,0,enter,1,19,1051.29,746.97,0.8472,0,0,tracked_enter,,442,,,,
11-41-30.mp4,177130,774680,46515,6972,0,Bactrocera correcta,0,0,enter,1,20,1225.51,597.66,0.8354,0,0,tracked_enter,,443,,,,
11-41-30.mp4,177964,775514,46527,6977,0,Bactrocera correcta,0,0,enter,1,21,1196.88,858.31,0.853,0,0,tracked_enter,,444,,,,
11-41-30.mp4,178057,775607,46539,6980,1,Bactrocera dorsalis,1,1,enter,1,86,1215.25,593.13,0.8398,0,0,tracked_enter,,445,,,,
11-41-30.mp4,180113,777663,46695,7008,0,Bactrocera correcta,0,1,exit,-1,20,1288.88,588.9,0.8799,0,0,recovered_exit,inner_start,441,6952,0.7113729509905533,1,0
11-41-30.mp4,180138,777688,46689,7007,0,Bactrocera correcta,0,1,exit,-1,19,1343.38,670.75,0.8789,0,0,recovered_exit,inner_start,443,6972,0.586696254402122,1,0
11-41-30.mp4,180338,777888,46689,7007,0,Bactrocera correcta,0,0,enter,1,20,1250.44,607.01,0.875,0,0,tracked_enter,,446,,,,
11-41-30.mp4,180343,777893,46689,7007,0,Bactrocera correcta,0,0,exit,-1,19,1296.64,603.05,0.8931,0,0,tracked_exit,,446,7007,,,
11-41-30.mp4,180720,778270,46709,7014,1,Bactrocera dorsalis,1,1,enter,1,87,1097.89,627.33,0.8823,0,0,tracked_enter,,447,,,,
11-41-30.mp4,180834,778384,46709,7014,1,Bactrocera dorsalis,1,1,exit,-1,86,1307.85,604.51,0.8843,0,0,tracked_exit,,447,7014,,,
11-41-30.mp4,180918,778468,46709,7014,1,Bactrocera dorsalis,1,1,enter,1,87,1213.29,849.09,0.8311,0,0,tracked_enter,,448,,,,
11-41-30.mp4,180981,778531,46709,7014,1,Bactrocera dorsalis,1,1,exit,-1,86,1046.37,820.46,0.8643,0,0,tracked_exit,,448,7014,,,
11-41-30.mp4,181505,779055,46774,7020,0,Bactrocera correcta,0,0,enter,1,20,1080.73,637.81,0.876,0,0,tracked_enter,,449,,,,
11-41-30.mp4,182062,779612,46707,7004,0,Bactrocera correcta,0,0,enter,1,21,1261.88,613.86,0.8765,1,24,tracked_enter,,450,,,,
11-41-30.mp4,185481,783031,47015,7053,0,Bactrocera correcta,0,0,exit,-1,20,1208.62,558.48,0.9048,0,0,recovered_exit,inner_start,354,5960,0.7978200670259286,0,1
11-41-30.mp4,185489,783039,47015,7053,0,Bactrocera correcta,0,0,enter,1,21,1198.88,592.13,0.8809,0,0,tracked_enter,,451,,,,
11-41-30.mp4,186094,783644,47023,7057,0,Bactrocera correcta,0,0,exit,-1,20,1106.02,578.05,0.876,0,0,recovered_exit,inner_start,450,7004,0.8250960467788171,0,1
11-41-30.mp4,186398,783948,47067,7064,0,Bactrocera correcta,0,0,exit,-1,19,982.47,732.43,0.8398,0,0,recovered_exit,outer_start,360,6012,0.8139086859934275,0,1
11-41-30.mp4,186432,783982,47045,7060,0,Bactrocera correcta,0,0,enter,1,20,1051.4,742.8,0.8232,0,0,tracked_enter,,452,,,,
11-41-30.mp4,186530,784080,47061,7063,0,Bactrocera correcta,0,0,enter,1,21,1233.76,599.98,0.8389,0,0,tracked_enter,,453,,,,
11-41-30.mp4,195233,792783,47392,7115,0,Bactrocera correcta,0,0,exit,-1,20,1171.92,557.55,0.8682,0,0,recovered_exit,inner_start,451,7053,0.7980854024454369,0,1
11-41-30.mp4,195394,792944,47358,7108,0,Bactrocera correcta,0,0,enter,1,21,1313.08,760.12,0.8438,1,2,tracked_enter,,454,,,,
11-41-30.mp4,199452,797002,47597,7142,0,Bactrocera correcta,0,0,exit,-1,20,1218.41,560.39,0.8569,1,2,recovered_exit,inner_start,454,7108,0.8080541611626146,0,1
11-41-30.mp4,199459,797009,47539,7141,1,Bactrocera dorsalis,1,1,enter,1,87,1245.75,842.22,0.8608,0,0,tracked_enter,,455,,,,
11-41-30.mp4,201492,799042,47832,7176,0,Bactrocera correcta,1,1,exit,-1,19,1203.76,892.63,0.8862,0,0,recovered_exit,inner_start,380,6221,0.5407408751830843,1,0
12-41-30.mp4,1323,800520,47994,7189,1,Bactrocera dorsalis,0,1,enter,1,88,1219.29,596.69,0.8364,0,0,tracked_enter,,456,,,,
12-41-30.mp4,1649,800846,48043,7200,0,Bactrocera correcta,0,0,exit,-1,18,1105.94,575.73,0.8955,0,0,recovered_exit,inner_start,398,6434,0.7975562280834858,0,1
12-41-30.mp4,2043,801240,48043,7200,0,Bactrocera correcta,0,0,enter,1,19,1153.48,595.98,0.8662,0,0,tracked_enter,,457,,,,
12-41-30.mp4,2069,801266,48043,7200,0,Bactrocera correcta,0,0,exit,-1,18,1315.93,610.88,0.8823,0,0,tracked_exit,,457,7200,,,
12-41-30.mp4,2235,801432,48043,7200,0,Bactrocera correcta,0,0,enter,1,19,1311.68,763.4,0.8643,0,0,tracked_enter,,458,,,,
12-41-30.mp4,2470,801667,48043,7200,0,Bactrocera correcta,0,0,exit,-1,18,1319.28,821.44,0.8223,0,0,tracked_exit,,458,7200,,,
12-41-30.mp4,2842,802039,48043,7200,0,Bactrocera correcta,0,0,enter,1,19,1311.0,763.24,0.8662,0,0,tracked_enter,,459,,,,
12-41-30.mp4,2918,802115,48043,7200,0,Bactrocera correcta,0,0,exit,-1,18,1331.82,800.1,0.8818,0,0,tracked_exit,,459,7200,,,
12-41-30.mp4,14058,813255,48613,7275,1,Bactrocera dorsalis,0,1,enter,1,89,1117.83,841.65,0.895,0,0,tracked_enter,,460,,,,
12-41-30.mp4,14376,813573,48619,7278,0,Bactrocera correcta,0,0,enter,1,19,1096.27,826.23,0.8472,0,0,tracked_enter,,461,,,,
12-41-30.mp4,15629,814826,48674,7292,0,Bactrocera correcta,0,0,enter,1,20,1127.58,846.63,0.855,0,0,tracked_enter,,462,,,,
12-41-30.mp4,15636,814833,48716,7296,0,Bactrocera correcta,1,0,enter,1,21,1276.3,796.99,0.3647,0,0,tracked_enter,,463,,,,
12-41-30.mp4,15729,814926,48734,7302,0,Bactrocera correcta,0,1,exit,-1,20,1264.23,868.84,0.8569,1,1,recovered_exit,inner_start,449,7020,0.6115660790271003,1,0
12-41-30.mp4,15806,815003,48714,7295,0,Bactrocera correcta,0,1,exit,-1,19,1345.3,686.08,0.8613,0,0,recovered_exit,inner_start,461,7278,0.5993562799442129,1,0
12-41-30.mp4,15816,815013,48734,7302,1,Bactrocera dorsalis,1,1,enter,1,90,1251.63,840.63,0.6582,1,1,tracked_enter,,464,,,,
12-41-30.mp4,16353,815550,48776,7308,1,Bactrocera dorsalis,1,1,enter,1,91,1248.81,613.3,0.8887,0,0,tracked_enter,,465,,,,
12-41-30.mp4,19644,818841,48934,7328,0,Bactrocera correcta,1,1,exit,-1,18,1069.78,600.32,0.873,0,0,recovered_exit,inner_start,462,7292,0.6319125345744903,1,0
12-41-30.mp4,21204,820401,48941,7329,0,Bactrocera correcta,0,0,exit,-1,17,1278.48,861.22,0.8633,0,0,recovered_exit,inner_start,463,7296,0.7439929145147954,0,1
12-41-30.mp4,23289,822486,49017,7337,1,Bactrocera dorsalis,1,1,enter,1,92,1168.8,598.9,0.853,0,0,tracked_enter,,466,,,,
12-41-30.mp4,23791,822988,49018,7338,0,Bactrocera correcta,1,1,exit,-1,16,1162.43,894.28,0.8633,0,0,recovered_exit,inner_start,453,7063,0.5466346305876884,1,0
12-41-30.mp4,27850,827047,49109,7347,0,Bactrocera correcta,1,1,exit,-1,15,1097.01,866.07,0.8672,0,0,recovered_exit,inner_start,442,6955,0.5731421768768804,1,0
12-41-30.mp4,27890,827087,49109,7347,1,Bactrocera dorsalis,1,1,enter,1,93,1094.69,823.72,0.8823,0,0,tracked_enter,,467,,,,
12-41-30.mp4,31544,830741,49087,7344,0,Bactrocera correcta,0,0,enter,1,16,1173.16,592.09,0.8916,0,0,tracked_enter,,468,,,,
12-41-30.mp4,32552,831749,49087,7344,0,Bactrocera correcta,1,0,exit,-1,15,1040.23,621.67,0.832,0,0,tracked_exit,,468,7344,,,
12-41-30.mp4,32616,831813,49087,7344,0,Bactrocera correcta,0,0,enter,1,16,1057.29,718.34,0.793,0,0,tracked_enter,,469,,,,
12-41-30.mp4,35776,834973,49439,7377,0,Bactrocera correcta,0,0,enter,1,17,1058.95,678.38,0.8843,0,0,tracked_enter,,470,,,,
12-41-30.mp4,36747,835944,49440,7378,0,Bactrocera correcta,0,0,exit,-1,16,1014.51,711.22,0.8774,0,0,recovered_exit,inner_start,469,7344,0.8054458503763084,0,1
12-41-30.mp4,36833,836030,49440,7378,0,Bactrocera correcta,0,0,enter,1,17,1091.33,633.06,0.8579,0,0,tracked_enter,,471,,,,
12-41-30.mp4,42194,841391,49600,7398,0,Bactrocera correcta,0,0,enter,1,18,1099.73,828.9,0.8716,1,7,tracked_enter,,472,,,,
12-41-30.mp4,45003,844200,49835,7425,1,Bactrocera dorsalis,1,1,enter,1,94,1079.8,807.2,0.8848,0,0,tracked_enter,,473,,,,
12-41-30.mp4,45046,844243,49835,7425,1,Bactrocera dorsalis,1,1,exit,-1,93,1152.96,890.08,0.8774,0,0,tracked_exit,,473,7425,,,
12-41-30.mp4,45085,844282,49839,7426,0,Bactrocera correcta,0,0,enter,1,19,1052.54,734.33,0.8696,0,0,tracked_enter,,474,,,,
12-41-30.mp4,45171,844368,49849,7428,0,Bactrocera correcta,0,0,enter,1,20,1081.9,637.77,0.832,0,0,tracked_enter,,475,,,,
12-41-30.mp4,47098,846295,49871,7434,0,Bactrocera correcta,0,1,exit,-1,19,1097.97,865.5,0.876,0,0,recovered_exit,inner_start,474,7426,0.6176026215552035,1,0
12-41-30.mp4,47314,846511,49871,7434,1,Bactrocera dorsalis,0,1,enter,1,94,1130.49,847.26,0.8042,0,0,tracked_enter,,476,,,,
12-41-30.mp4,48682,847879,49900,7439,0,Bactrocera correcta,0,0,enter,1,20,1307.78,670.88,0.8501,0,0,tracked_enter,,477,,,,
12-41-30.mp4,52795,851992,49984,7455,0,Bactrocera correcta,0,0,enter,1,21,1069.23,791.87,0.7852,0,0,tracked_enter,,478,,,,
12-41-30.mp4,52982,852179,50027,7464,0,Bactrocera correcta,1,0,enter,1,22,1069.2,763.72,0.626,0,0,tracked_enter,,479,,,,
12-41-30.mp4,55638,854835,50169,7488,0,Bactrocera correcta,0,0,enter,1,23,1251.57,611.35,0.8579,1,3,tracked_enter,,480,,,,
12-41-30.mp4,55811,855008,50150,7484,0,Bactrocera correcta,0,0,enter,1,24,1285.08,639.05,0.8115,1,1,tracked_enter,,481,,,,
12-41-30.mp4,57861,857058,50298,7523,0,Bactrocera correcta,0,0,enter,1,25,1055.5,700.63,0.7417,0,0,tracked_enter,,482,,,,
12-41-30.mp4,58750,857947,50372,7531,0,Bactrocera correcta,1,1,exit,-1,24,1236.78,505.8,0.8301,1,2,recovered_exit,inner_start,480,7488,0.7160057880950496,1,0
12-41-30.mp4,58880,858077,50372,7531,1,Bactrocera dorsalis,1,1,enter,1,95,1293.08,655.03,0.873,1,2,tracked_enter,,483,,,,
12-41-30.mp4,58925,858122,50372,7531,1,Bactrocera dorsalis,1,1,exit,-1,94,1332.79,651.79,0.8472,1,2,tracked_exit,,483,7531,,,
12-41-30.mp4,63894,863091,50562,7586,1,Bactrocera dorsalis,1,1,enter,1,95,1272.38,625.55,0.8862,0,0,tracked_enter,,484,,,,
12-41-30.mp4,69483,868680,50759,7618,1,Bactrocera dorsalis,1,1,enter,1,96,1161.22,856.36,0.8457,0,0,tracked_enter,,485,,,,
12-41-30.mp4,69898,869095,50792,7624,0,Bactrocera correcta,0,0,enter,1,25,1268.54,621.03,0.8843,0,0,tracked_enter,,486,,,,
12-41-30.mp4,74511,873708,50872,7641,0,Bactrocera correcta,0,0,exit,-1,24,1076.66,597.92,0.8418,0,0,recovered_exit,inner_start,479,7464,0.9268099281404754,0,1
12-41-30.mp4,77872,877069,50900,7653,0,Bactrocera correcta,0,0,exit,-1,23,1075.96,561.8,0.874,0,0,recovered_exit,outer_start,481,7484,0.8860476375373705,0,1
12-41-30.mp4,77887,877084,50900,7653,0,Bactrocera correcta,0,0,enter,1,24,1135.31,599.5,0.8789,0,0,tracked_enter,,487,,,,
12-41-30.mp4,78070,877267,50900,7653,0,Bactrocera correcta,0,1,exit,-1,23,1024.67,672.63,0.9048,0,0,tracked_exit,,487,7653,,,
12-41-30.mp4,79139,878336,50904,7655,0,Bactrocera correcta,0,0,exit,-1,22,1109.98,576.26,0.8682,0,0,recovered_exit,inner_start,482,7523,0.8276325718803441,0,1
12-41-30.mp4,81300,880497,50960,7665,1,Bactrocera dorsalis,0,1,enter,1,97,1206.28,601.11,0.8164,1,1,tracked_enter,,488,,,,
12-41-30.mp4,81312,880509,50963,7665,1,Bactrocera dorsalis,1,1,exit,-1,96,1403.45,825.81,0.6299,1,12,tracked_exit,,488,7665,,,
12-41-30.mp4,81490,880687,51018,7667,0,Bactrocera correcta,0,0,enter,1,23,1312.73,733.22,0.875,0,0,tracked_enter,,489,,,,
12-41-30.mp4,81514,880711,50987,7662,0,Bactrocera correcta,0,0,enter,1,24,1143.76,605.26,0.8599,1,18,tracked_enter,,490,,,,
12-41-30.mp4,81938,881135,51037,7669,1,Bactrocera dorsalis,1,1,enter,1,97,1205.64,592.19,0.6655,0,0,tracked_enter,,491,,,,
12-41-30.mp4,81986,881183,50987,7662,0,Bactrocera correcta,0,0,exit,-1,23,1351.17,731.65,0.8447,1,18,tracked_exit,,490,7662,,,
12-41-30.mp4,82108,881305,50987,7662,0,Bactrocera correcta,0,0,enter,1,24,1306.7,678.21,0.8457,1,18,tracked_enter,,492,,,,
12-41-30.mp4,82743,881940,51058,7678,1,Bactrocera dorsalis,1,1,enter,1,98,1153.54,594.09,0.8633,0,0,tracked_enter,,493,,,,
12-41-30.mp4,83062,882259,51053,7674,0,Bactrocera correcta,0,1,exit,-1,23,1042.93,811.38,0.8579,0,0,recovered_exit,inner_start,475,7428,0.6166570806388942,1,0
12-41-30.mp4,83115,882312,51053,7674,1,Bactrocera dorsalis,0,1,enter,1,99,1163.9,854.63,0.8599,0,0,tracked_enter,,494,,,,
12-41-30.mp4,83535,882732,51071,7681,0,Bactrocera correcta,0,0,exit,-1,22,1271.21,866.21,0.8643,0,0,recovered_exit,inner_start,486,7624,0.8445349076875808,0,1
12-41-30.mp4,84167,883364,51071,7681,0,Bactrocera correcta,0,0,enter,1,23,1268.69,623.48,0.9004,0,0,tracked_enter,,495,,,,
12-41-30.mp4,85704,884901,51098,7690,0,Bactrocera correcta,0,0,exit,-1,22,1295.39,597.81,0.8833,0,0,recovered_exit,inner_start,478,7455,0.8144555495565042,0,1
12-41-30.mp4,85916,885113,51098,7690,0,Bactrocera correcta,0,0,enter,1,23,1249.34,607.29,0.8706,0,0,tracked_enter,,496,,,,
12-41-30.mp4,86221,885418,51104,7691,0,Bactrocera correcta,0,0,exit,-1,22,1348.1,705.44,0.8833,0,0,recovered_exit,inner_start,472,7398,0.7964740899970475,0,1
12-41-30.mp4,87215,886412,51104,7691,0,Bactrocera correcta,0,0,enter,1,23,1300.61,787.23,0.8672,0,0,tracked_enter,,497,,,,
12-41-30.mp4,87319,886516,51104,7691,0,Bactrocera correcta,0,0,exit,-1,22,1229.7,564.78,0.897,0,0,tracked_exit,,497,7691,,,
12-41-30.mp4,90163,889360,51247,7716,0,Bactrocera correcta,0,0,enter,1,23,1309.28,674.02,0.876,0,0,tracked_enter,,498,,,,
12-41-30.mp4,91802,890999,51351,7729,0,Bactrocera correcta,0,0,enter,1,24,1210.96,854.55,0.8818,1,7,tracked_enter,,499,,,,
12-41-30.mp4,92097,891294,51367,7733,1,Bactrocera dorsalis,1,1,enter,1,100,1318.19,734.09,0.8696,0,0,tracked_enter,,500,,,,
12-41-30.mp4,92184,891381,51367,7733,1,Bactrocera dorsalis,1,1,exit,-1,99,1336.4,655.23,0.8682,0,0,tracked_exit,,500,7733,,,
12-41-30.mp4,92291,891488,51374,7734,1,Bactrocera dorsalis,0,1,exit,-1,98,1351.26,681.07,0.5176,0,0,recovered_exit,inner_start,456,7189,0.963961292437062,1,1
12-41-30.mp4,93196,892393,51444,7739,0,Bactrocera correcta,0,0,enter,1,25,1173.49,858.15,0.875,0,0,tracked_enter,,501,,,,
12-41-30.mp4,95977,895174,51609,7752,1,Bactrocera dorsalis,1,1,enter,1,99,1116.73,612.13,0.9028,0,0,tracked_enter,,502,,,,
12-41-30.mp4,96173,895370,51609,7752,1,Bactrocera dorsalis,1,1,exit,-1,98,1022.6,764.91,0.8457,0,0,tracked_exit,,502,7752,,,
12-41-30.mp4,96270,895467,51609,7752,1,Bactrocera dorsalis,1,1,enter,1,99,1089.21,817.83,0.9058,0,0,tracked_enter,,503,,,,
12-41-30.mp4,96360,895557,51609,7752,1,Bactrocera dorsalis,1,1,exit,-1,98,1146.53,885.19,0.873,0,0,tracked_exit,,503,7752,,,
12-41-30.mp4,96449,895646,51609,7752,1,Bactrocera dorsalis,1,1,enter,1,99,1236.86,846.75,0.8696,0,0,tracked_enter,,504,,,,
12-41-30.mp4,96484,895681,51609,7752,1,Bactrocera dorsalis,1,1,exit,-1,98,1254.7,874.58,0.8774,0,0,tracked_exit,,504,7752,,,
12-41-30.mp4,100838,900035,51720,7766,1,Bactrocera dorsalis,1,1,enter,1,99,1050.91,709.83,0.8687,0,0,tracked_enter,,505,,,,
12-41-30.mp4,101690,900887,51881,7775,0,Bactrocera correcta,1,1,exit,-1,24,997.51,628.39,0.7139,0,0,recovered_exit,inner_start,499,7729,0.5772249203528961,1,0
12-41-30.mp4,108892,908089,51955,7782,0,Bactrocera correcta,0,0,enter,1,25,1267.9,624.41,0.855,0,0,tracked_enter,,506,,,,
12-41-30.mp4,111265,910462,52038,7792,0,Bactrocera correcta,0,0,enter,1,26,1101.48,619.57,0.8491,0,0,tracked_enter,,507,,,,
12-41-30.mp4,111315,910512,52038,7792,0,Bactrocera correcta,0,0,exit,-1,25,1016.99,731.72,0.8687,0,0,tracked_exit,,507,7792,,,
12-41-30.mp4,122825,922022,52300,7823,0,Bactrocera correcta,0,0,enter,1,26,1178.3,858.39,0.8696,0,0,tracked_enter,,508,,,,
12-41-30.mp4,124346,923543,52360,7832,0,Bactrocera correcta,0,0,enter,1,27,1112.62,616.45,0.8457,0,0,tracked_enter,,509,,,,
12-41-30.mp4,126648,925845,52475,7847,0,Bactrocera correcta,0,0,exit,-1,26,1215.3,546.99,0.8716,0,0,recovered_exit,outer_start,444,6977,0.8207980303091111,0,1
12-41-30.mp4,126686,925883,52475,7847,1,Bactrocera dorsalis,0,1,enter,1,100,1152.4,593.03,0.897,0,0,tracked_enter,,510,,,,
12-41-30.mp4,126941,926138,52475,7847,1,Bactrocera dorsalis,0,0,exit,-1,99,1204.48,557.06,0.8672,0,0,tracked_exit,,510,7847,,,
12-41-30.mp4,127132,926329,52463,7844,0,Bactrocera correcta,0,0,exit,-1,25,1093.68,583.79,0.8896,0,0,recovered_exit,inner_start,501,7739,0.8220714542370713,0,1
12-41-30.mp4,127189,926386,52463,7844,0,Bactrocera correcta,0,0,enter,1,26,1061.3,667.97,0.8335,0,0,tracked_enter,,511,,,,
12-41-30.mp4,128141,927338,52586,7863,0,Bactrocera correcta,0,0,enter,1,27,1162.02,855.35,0.8716,0,0,tracked_enter,,512,,,,
12-41-30.mp4,128897,928094,52599,7864,0,Bactrocera correcta,0,0,enter,1,28,1277.16,821.48,0.8818,0,0,tracked_enter,,513,,,,
12-41-30.mp4,129233,928430,52599,7864,0,Bactrocera correcta,0,0,exit,-1,27,1254.33,873.54,0.8623,0,0,tracked_exit,,513,7864,,,
12-41-30.mp4,129535,928732,52599,7864,0,Bactrocera correcta,0,0,enter,1,28,1248.72,842.4,0.8774,0,0,tracked_enter,,514,,,,
12-41-30.mp4,129602,928799,52599,7864,0,Bactrocera correcta,0,0,exit,-1,27,1267.49,870.13,0.8623,0,0,tracked_exit,,514,7864,,,
12-41-30.mp4,130230,929427,52599,7864,0,Bactrocera correcta,0,0,enter,1,28,1215.92,852.93,0.855,0,0,tracked_enter,,515,,,,
12-41-30.mp4,130312,929509,52599,7864,0,Bactrocera correcta,0,0,exit,-1,27,1187.77,889.98,0.8242,0,0,tracked_exit,,515,7864,,,
12-41-30.mp4,130342,929539,52654,7879,0,Bactrocera correcta,1,1,exit,-1,26,1162.66,891.16,0.5527,0,0,recovered_exit,inner_start,498,7716,0.6012943891501545,1,0
12-41-30.mp4,130555,929752,52654,7879,0,Bactrocera correcta,0,0,enter,1,27,1091.36,819.83,0.8784,0,0,tracked_enter,,516,,,,
12-41-30.mp4,131448,930645,52708,7888,0,Bactrocera correcta,0,1,exit,-1,26,1174.56,888.89,0.8457,0,0,recovered_exit,inner_start,516,7879,0.6341494100130671,1,0
12-41-30.mp4,132893,932090,52724,7891,0,Bactrocera correcta,0,0,exit,-1,25,1036.4,797.82,0.8613,0,0,recovered_exit,inner_start,496,7690,0.7834318171796457,0,1
12-41-30.mp4,133450,932647,52779,7902,0,Bactrocera correcta,0,0,enter,1,26,1103.44,830.11,0.856,0,0,tracked_enter,,517,,,,
13-36-17.mp4,1614,935544,52973,7939,0,Bactrocera correcta,0,0,exit,-1,25,1362.38,727.36,0.8799,0,0,recovered_exit,outer_start,506,7782,0.7912065478946235,0,1
13-36-17.mp4,1669,935599,52949,7937,0,Bactrocera correcta,0,0,enter,1,26,1051.5,741.51,0.8501,0,0,tracked_enter,,518,,,,
13-36-17.mp4,1747,935677,52949,7937,0,Bactrocera correcta,0,0,exit,-1,25,1204.47,890.15,0.8579,0,0,tracked_exit,,518,7937,,,
13-36-17.mp4,1798,935728,52949,7937,0,Bactrocera correcta,1,0,enter,1,26,1253.6,838.97,0.4648,0,0,tracked_enter,,519,,,,
13-36-17.mp4,1893,935823,52973,7939,0,Bactrocera correcta,0,0,enter,1,27,1312.83,686.43,0.895,0,0,tracked_enter,,520,,,,
13-36-17.mp4,2214,936144,52973,7939,0,Bactrocera correcta,0,0,exit,-1,26,1193.11,893.99,0.8521,0,0,tracked_exit,,520,7939,,,
13-36-17.mp4,2484,936414,53112,7949,0,Bactrocera correcta,0,1,exit,-1,25,1097.45,869.26,0.856,0,0,recovered_exit,inner_start,495,7681,0.5365475174625911,1,0
13-36-17.mp4,4459,938389,53284,7959,0,Bactrocera correcta,0,0,enter,1,26,1317.03,732.56,0.8784,0,0,tracked_enter,,521,,,,
13-36-17.mp4,5068,938998,53285,7960,0,Bactrocera correcta,0,1,exit,-1,25,1226.84,885.06,0.8457,0,0,recovered_exit,inner_start,521,7959,0.5794474133622598,1,0
