video,video_frame,global_frame,track_id,cls_id,class_name,direction,delta,count_after,center_x,center_y,conf
08-41-24.mp4,2814,2814,12,1,Bactrocera dorsalis,enter,1,1,1262.11,596.04,0.8818
08-41-24.mp4,2882,2882,12,1,Bactrocera dorsalis,exit,-1,0,1244.07,583.4,0.9067
08-41-24.mp4,4454,4454,12,1,Bactrocera dorsalis,enter,1,1,1179.21,576.2,0.874
08-41-24.mp4,4597,4597,12,1,Bactrocera dorsalis,exit,-1,0,1165.79,574.27,0.8862
08-41-24.mp4,9576,9576,115,0,Bactrocera correcta,exit,-1,0,1087.54,607.87,0.8872
08-41-24.mp4,14098,14098,562,0,Bactrocera correcta,enter,1,1,1260.5,602.76,0.8911
08-41-24.mp4,16722,16722,944,0,Bactrocera correcta,enter,1,2,1210.3,583.02,0.8608
08-41-24.mp4,16789,16789,944,0,Bactrocera correcta,exit,-1,1,1105.75,595.47,0.8662
08-41-24.mp4,17597,17597,1325,0,Bactrocera correcta,exit,-1,0,1111.8,857.39,0.8774
08-41-24.mp4,17978,17978,1256,1,Bactrocera dorsalis,enter,1,1,1045.62,781.45,0.8926
08-41-24.mp4,18751,18751,1310,0,Bactrocera correcta,enter,1,1,1062.68,808.91,0.6582
08-41-24.mp4,18832,18832,1310,1,Bactrocera dorsalis,exit,-1,0,1049.12,657.48,0.5469
08-41-24.mp4,18832,18832,1666,0,Bactrocera correcta,exit,-1,0,1047.75,656.87,0.6206
08-41-24.mp4,18989,18989,1256,1,Bactrocera dorsalis,exit,-1,0,1296.87,829.89,0.9072
08-41-24.mp4,20336,20336,1886,0,Bactrocera correcta,enter,1,1,1301.09,816.96,0.8472
08-41-24.mp4,22763,22763,2142,1,Bactrocera dorsalis,enter,1,1,1113.43,603.07,0.8726
08-41-24.mp4,22929,22929,2142,1,Bactrocera dorsalis,exit,-1,0,1305.94,812.13,0.8887
08-41-24.mp4,23059,23059,2065,1,Bactrocera dorsalis,enter,1,1,1039.96,727.5,0.8652
08-41-24.mp4,23097,23097,2065,1,Bactrocera dorsalis,exit,-1,0,1030.18,725.41,0.8569
08-41-24.mp4,24809,24809,2019,0,Bactrocera correcta,enter,1,2,1173.84,873.58,0.7788
08-41-24.mp4,24883,24883,2142,1,Bactrocera dorsalis,enter,1,1,1053.95,657.68,0.8896
08-41-24.mp4,24926,24926,2142,1,Bactrocera dorsalis,exit,-1,0,1034.08,708.67,0.8389
08-41-24.mp4,24986,24986,2019,1,Bactrocera dorsalis,exit,-1,0,1286.99,833.54,0.7891
08-41-24.mp4,25183,25183,2019,1,Bactrocera dorsalis,enter,1,1,1205.86,861.71,0.7358
08-41-24.mp4,25185,25185,2019,1,Bactrocera dorsalis,exit,-1,0,1209.09,875.99,0.8843
08-41-24.mp4,25208,25208,2019,0,Bactrocera correcta,enter,1,3,1203.68,869.31,0.6299
08-41-24.mp4,25210,25210,2019,0,Bactrocera correcta,exit,-1,2,1208.37,879.19,0.8267
08-41-24.mp4,25219,25219,2019,0,Bactrocera correcta,enter,1,3,1202.3,871.81,0.667
08-41-24.mp4,25223,25223,2019,0,Bactrocera correcta,exit,-1,2,1204.26,877.71,0.8447
08-41-24.mp4,25227,25227,2019,1,Bactrocera dorsalis,enter,1,1,1202.67,871.1,0.7373
08-41-24.mp4,25232,25232,2019,1,Bactrocera dorsalis,exit,-1,0,1207.66,875.76,0.8398
08-41-24.mp4,25257,25257,2019,1,Bactrocera dorsalis,enter,1,1,1196.91,870.05,0.5312
08-41-24.mp4,25257,25257,2393,0,Bactrocera correcta,enter,1,3,1198.61,872.73,0.583
08-41-24.mp4,25279,25279,2019,1,Bactrocera dorsalis,exit,-1,0,1203.81,876.56,0.8257
08-41-24.mp4,25288,25288,2019,0,Bactrocera correcta,enter,1,4,1197.57,873.31,0.6792
08-41-24.mp4,25318,25318,2019,0,Bactrocera correcta,exit,-1,3,1194.83,874.42,0.7891
08-41-24.mp4,25338,25338,2019,1,Bactrocera dorsalis,enter,1,1,1172.58,864.16,0.5332
08-41-24.mp4,25341,25341,2406,1,Bactrocera dorsalis,enter,1,2,1175.93,873.51,0.626
08-41-24.mp4,25345,25345,2019,0,Bactrocera correcta,exit,-1,2,1186.25,875.24,0.7549
08-41-24.mp4,25373,25373,2398,1,Bactrocera dorsalis,exit,-1,1,1190.63,903.41,0.7358
08-41-24.mp4,25391,25391,2019,1,Bactrocera dorsalis,enter,1,2,1204.34,872.29,0.7744
08-41-24.mp4,25397,25397,2019,1,Bactrocera dorsalis,exit,-1,1,1207.83,873.01,0.5391
08-41-24.mp4,25405,25405,2019,1,Bactrocera dorsalis,enter,1,2,1201.62,869.95,0.7563
08-41-24.mp4,25428,25428,2019,1,Bactrocera dorsalis,exit,-1,1,1200.42,873.81,0.7295
08-41-24.mp4,25432,25432,2019,1,Bactrocera dorsalis,enter,1,2,1200.5,872.59,0.6689
08-41-24.mp4,25529,25529,2425,0,Bactrocera correcta,exit,-1,1,1202.9,876.05,0.8154
08-41-24.mp4,25600,25600,2425,0,Bactrocera correcta,enter,1,2,1305.83,806.68,0.854
08-41-24.mp4,26100,26100,2019,0,Bactrocera correcta,exit,-1,1,1216.85,574.79,0.8447
08-41-24.mp4,26442,26442,2425,0,Bactrocera correcta,exit,-1,0,1103.0,854.14,0.8643
08-41-24.mp4,26445,26445,2425,0,Bactrocera correcta,enter,1,1,1094.21,840.03,0.8491
08-41-24.mp4,26464,26464,2425,0,Bactrocera correcta,exit,-1,0,1051.21,793.86,0.8257
08-41-24.mp4,26465,26465,2425,0,Bactrocera correcta,enter,1,1,1051.66,794.43,0.8311
08-41-24.mp4,26466,26466,2425,0,Bactrocera correcta,exit,-1,0,1051.33,794.64,0.8354
08-41-24.mp4,26471,26471,2425,0,Bactrocera correcta,enter,1,1,1057.72,795.62,0.8188
08-41-24.mp4,26497,26497,2579,0,Bactrocera correcta,enter,1,2,1034.69,734.52,0.8257
08-41-24.mp4,26512,26512,2579,0,Bactrocera correcta,exit,-1,1,1035.24,745.76,0.8267
08-41-24.mp4,26524,26524,2425,1,Bactrocera dorsalis,exit,-1,1,1014.35,728.36,0.8066
08-41-24.mp4,26533,26533,2425,0,Bactrocera correcta,enter,1,2,1040.63,685.87,0.832
08-41-24.mp4,26681,26681,2602,0,Bactrocera correcta,exit,-1,1,1068.71,821.87,0.8481
08-41-24.mp4,28231,28231,2602,0,Bactrocera correcta,enter,1,2,1071.98,823.59,0.8398
08-41-24.mp4,28814,28814,2905,0,Bactrocera correcta,exit,-1,1,1041.12,770.45,0.8345
08-41-24.mp4,28822,28822,2905,0,Bactrocera correcta,enter,1,2,1040.17,766.26,0.8364
08-41-24.mp4,28828,28828,2905,0,Bactrocera correcta,exit,-1,1,1039.79,765.94,0.8438
08-41-24.mp4,28841,28841,2863,1,Bactrocera dorsalis,enter,1,2,1137.59,866.3,0.8652
08-41-24.mp4,28851,28851,2863,1,Bactrocera dorsalis,exit,-1,1,1134.39,866.93,0.873
08-41-24.mp4,28853,28853,2863,1,Bactrocera dorsalis,enter,1,2,1135.13,863.32,0.8687
08-41-24.mp4,28884,28884,2905,0,Bactrocera correcta,enter,1,2,1040.89,768.33,0.8472
08-41-24.mp4,28885,28885,2905,0,Bactrocera correcta,exit,-1,1,1040.63,769.14,0.8472
08-41-24.mp4,28888,28888,2905,0,Bactrocera correcta,enter,1,2,1041.27,769.59,0.8447
08-41-24.mp4,28891,28891,2905,0,Bactrocera correcta,exit,-1,1,1041.08,770.58,0.8501
08-41-24.mp4,30771,30771,2905,1,Bactrocera dorsalis,enter,1,3,1046.28,669.25,0.8608
08-41-24.mp4,30934,30934,2905,0,Bactrocera correcta,exit,-1,0,1050.32,651.68,0.4302
08-41-24.mp4,30936,30936,3283,1,Bactrocera dorsalis,exit,-1,2,1052.01,652.19,0.6738
08-41-24.mp4,31348,31348,3330,0,Bactrocera correcta,enter,1,1,1330.15,722.3,0.8809
08-41-24.mp4,31913,31913,3291,1,Bactrocera dorsalis,enter,1,3,1286.84,615.91,0.8687
08-41-24.mp4,31924,31924,3291,1,Bactrocera dorsalis,exit,-1,2,1261.01,592.76,0.8589
08-41-24.mp4,31929,31929,3291,1,Bactrocera dorsalis,enter,1,3,1245.35,591.26,0.8784
08-41-24.mp4,31990,31990,3291,1,Bactrocera dorsalis,exit,-1,2,1039.71,681.06,0.8589
08-41-24.mp4,31992,31992,3291,1,Bactrocera dorsalis,enter,1,3,1040.93,679.55,0.8623
08-41-24.mp4,31999,31999,3291,1,Bactrocera dorsalis,exit,-1,2,1039.51,677.27,0.8457
08-41-24.mp4,32026,32026,3291,1,Bactrocera dorsalis,enter,1,3,1043.48,675.18,0.8643
08-41-24.mp4,32062,32062,3291,1,Bactrocera dorsalis,exit,-1,2,1040.88,675.58,0.8652
08-41-24.mp4,33363,33363,3301,1,Bactrocera dorsalis,enter,1,3,1077.97,623.4,0.8662
08-41-24.mp4,37684,37684,3849,0,Bactrocera correcta,exit,-1,0,1179.27,878.31,0.7827
08-41-24.mp4,37771,37771,3849,0,Bactrocera correcta,enter,1,1,1294.91,628.06,0.8696
08-41-24.mp4,38003,38003,3849,0,Bactrocera correcta,exit,-1,0,1178.67,573.82,0.8833
08-41-24.mp4,38190,38190,3849,0,Bactrocera correcta,enter,1,1,1035.21,727.49,0.8672
08-41-24.mp4,38402,38402,3849,0,Bactrocera correcta,exit,-1,0,1033.74,720.32,0.8599
08-41-24.mp4,38442,38442,3849,0,Bactrocera correcta,enter,1,1,1048.89,659.68,0.8623
08-41-24.mp4,38474,38474,3849,0,Bactrocera correcta,exit,-1,0,1141.13,577.25,0.8901
08-41-24.mp4,41071,41071,4089,1,Bactrocera dorsalis,enter,1,4,1269.5,603.04,0.8857
08-41-24.mp4,41503,41503,4118,1,Bactrocera dorsalis,exit,-1,3,1327.59,674.77,0.8784
08-41-24.mp4,42661,42661,4040,1,Bactrocera dorsalis,enter,1,4,1096.49,602.53,0.8696
08-41-24.mp4,42715,42715,4040,1,Bactrocera dorsalis,exit,-1,3,1096.4,599.82,0.8955
08-41-24.mp4,42735,42735,4040,1,Bactrocera dorsalis,enter,1,4,1090.67,608.72,0.8965
08-41-24.mp4,42757,42757,4040,1,Bactrocera dorsalis,exit,-1,3,1079.81,615.57,0.8765
08-41-24.mp4,42763,42763,4040,1,Bactrocera dorsalis,enter,1,4,1081.09,614.92,0.8823
08-41-24.mp4,42764,42764,4040,1,Bactrocera dorsalis,exit,-1,3,1080.37,614.42,0.8848
08-41-24.mp4,42766,42766,4040,1,Bactrocera dorsalis,enter,1,4,1081.61,615.16,0.8955
08-41-24.mp4,44189,44189,3040,1,Bactrocera dorsalis,enter,1,5,1296.75,630.19,0.6807
08-41-24.mp4,44308,44308,4298,1,Bactrocera dorsalis,exit,-1,4,1186.06,573.92,0.8726
08-41-24.mp4,44323,44323,4298,1,Bactrocera dorsalis,enter,1,5,1148.3,580.14,0.8672
08-41-24.mp4,44352,44352,4298,1,Bactrocera dorsalis,exit,-1,4,1121.06,587.72,0.8911
08-41-24.mp4,44783,44783,4324,1,Bactrocera dorsalis,exit,-1,3,1064.77,817.11,0.5449
08-41-24.mp4,44787,44787,4298,1,Bactrocera dorsalis,enter,1,4,1042.15,684.77,0.8887
08-41-24.mp4,45639,45639,4337,0,Bactrocera correcta,enter,1,1,1067.63,818.13,0.7891
08-41-24.mp4,45690,45690,4337,0,Bactrocera correcta,exit,-1,0,1055.61,804.92,0.8174
08-41-24.mp4,45949,45949,4337,0,Bactrocera correcta,enter,1,1,1060.17,807.47,0.7549
08-41-24.mp4,45966,45966,4337,0,Bactrocera correcta,exit,-1,0,1058.66,807.56,0.7578
08-41-24.mp4,46014,46014,4337,0,Bactrocera correcta,enter,1,1,1061.15,806.77,0.8188
08-41-24.mp4,46078,46078,4338,1,Bactrocera dorsalis,exit,-1,3,1159.12,871.98,0.856
08-41-24.mp4,46081,46081,4338,1,Bactrocera dorsalis,enter,1,4,1160.98,872.14,0.8457
08-41-24.mp4,46089,46089,4338,1,Bactrocera dorsalis,exit,-1,3,1162.09,873.79,0.8408
08-41-24.mp4,47574,47574,4459,0,Bactrocera correcta,exit,-1,0,1325.07,664.45,0.7905
08-41-24.mp4,47590,47590,4459,0,Bactrocera correcta,enter,1,1,1318.69,659.68,0.7676
08-41-24.mp4,47591,47591,4485,1,Bactrocera dorsalis,enter,1,4,1318.02,659.57,0.6689
08-41-24.mp4,47667,47667,4459,1,Bactrocera dorsalis,exit,-1,3,1324.3,670.87,0.6514
08-41-24.mp4,47698,47698,4459,0,Bactrocera correcta,enter,1,2,1329.59,687.94,0.7388
08-41-24.mp4,47791,47791,4464,0,Bactrocera correcta,exit,-1,1,1188.03,573.9,0.8242
08-41-24.mp4,47896,47896,4459,1,Bactrocera dorsalis,exit,-1,2,1326.7,677.63,0.8682
08-41-24.mp4,47930,47930,4459,1,Bactrocera dorsalis,enter,1,3,1326.59,677.5,0.8652
08-41-24.mp4,47931,47931,4459,1,Bactrocera dorsalis,exit,-1,2,1326.59,677.34,0.873
08-41-24.mp4,47933,47933,4459,1,Bactrocera dorsalis,enter,1,3,1326.59,677.56,0.874
08-41-24.mp4,47935,47935,4459,1,Bactrocera dorsalis,exit,-1,2,1326.59,677.11,0.8662
08-41-24.mp4,47972,47972,4459,1,Bactrocera dorsalis,enter,1,3,1326.65,677.89,0.8643
08-41-24.mp4,47973,47973,4459,1,Bactrocera dorsalis,exit,-1,2,1327.77,678.38,0.8521
08-41-24.mp4,48053,48053,4459,1,Bactrocera dorsalis,enter,1,3,1326.55,677.53,0.832
08-41-24.mp4,48061,48061,4459,1,Bactrocera dorsalis,exit,-1,2,1327.77,677.43,0.8301
08-41-24.mp4,48063,48063,4459,1,Bactrocera dorsalis,enter,1,3,1326.75,677.97,0.8291
08-41-24.mp4,48066,48066,4459,1,Bactrocera dorsalis,exit,-1,2,1327.78,677.69,0.832
08-41-24.mp4,48074,48074,4459,1,Bactrocera dorsalis,enter,1,3,1326.81,678.26,0.8291
08-41-24.mp4,48075,48075,4459,1,Bactrocera dorsalis,exit,-1,2,1327.83,677.89,0.8374
08-41-24.mp4,48083,48083,4459,1,Bactrocera dorsalis,enter,1,3,1326.93,678.58,0.8354
08-41-24.mp4,48084,48084,4459,1,Bactrocera dorsalis,exit,-1,2,1327.87,678.02,0.832
08-41-24.mp4,48131,48131,4464,0,Bactrocera correcta,enter,1,2,1182.79,574.25,0.8569
08-41-24.mp4,48133,48133,4464,0,Bactrocera correcta,exit,-1,1,1182.69,572.97,0.8613
08-41-24.mp4,48227,48227,4459,1,Bactrocera dorsalis,enter,1,3,1330.53,696.85,0.853
08-41-24.mp4,48237,48237,4459,1,Bactrocera dorsalis,exit,-1,2,1327.87,678.85,0.8057
08-41-24.mp4,49275,49275,4732,1,Bactrocera dorsalis,enter,1,3,1066.97,634.17,0.8652
08-41-24.mp4,49281,49281,4732,1,Bactrocera dorsalis,exit,-1,2,1075.51,618.46,0.8623
08-41-24.mp4,49282,49282,4732,1,Bactrocera dorsalis,enter,1,3,1081.44,617.41,0.8652
08-41-24.mp4,49284,49284,4732,1,Bactrocera dorsalis,exit,-1,2,1079.98,613.25,0.8774
08-41-24.mp4,49315,49315,4459,1,Bactrocera dorsalis,enter,1,3,1330.51,698.86,0.8374
08-41-24.mp4,49356,49356,4459,1,Bactrocera dorsalis,exit,-1,2,1330.01,684.36,0.8398
08-41-24.mp4,49742,49742,4759,0,Bactrocera correcta,enter,1,2,1329.5,754.86,0.7944
08-41-24.mp4,49753,49753,4759,0,Bactrocera correcta,exit,-1,1,1332.36,755.07,0.8374
08-41-24.mp4,49778,49778,4759,0,Bactrocera correcta,enter,1,2,1328.62,762.72,0.8066
08-41-24.mp4,49779,49779,4759,0,Bactrocera correcta,exit,-1,1,1329.57,764.9,0.7959
08-41-24.mp4,49781,49781,4759,0,Bactrocera correcta,enter,1,2,1327.26,764.77,0.7993
08-41-24.mp4,49790,49790,4759,0,Bactrocera correcta,exit,-1,1,1329.5,762.0,0.7983
08-41-24.mp4,49795,49795,4759,0,Bactrocera correcta,enter,1,2,1329.06,761.39,0.7993
08-41-24.mp4,49945,49945,4759,0,Bactrocera correcta,exit,-1,1,1328.87,764.24,0.8408
08-41-24.mp4,49962,49962,4759,0,Bactrocera correcta,enter,1,2,1328.42,764.05,0.8335
08-41-24.mp4,50226,50226,4464,0,Bactrocera correcta,enter,1,3,1200.93,579.28,0.8501
08-41-24.mp4,50287,50287,4464,0,Bactrocera correcta,exit,-1,2,1198.05,572.47,0.856
08-41-24.mp4,50338,50338,4759,1,Bactrocera dorsalis,exit,-1,1,1316.36,804.92,0.6074
08-41-24.mp4,50339,50339,4759,1,Bactrocera dorsalis,enter,1,2,1304.59,789.27,0.6621
08-41-24.mp4,50678,50678,4464,0,Bactrocera correcta,enter,1,3,1246.91,589.48,0.8682
08-41-24.mp4,50692,50692,4551,0,Bactrocera correcta,enter,1,4,1099.82,600.07,0.8774
08-41-24.mp4,50726,50726,4464,0,Bactrocera correcta,exit,-1,3,1233.82,581.63,0.8716
08-41-24.mp4,50999,50999,4974,1,Bactrocera dorsalis,enter,1,3,1231.52,605.34,0.6738
08-41-24.mp4,51012,51012,4464,0,Bactrocera correcta,enter,1,4,1297.96,629.26,0.6318
08-41-24.mp4,51013,51013,4464,0,Bactrocera correcta,exit,-1,3,1298.06,625.12,0.4883
08-41-24.mp4,51014,51014,4464,0,Bactrocera correcta,enter,1,4,1294.35,626.24,0.562
08-41-24.mp4,51023,51023,4464,0,Bactrocera correcta,exit,-1,3,1284.46,602.36,0.7842
08-41-24.mp4,51510,51510,4874,0,Bactrocera correcta,exit,-1,2,1333.99,742.22,0.7759
08-41-24.mp4,51538,51538,5010,1,Bactrocera dorsalis,enter,1,4,1328.88,686.04,0.6929
08-41-24.mp4,51542,51542,4459,1,Bactrocera dorsalis,enter,1,5,1325.22,675.07,0.7461
08-41-24.mp4,51543,51543,5010,1,Bactrocera dorsalis,exit,-1,4,1333.13,702.14,0.7446
08-41-24.mp4,51550,51550,5010,1,Bactrocera dorsalis,enter,1,5,1332.31,710.39,0.7607
08-41-24.mp4,51551,51551,5010,1,Bactrocera dorsalis,exit,-1,4,1334.39,710.21,0.772
08-41-24.mp4,51551,51551,4459,1,Bactrocera dorsalis,exit,-1,3,1329.98,687.28,0.7153
08-41-24.mp4,51559,51559,5010,1,Bactrocera dorsalis,enter,1,4,1331.47,709.66,0.7358
08-41-24.mp4,51573,51573,5010,1,Bactrocera dorsalis,exit,-1,3,1340.77,733.29,0.4883
08-41-24.mp4,51954,51954,4874,0,Bactrocera correcta,enter,1,3,1329.16,761.43,0.7993
08-41-24.mp4,51955,51955,4874,0,Bactrocera correcta,exit,-1,2,1329.7,761.44,0.792
08-41-24.mp4,51956,51956,4874,0,Bactrocera correcta,enter,1,3,1328.73,762.63,0.7905
08-41-24.mp4,51963,51963,4874,0,Bactrocera correcta,exit,-1,2,1328.87,764.21,0.7905
08-41-24.mp4,51964,51964,4874,0,Bactrocera correcta,enter,1,3,1328.51,763.9,0.8008
08-41-24.mp4,51970,51970,4874,0,Bactrocera correcta,exit,-1,2,1329.96,760.16,0.7798
08-41-24.mp4,51971,51971,4874,0,Bactrocera correcta,enter,1,3,1328.96,760.32,0.7759
08-41-24.mp4,51975,51975,4874,0,Bactrocera correcta,exit,-1,2,1329.58,760.71,0.7881
08-41-24.mp4,51976,51976,4874,0,Bactrocera correcta,enter,1,3,1328.82,760.85,0.7881
08-41-24.mp4,51978,51978,4874,0,Bactrocera correcta,exit,-1,2,1329.83,760.74,0.7881
08-41-24.mp4,51982,51982,4874,0,Bactrocera correcta,enter,1,3,1328.07,760.25,0.8081
08-41-24.mp4,52355,52355,4874,0,Bactrocera correcta,exit,-1,2,1333.34,742.57,0.8008
08-41-24.mp4,52371,52371,4874,0,Bactrocera correcta,enter,1,3,1331.02,753.66,0.7983
08-41-24.mp4,52494,52494,4874,0,Bactrocera correcta,exit,-1,2,1333.61,734.95,0.8672
08-41-24.mp4,52501,52501,4874,0,Bactrocera correcta,enter,1,3,1332.0,733.05,0.8188
08-41-24.mp4,52503,52503,4874,0,Bactrocera correcta,exit,-1,2,1335.58,734.03,0.8652
08-41-24.mp4,52552,52552,4874,0,Bactrocera correcta,enter,1,3,1327.0,737.92,0.8364
08-41-24.mp4,52601,52601,4874,0,Bactrocera correcta,exit,-1,2,1332.04,757.54,0.876
08-41-24.mp4,53881,53881,5145,1,Bactrocera dorsalis,enter,1,4,1215.67,579.79,0.854
08-41-24.mp4,53895,53895,5145,1,Bactrocera dorsalis,exit,-1,3,1206.42,575.42,0.854
08-41-24.mp4,53923,53923,5120,0,Bactrocera correcta,enter,1,3,1331.13,752.84,0.8579
08-41-24.mp4,53929,53929,5120,0,Bactrocera correcta,exit,-1,2,1331.61,753.26,0.8599
08-41-24.mp4,54034,54034,5120,0,Bactrocera correcta,enter,1,3,1329.93,751.8,0.8472
08-41-24.mp4,54093,54093,5120,0,Bactrocera correcta,exit,-1,2,1331.2,755.67,0.854
08-41-24.mp4,54095,54095,5120,0,Bactrocera correcta,enter,1,3,1330.37,755.98,0.8501
08-41-24.mp4,54096,54096,5120,0,Bactrocera correcta,exit,-1,2,1330.88,755.71,0.853
08-41-24.mp4,54104,54104,5120,0,Bactrocera correcta,enter,1,3,1330.33,756.92,0.8398
08-41-24.mp4,54107,54107,5120,0,Bactrocera correcta,exit,-1,2,1330.18,757.66,0.8374
08-41-24.mp4,54362,54362,5120,0,Bactrocera correcta,enter,1,3,1330.19,756.98,0.8418
08-41-24.mp4,54375,54375,5120,0,Bactrocera correcta,exit,-1,2,1330.77,756.9,0.8501
08-41-24.mp4,54378,54378,5120,0,Bactrocera correcta,enter,1,3,1330.3,756.77,0.8364
08-41-24.mp4,54443,54443,5120,0,Bactrocera correcta,exit,-1,2,1331.95,749.02,0.854
08-41-24.mp4,54452,54452,5120,0,Bactrocera correcta,enter,1,3,1332.04,748.07,0.8481
08-41-24.mp4,54457,54457,5120,0,Bactrocera correcta,exit,-1,2,1332.02,748.58,0.854
08-41-24.mp4,54491,54491,5120,0,Bactrocera correcta,enter,1,3,1330.9,754.03,0.8511
08-41-24.mp4,54601,54601,5120,0,Bactrocera correcta,exit,-1,2,1331.4,753.14,0.8481
08-41-24.mp4,54659,54659,5120,0,Bactrocera correcta,enter,1,3,1331.1,753.3,0.8472
08-41-24.mp4,54672,54672,5120,0,Bactrocera correcta,exit,-1,2,1331.68,753.59,0.8472
08-41-24.mp4,54682,54682,5120,0,Bactrocera correcta,enter,1,3,1330.5,753.76,0.8418
08-41-24.mp4,54685,54685,5120,0,Bactrocera correcta,exit,-1,2,1331.57,753.46,0.8438
08-41-24.mp4,54695,54695,5120,0,Bactrocera correcta,enter,1,3,1331.18,752.5,0.8428
08-41-24.mp4,54696,54696,5120,0,Bactrocera correcta,exit,-1,2,1331.71,752.4,0.8418
08-41-24.mp4,54698,54698,5120,0,Bactrocera correcta,enter,1,3,1331.16,752.36,0.8408
08-41-24.mp4,54716,54716,5120,0,Bactrocera correcta,exit,-1,2,1331.36,753.3,0.8457
08-41-24.mp4,54884,54884,5120,0,Bactrocera correcta,enter,1,3,1328.85,762.47,0.8438
08-41-24.mp4,55664,55664,5122,1,Bactrocera dorsalis,exit,-1,2,1173.26,570.21,0.8188
08-41-24.mp4,55669,55669,5238,0,Bactrocera correcta,enter,1,4,1267.62,600.26,0.8716
08-41-24.mp4,55770,55770,5238,0,Bactrocera correcta,exit,-1,3,1270.92,598.41,0.814
08-41-24.mp4,55833,55833,5238,0,Bactrocera correcta,enter,1,4,1279.79,608.87,0.854
08-41-24.mp4,56442,56442,5336,0,Bactrocera correcta,exit,-1,3,1332.2,700.27,0.8374
08-41-24.mp4,56458,56458,5336,0,Bactrocera correcta,enter,1,4,1332.05,699.91,0.856
08-41-24.mp4,56495,56495,5336,0,Bactrocera correcta,exit,-1,3,1332.3,698.01,0.8398
08-41-24.mp4,56541,56541,5336,0,Bactrocera correcta,enter,1,4,1331.8,705.97,0.7505
08-41-24.mp4,56782,56782,5381,0,Bactrocera correcta,exit,-1,3,1323.46,779.71,0.792
08-41-24.mp4,56783,56783,5381,0,Bactrocera correcta,enter,1,4,1322.21,780.28,0.7866
08-41-24.mp4,57439,57439,5389,1,Bactrocera dorsalis,enter,1,3,1093.02,609.54,0.8833
08-41-24.mp4,57745,57745,5410,0,Bactrocera correcta,exit,-1,3,1304.26,814.24,0.8472
08-41-24.mp4,59192,59192,5410,0,Bactrocera correcta,enter,1,4,1297.54,628.81,0.8901
08-41-24.mp4,59426,59426,5397,0,Bactrocera correcta,enter,1,5,1250.48,589.73,0.8901
08-41-24.mp4,59427,59427,5397,0,Bactrocera correcta,exit,-1,4,1250.91,589.24,0.8926
08-41-24.mp4,59481,59481,5410,0,Bactrocera correcta,exit,-1,3,1234.42,866.23,0.8164
08-41-24.mp4,59631,59631,5397,0,Bactrocera correcta,enter,1,4,1215.1,577.31,0.8716
08-41-24.mp4,59632,59632,5397,0,Bactrocera correcta,exit,-1,3,1214.66,576.7,0.8672
08-41-24.mp4,59981,59981,5397,0,Bactrocera correcta,enter,1,4,1186.9,574.34,0.8438
08-41-24.mp4,60268,60268,5636,1,Bactrocera dorsalis,enter,1,4,1130.85,588.14,0.8687
08-41-24.mp4,60390,60390,5669,0,Bactrocera correcta,exit,-1,3,1209.75,575.83,0.7866
08-41-24.mp4,60708,60708,5677,1,Bactrocera dorsalis,exit,-1,3,1333.7,710.7,0.856
08-41-24.mp4,60771,60771,5669,0,Bactrocera correcta,enter,1,4,1234.49,583.86,0.8799
08-41-24.mp4,61161,61161,5782,0,Bactrocera correcta,exit,-1,3,1269.24,597.3,0.8955
08-41-24.mp4,61216,61216,5782,0,Bactrocera correcta,enter,1,4,1259.7,594.53,0.9111
08-41-24.mp4,61265,61265,5782,0,Bactrocera correcta,exit,-1,3,1239.61,583.12,0.8447
08-41-24.mp4,61578,61578,5732,1,Bactrocera dorsalis,enter,1,4,1260.34,596.97,0.9038
08-41-24.mp4,61994,61994,5862,1,Bactrocera dorsalis,exit,-1,3,1064.43,632.16,0.8589
08-41-24.mp4,63157,63157,5862,1,Bactrocera dorsalis,enter,1,4,1232.96,582.48,0.8672
08-41-24.mp4,63163,63163,5862,1,Bactrocera dorsalis,exit,-1,3,1233.22,582.22,0.8599
08-41-24.mp4,63164,63164,5862,1,Bactrocera dorsalis,enter,1,4,1233.08,582.97,0.8706
08-41-24.mp4,63215,63215,5862,1,Bactrocera dorsalis,exit,-1,3,1251.84,589.14,0.895
08-41-24.mp4,63567,63567,5862,1,Bactrocera dorsalis,enter,1,4,1256.48,594.9,0.8633
08-41-24.mp4,63678,63678,5862,1,Bactrocera dorsalis,exit,-1,3,1168.25,571.21,0.8491
08-41-24.mp4,65526,65526,6057,1,Bactrocera dorsalis,exit,-1,2,1318.77,651.8,0.8926
08-41-24.mp4,67970,67970,5879,0,Bactrocera correcta,enter,1,4,1276.72,615.12,0.8428
08-41-24.mp4,67979,67979,5879,0,Bactrocera correcta,exit,-1,3,1322.81,653.8,0.8696
08-41-24.mp4,67979,67979,6501,0,Bactrocera correcta,enter,1,4,1215.31,584.0,0.8774
08-41-24.mp4,68091,68091,5879,0,Bactrocera correcta,enter,1,5,1296.42,636.13,0.6724
08-41-24.mp4,68117,68117,6527,0,Bactrocera correcta,exit,-1,4,1044.67,652.62,0.8662
08-41-24.mp4,68138,68138,6527,0,Bactrocera correcta,enter,1,5,1089.67,623.68,0.8511
08-41-24.mp4,68346,68346,6595,0,Bactrocera correcta,exit,-1,4,1026.21,711.06,0.8198
08-41-24.mp4,68467,68467,6608,0,Bactrocera correcta,enter,1,5,1210.1,577.21,0.8901
08-41-24.mp4,68497,68497,6608,0,Bactrocera correcta,exit,-1,4,1205.97,570.42,0.8765
08-41-24.mp4,68501,68501,6591,0,Bactrocera correcta,exit,-1,3,1187.49,881.91,0.8579
08-41-24.mp4,68534,68534,6608,0,Bactrocera correcta,enter,1,4,1311.74,647.53,0.8579
08-41-24.mp4,68690,68690,6608,0,Bactrocera correcta,exit,-1,3,1302.91,625.86,0.8613
08-41-24.mp4,71065,71065,7033,0,Bactrocera correcta,enter,1,4,1120.5,588.57,0.8989
08-41-24.mp4,72543,72543,7220,1,Bactrocera dorsalis,enter,1,3,1304.44,634.75,0.8872
08-41-24.mp4,72574,72574,7220,1,Bactrocera dorsalis,exit,-1,2,1304.07,632.86,0.894
08-41-24.mp4,72639,72639,7220,1,Bactrocera dorsalis,enter,1,3,1304.76,635.61,0.8896
08-41-24.mp4,72655,72655,7220,1,Bactrocera dorsalis,exit,-1,2,1304.85,635.03,0.8848
08-41-24.mp4,72772,72772,7123,1,Bactrocera dorsalis,enter,1,3,1115.55,856.79,0.8857
08-41-24.mp4,72804,72804,7123,1,Bactrocera dorsalis,exit,-1,2,1098.02,862.56,0.8501
08-41-24.mp4,72875,72875,7306,1,Bactrocera dorsalis,enter,1,3,1102.45,848.44,0.8599
08-41-24.mp4,72928,72928,7306,1,Bactrocera dorsalis,exit,-1,2,1170.09,878.11,0.854
08-41-24.mp4,73097,73097,7220,1,Bactrocera dorsalis,enter,1,3,1215.12,579.27,0.8911
08-41-24.mp4,73098,73098,7220,1,Bactrocera dorsalis,exit,-1,2,1208.5,574.65,0.873
08-41-24.mp4,73214,73214,7306,1,Bactrocera dorsalis,enter,1,3,1326.82,685.75,0.853
08-41-24.mp4,73216,73216,7306,1,Bactrocera dorsalis,exit,-1,2,1326.65,674.77,0.8066
08-41-24.mp4,73217,73217,7306,0,Bactrocera correcta,enter,1,5,1323.76,672.37,0.813
08-41-24.mp4,73259,73259,7315,1,Bactrocera dorsalis,enter,1,3,1088.85,613.38,0.876
08-41-24.mp4,74500,74500,7315,1,Bactrocera dorsalis,exit,-1,2,1100.5,591.11,0.8872
08-41-24.mp4,75841,75841,7511,0,Bactrocera correcta,enter,1,6,1075.77,630.77,0.8809
08-41-24.mp4,76152,76152,7544,1,Bactrocera dorsalis,enter,1,3,1275.41,839.92,0.8887
08-41-24.mp4,78032,78032,7892,0,Bactrocera correcta,enter,1,7,1036.32,731.41,0.8706
08-41-24.mp4,78045,78045,7892,0,Bactrocera correcta,exit,-1,6,1148.4,882.23,0.8848
08-41-24.mp4,78274,78274,7995,0,Bactrocera correcta,enter,1,7,1313.33,787.53,0.8716
08-41-24.mp4,78277,78277,7995,0,Bactrocera correcta,exit,-1,6,1319.18,790.56,0.8672
08-41-24.mp4,78280,78280,7995,0,Bactrocera correcta,enter,1,7,1315.78,786.95,0.8726
08-41-24.mp4,78283,78283,7995,0,Bactrocera correcta,exit,-1,6,1323.07,780.47,0.8457
08-41-24.mp4,78287,78287,7995,0,Bactrocera correcta,enter,1,7,1322.8,774.88,0.772
08-41-24.mp4,78302,78302,7988,0,Bactrocera correcta,exit,-1,6,1313.28,644.13,0.8833
08-41-24.mp4,78314,78314,7988,0,Bactrocera correcta,enter,1,7,1317.26,657.56,0.8652
08-41-24.mp4,78341,78341,7988,0,Bactrocera correcta,exit,-1,6,1321.16,662.1,0.8672
08-41-24.mp4,78368,78368,7988,0,Bactrocera correcta,enter,1,7,1313.06,650.98,0.856
08-41-24.mp4,78375,78375,7988,0,Bactrocera correcta,exit,-1,6,1314.32,647.62,0.8652
08-41-24.mp4,78380,78380,7988,0,Bactrocera correcta,enter,1,7,1313.02,648.33,0.8672
08-41-24.mp4,78405,78405,7995,0,Bactrocera correcta,exit,-1,6,1291.31,829.84,0.8706
08-41-24.mp4,78413,78413,7995,0,Bactrocera correcta,enter,1,7,1297.0,822.17,0.8784
08-41-24.mp4,78493,78493,7995,0,Bactrocera correcta,exit,-1,6,1317.46,793.81,0.8843
08-41-24.mp4,79746,79746,8223,1,Bactrocera dorsalis,exit,-1,2,1032.79,747.56,0.8208
08-41-24.mp4,81651,81651,8189,1,Bactrocera dorsalis,enter,1,3,1331.62,729.05,0.875
08-41-24.mp4,81671,81671,8189,1,Bactrocera dorsalis,exit,-1,2,1333.73,735.46,0.8589
08-41-24.mp4,81709,81709,8189,1,Bactrocera dorsalis,enter,1,3,1332.73,739.28,0.814
08-41-24.mp4,81721,81721,8189,1,Bactrocera dorsalis,exit,-1,2,1334.47,735.41,0.853
08-41-24.mp4,81729,81729,8189,1,Bactrocera dorsalis,enter,1,3,1332.54,736.83,0.8242
08-41-24.mp4,81758,81758,8189,1,Bactrocera dorsalis,exit,-1,2,1329.51,765.08,0.814
08-41-24.mp4,81777,81777,8425,1,Bactrocera dorsalis,enter,1,3,1329.94,693.78,0.8018
08-41-24.mp4,81786,81786,8566,1,Bactrocera dorsalis,enter,1,4,1317.91,745.9,0.4922
08-41-24.mp4,82361,82361,8471,0,Bactrocera correcta,exit,-1,5,1131.59,866.02,0.855
08-41-24.mp4,82500,82500,8557,1,Bactrocera dorsalis,enter,1,5,1035.43,733.68,0.8989
08-41-24.mp4,83839,83839,8189,1,Bactrocera dorsalis,enter,1,6,1162.33,872.2,0.7622
08-41-24.mp4,83898,83898,8189,1,Bactrocera dorsalis,exit,-1,5,1146.28,869.69,0.856
08-41-24.mp4,83940,83940,8189,1,Bactrocera dorsalis,enter,1,6,1137.76,866.5,0.8276
08-41-24.mp4,84260,84260,8189,1,Bactrocera dorsalis,exit,-1,5,1055.91,810.49,0.8418
08-41-24.mp4,84600,84600,8844,1,Bactrocera dorsalis,enter,1,6,1300.52,809.52,0.8364
08-41-24.mp4,85326,85326,8896,1,Bactrocera dorsalis,exit,-1,5,1035.77,693.02,0.895
08-41-24.mp4,85330,85330,8896,1,Bactrocera dorsalis,enter,1,6,1038.36,691.18,0.8682
08-41-24.mp4,85332,85332,8896,1,Bactrocera dorsalis,exit,-1,5,1035.8,684.87,0.8276
08-41-24.mp4,85495,85495,8896,1,Bactrocera dorsalis,enter,1,6,1050.23,660.9,0.8682
08-41-24.mp4,85525,85525,8896,1,Bactrocera dorsalis,exit,-1,5,1071.99,622.12,0.8398
08-41-24.mp4,85884,85884,8896,1,Bactrocera dorsalis,enter,1,6,1045.97,675.03,0.8916
08-41-24.mp4,85993,85993,8896,1,Bactrocera dorsalis,exit,-1,5,1254.09,857.13,0.8984
08-41-24.mp4,86208,86208,8990,0,Bactrocera correcta,enter,1,6,1321.81,675.38,0.8354
08-41-24.mp4,86251,86251,8990,0,Bactrocera correcta,exit,-1,5,1324.7,668.12,0.853
08-41-24.mp4,86416,86416,9007,1,Bactrocera dorsalis,enter,1,6,1273.0,606.85,0.8481
08-41-24.mp4,86969,86969,8113,1,Bactrocera dorsalis,enter,1,7,1333.27,730.07,0.8687
08-41-24.mp4,87153,87153,8896,1,Bactrocera dorsalis,enter,1,8,1331.63,737.38,0.8599
08-41-24.mp4,87400,87400,8896,1,Bactrocera dorsalis,exit,-1,7,1308.93,640.43,0.8823
08-41-24.mp4,88022,88022,9183,0,Bactrocera correcta,exit,-1,4,1060.81,633.46,0.8706
08-41-24.mp4,88116,88116,9183,0,Bactrocera correcta,enter,1,5,1060.71,640.04,0.873
08-41-24.mp4,88163,88163,9292,1,Bactrocera dorsalis,enter,1,8,1287.66,831.99,0.8682
08-41-24.mp4,88288,88288,9292,1,Bactrocera dorsalis,exit,-1,7,1233.53,576.37,0.853
08-41-24.mp4,88306,88306,9398,1,Bactrocera dorsalis,enter,1,8,1111.45,696.15,0.7056
08-41-24.mp4,88349,88349,9529,0,Bactrocera correcta,enter,1,6,1326.46,727.64,0.8589
08-41-24.mp4,89023,89023,9806,0,Bactrocera correcta,enter,1,7,1041.62,681.44,0.8115
08-41-24.mp4,89060,89060,9806,0,Bactrocera correcta,exit,-1,6,1033.16,704.92,0.8091
08-41-24.mp4,89150,89150,9806,0,Bactrocera correcta,enter,1,7,1047.39,664.91,0.8716
08-41-24.mp4,89152,89152,9806,0,Bactrocera correcta,exit,-1,6,1046.52,663.12,0.8633
08-41-24.mp4,89178,89178,9806,0,Bactrocera correcta,enter,1,7,1053.98,654.09,0.8901
08-41-24.mp4,89648,89648,9806,0,Bactrocera correcta,exit,-1,6,1082.0,611.06,0.8765
08-41-24.mp4,89667,89667,9806,0,Bactrocera correcta,enter,1,7,1092.07,609.46,0.8896
08-41-24.mp4,89669,89669,9806,0,Bactrocera correcta,exit,-1,6,1088.09,608.46,0.8809
08-41-24.mp4,89670,89670,9806,0,Bactrocera correcta,enter,1,7,1089.3,609.71,0.8818
08-41-24.mp4,90288,90288,10118,0,Bactrocera correcta,exit,-1,6,1062.19,815.84,0.8232
08-41-24.mp4,90309,90309,10118,0,Bactrocera correcta,enter,1,7,1070.59,819.93,0.875
08-41-24.mp4,90324,90324,10118,0,Bactrocera correcta,exit,-1,6,1063.93,837.6,0.8198
08-41-24.mp4,90326,90326,10118,0,Bactrocera correcta,enter,1,7,1072.95,824.05,0.8682
08-41-24.mp4,90330,90330,10118,0,Bactrocera correcta,exit,-1,6,1064.35,815.35,0.8579
08-41-24.mp4,90338,90338,10118,0,Bactrocera correcta,enter,1,7,1071.11,819.95,0.832
08-41-24.mp4,90363,90363,10118,0,Bactrocera correcta,exit,-1,6,1064.47,816.23,0.8481
08-41-24.mp4,90388,90388,10118,0,Bactrocera correcta,enter,1,7,1051.67,794.34,0.7358
08-41-24.mp4,90390,90390,10118,0,Bactrocera correcta,exit,-1,6,1048.64,789.03,0.7446
08-41-24.mp4,90391,90391,10118,0,Bactrocera correcta,enter,1,7,1052.48,789.27,0.7446
08-41-24.mp4,90578,90578,9832,0,Bactrocera correcta,enter,1,8,1291.82,623.47,0.8887
08-41-24.mp4,90603,90603,9832,0,Bactrocera correcta,exit,-1,7,1293.77,618.8,0.8818
08-41-24.mp4,90904,90904,10325,0,Bactrocera correcta,enter,1,8,1180.41,873.11,0.8438
08-41-24.mp4,91506,91506,10358,0,Bactrocera correcta,exit,-1,7,1309.37,813.24,0.7266
08-41-24.mp4,91962,91962,10406,1,Bactrocera dorsalis,enter,1,9,1240.41,595.92,0.8682
08-41-24.mp4,92398,92398,9444,0,Bactrocera correcta,enter,1,8,1050.93,791.59,0.8223
08-41-24.mp4,92693,92693,10406,1,Bactrocera dorsalis,exit,-1,8,1302.47,831.86,0.9058
08-41-24.mp4,92817,92817,10406,1,Bactrocera dorsalis,enter,1,9,1330.2,738.98,0.8931
08-41-24.mp4,92877,92877,10406,1,Bactrocera dorsalis,exit,-1,8,1293.6,827.51,0.8652
08-41-24.mp4,92895,92895,10406,1,Bactrocera dorsalis,enter,1,9,1285.4,832.35,0.8823
08-41-24.mp4,92912,92912,10406,1,Bactrocera dorsalis,exit,-1,8,1298.32,822.34,0.8896
08-41-24.mp4,94700,94700,10687,1,Bactrocera dorsalis,enter,1,9,1289.29,620.02,0.8579
08-41-24.mp4,94706,94706,10719,1,Bactrocera dorsalis,enter,1,10,1316.25,656.81,0.8579
08-41-24.mp4,94707,94707,10719,1,Bactrocera dorsalis,exit,-1,9,1319.64,649.34,0.8208
08-41-24.mp4,94709,94709,10719,1,Bactrocera dorsalis,enter,1,10,1312.91,653.57,0.895
08-41-24.mp4,94712,94712,10719,1,Bactrocera dorsalis,exit,-1,9,1316.3,651.45,0.8765
08-41-24.mp4,94779,94779,10687,1,Bactrocera dorsalis,exit,-1,8,1034.97,765.1,0.874
08-41-24.mp4,95169,95169,10781,0,Bactrocera correcta,enter,1,9,1331.5,702.75,0.8364
08-41-24.mp4,98281,98281,11447,0,Bactrocera correcta,exit,-1,8,1038.19,778.52,0.8032
08-41-24.mp4,98337,98337,11447,0,Bactrocera correcta,enter,1,9,1048.1,769.11,0.8232
08-41-24.mp4,98355,98355,11447,0,Bactrocera correcta,exit,-1,8,1036.88,766.94,0.8491
08-41-24.mp4,98384,98384,11447,0,Bactrocera correcta,enter,1,9,1042.93,771.04,0.8438
08-41-24.mp4,98505,98505,11481,0,Bactrocera correcta,exit,-1,8,1078.56,841.74,0.8154
08-41-24.mp4,98565,98565,11481,0,Bactrocera correcta,enter,1,9,1103.99,846.29,0.8521
08-41-24.mp4,98566,98566,11481,0,Bactrocera correcta,exit,-1,8,1098.67,854.04,0.873
08-41-24.mp4,98579,98579,11481,0,Bactrocera correcta,enter,1,9,1097.27,844.26,0.873
08-41-24.mp4,98583,98583,11481,0,Bactrocera correcta,exit,-1,8,1097.31,847.97,0.8911
08-41-24.mp4,98591,98591,11481,0,Bactrocera correcta,enter,1,9,1095.94,841.86,0.8623
08-41-24.mp4,98596,98596,11481,0,Bactrocera correcta,exit,-1,8,1091.47,847.36,0.8887
08-41-24.mp4,98605,98605,11481,0,Bactrocera correcta,enter,1,9,1091.5,841.71,0.8608
08-41-24.mp4,98637,98637,11447,0,Bactrocera correcta,exit,-1,8,1239.15,577.07,0.8364
08-41-24.mp4,101174,101174,11372,0,Bactrocera correcta,enter,1,9,1074.9,825.18,0.853
08-41-24.mp4,101806,101806,11795,1,Bactrocera dorsalis,enter,1,9,1034.38,726.0,0.8447
08-41-24.mp4,102510,102510,11941,0,Bactrocera correcta,enter,1,10,1094.12,842.59,0.8491
08-41-24.mp4,102519,102519,11941,0,Bactrocera correcta,exit,-1,9,1082.12,834.25,0.5908
08-41-24.mp4,102548,102548,11941,0,Bactrocera correcta,enter,1,10,1077.8,828.09,0.8223
08-41-24.mp4,102663,102663,11941,0,Bactrocera correcta,exit,-1,9,1074.3,827.05,0.876
08-41-24.mp4,102684,102684,11941,0,Bactrocera correcta,enter,1,10,1081.45,831.41,0.7881
08-41-24.mp4,102694,102694,11941,0,Bactrocera correcta,exit,-1,9,1091.21,850.02,0.8799
08-41-24.mp4,103430,103430,11773,1,Bactrocera dorsalis,enter,1,10,1331.56,740.29,0.8911
08-41-24.mp4,103443,103443,11773,1,Bactrocera dorsalis,exit,-1,9,1332.43,755.03,0.8809
08-41-24.mp4,103450,103450,11773,1,Bactrocera dorsalis,enter,1,10,1328.11,756.5,0.8726
08-41-24.mp4,103466,103466,11773,1,Bactrocera dorsalis,exit,-1,9,1332.48,746.09,0.8579
08-41-24.mp4,103508,103508,11773,1,Bactrocera dorsalis,enter,1,10,1333.14,739.25,0.8716
08-41-24.mp4,105743,105743,12361,1,Bactrocera dorsalis,enter,1,11,1046.99,666.03,0.8706
08-41-24.mp4,106614,106614,12427,0,Bactrocera correcta,enter,1,10,1279.54,615.21,0.8833
08-41-24.mp4,106627,106627,12434,1,Bactrocera dorsalis,exit,-1,10,1235.73,865.06,0.8276
08-41-24.mp4,106688,106688,12434,1,Bactrocera dorsalis,enter,1,11,1175.94,870.78,0.8784
08-41-24.mp4,108745,108745,12694,1,Bactrocera dorsalis,exit,-1,10,1112.95,858.48,0.8301
08-41-24.mp4,109234,109234,12209,0,Bactrocera correcta,enter,1,11,1304.85,710.04,0.646
08-41-24.mp4,113056,113056,13231,0,Bactrocera correcta,exit,-1,10,1320.86,659.59,0.8672
08-41-24.mp4,113168,113168,13231,0,Bactrocera correcta,enter,1,11,1230.04,582.49,0.8901
08-41-24.mp4,115005,115005,13390,0,Bactrocera correcta,enter,1,12,1268.73,600.58,0.8696
08-41-24.mp4,115044,115044,13390,0,Bactrocera correcta,exit,-1,11,1254.84,591.75,0.8848
08-41-24.mp4,115046,115046,13390,0,Bactrocera correcta,enter,1,12,1252.89,590.79,0.8823
08-41-24.mp4,115050,115050,13390,0,Bactrocera correcta,exit,-1,11,1250.79,589.13,0.894
08-41-24.mp4,115406,115406,13480,1,Bactrocera dorsalis,enter,1,11,1183.39,577.38,0.874
08-41-24.mp4,115463,115463,13480,1,Bactrocera dorsalis,exit,-1,10,1092.09,572.36,0.709
08-41-24.mp4,118314,118314,13718,0,Bactrocera correcta,enter,1,12,1249.12,854.78,0.8774
08-41-24.mp4,127623,127623,14436,0,Bactrocera correcta,enter,1,13,1058.51,651.06,0.8223
08-41-24.mp4,127633,127633,14436,0,Bactrocera correcta,exit,-1,12,1034.11,707.53,0.8774
08-41-24.mp4,127733,127733,14425,0,Bactrocera correcta,enter,1,13,1099.17,601.26,0.8784
08-41-24.mp4,130292,130292,14735,0,Bactrocera correcta,enter,1,14,1314.38,792.16,0.8872
08-41-24.mp4,130295,130295,14735,0,Bactrocera correcta,exit,-1,13,1318.6,799.45,0.8652
08-41-24.mp4,130301,130301,14735,0,Bactrocera correcta,enter,1,14,1317.36,792.58,0.8809
08-41-24.mp4,130345,130345,14735,0,Bactrocera correcta,exit,-1,13,1319.17,789.1,0.8848
08-41-24.mp4,130572,130572,14735,0,Bactrocera correcta,enter,1,14,1333.29,721.63,0.873
08-41-24.mp4,131009,131009,14735,0,Bactrocera correcta,exit,-1,13,1336.25,707.35,0.875
08-41-24.mp4,132659,132659,14735,0,Bactrocera correcta,enter,1,14,1322.35,779.91,0.8887
08-41-24.mp4,132841,132841,14735,0,Bactrocera correcta,exit,-1,13,1306.67,812.06,0.873
08-41-24.mp4,132911,132911,14682,0,Bactrocera correcta,enter,1,14,1332.46,720.39,0.853
08-41-24.mp4,133186,133186,15067,1,Bactrocera dorsalis,enter,1,11,1062.14,714.87,0.7944
08-41-24.mp4,133189,133189,15067,1,Bactrocera dorsalis,exit,-1,10,1214.03,557.16,0.832
08-41-24.mp4,135631,135631,15237,1,Bactrocera dorsalis,enter,1,11,1064.21,813.42,0.8521
08-41-24.mp4,135694,135694,15237,1,Bactrocera dorsalis,exit,-1,10,1034.68,707.3,0.874
08-41-24.mp4,135926,135926,15237,1,Bactrocera dorsalis,enter,1,11,1162.41,575.8,0.874
08-41-24.mp4,136019,136019,15237,1,Bactrocera dorsalis,exit,-1,10,1304.68,817.03,0.7983
08-41-24.mp4,136046,136046,15249,1,Bactrocera dorsalis,enter,1,11,1294.72,629.53,0.9019
08-41-24.mp4,136062,136062,15237,1,Bactrocera dorsalis,enter,1,12,1326.93,754.25,0.8848
08-41-24.mp4,136504,136504,15333,0,Bactrocera correcta,enter,1,15,1164.17,575.63,0.8975
08-41-24.mp4,136898,136898,15333,0,Bactrocera correcta,exit,-1,14,1319.01,658.62,0.8472
08-41-24.mp4,137636,137636,15376,1,Bactrocera dorsalis,exit,-1,11,1028.45,742.86,0.8438
08-41-24.mp4,137761,137761,15313,0,Bactrocera correcta,enter,1,15,1271.62,606.52,0.8857
08-41-24.mp4,137769,137769,15313,0,Bactrocera correcta,exit,-1,14,1187.87,572.92,0.8789
08-41-24.mp4,141677,141677,15570,0,Bactrocera correcta,enter,1,15,1083.39,617.26,0.8872
08-41-24.mp4,141683,141683,15570,0,Bactrocera correcta,exit,-1,14,1072.83,621.86,0.8682
08-41-24.mp4,141713,141713,15570,0,Bactrocera correcta,enter,1,15,1070.18,626.8,0.874
08-41-24.mp4,141720,141720,15570,0,Bactrocera correcta,exit,-1,14,1069.3,626.5,0.8882
08-41-24.mp4,141744,141744,15570,0,Bactrocera correcta,enter,1,15,1066.08,633.3,0.8706
08-41-24.mp4,143487,143487,15615,1,Bactrocera dorsalis,enter,1,12,1243.67,589.3,0.8833
08-41-24.mp4,143498,143498,15615,1,Bactrocera dorsalis,exit,-1,11,1153.77,565.2,0.8608
08-41-24.mp4,143501,143501,15615,1,Bactrocera dorsalis,enter,1,12,1135.59,583.02,0.8569
08-41-24.mp4,143512,143512,15615,1,Bactrocera dorsalis,exit,-1,11,1033.36,706.44,0.8569
08-41-24.mp4,143519,143519,15615,1,Bactrocera dorsalis,enter,1,12,1037.7,727.46,0.8682
08-41-24.mp4,145616,145616,15645,1,Bactrocera dorsalis,enter,1,13,1155.63,870.75,0.8091
08-41-24.mp4,145690,145690,15727,1,Bactrocera dorsalis,exit,-1,12,1149.88,871.26,0.7788
08-41-24.mp4,145696,145696,15274,0,Bactrocera correcta,enter,1,16,1297.13,631.3,0.8374
08-41-24.mp4,145724,145724,15727,1,Bactrocera dorsalis,enter,1,13,1117.19,857.08,0.7905
08-41-24.mp4,145797,145797,15727,1,Bactrocera dorsalis,exit,-1,12,1096.73,848.76,0.7944
08-41-24.mp4,145935,145935,15274,0,Bactrocera correcta,exit,-1,15,1216.83,577.11,0.853
08-41-24.mp4,145937,145937,15274,0,Bactrocera correcta,enter,1,16,1215.64,579.01,0.854
08-41-24.mp4,146890,146890,15797,1,Bactrocera dorsalis,exit,-1,11,1067.86,822.98,0.8408
08-41-24.mp4,146909,146909,15797,1,Bactrocera dorsalis,enter,1,12,1039.49,742.98,0.855
08-41-24.mp4,147166,147166,15788,1,Bactrocera dorsalis,enter,1,13,1036.98,711.09,0.8848
08-41-24.mp4,147171,147171,15788,1,Bactrocera dorsalis,exit,-1,12,1029.55,712.87,0.8267
08-41-24.mp4,150906,150906,15943,1,Bactrocera dorsalis,enter,1,13,1049.13,786.61,0.9185
08-41-24.mp4,150980,150980,15943,1,Bactrocera dorsalis,exit,-1,12,1039.37,768.73,0.8115
08-41-24.mp4,150995,150995,15943,1,Bactrocera dorsalis,enter,1,13,1037.09,695.13,0.8408
08-41-24.mp4,150998,150998,15943,1,Bactrocera dorsalis,exit,-1,12,1039.17,681.8,0.8501
08-41-24.mp4,150999,150999,15943,1,Bactrocera dorsalis,enter,1,13,1041.36,680.46,0.8613
08-41-24.mp4,151003,151003,15943,1,Bactrocera dorsalis,exit,-1,12,1039.68,677.92,0.853
08-41-24.mp4,151239,151239,15943,1,Bactrocera dorsalis,enter,1,13,1197.81,575.28,0.8784
08-41-24.mp4,151563,151563,16059,1,Bactrocera dorsalis,exit,-1,12,1243.13,863.21,0.813
08-41-24.mp4,160509,160509,16407,0,Bactrocera correcta,enter,1,17,1052.28,793.78,0.8428
08-41-24.mp4,160558,160558,16407,0,Bactrocera correcta,exit,-1,16,1051.03,795.3,0.8457
08-41-24.mp4,160563,160563,16407,0,Bactrocera correcta,enter,1,17,1055.15,799.34,0.8301
08-41-24.mp4,160719,160719,16521,0,Bactrocera correcta,exit,-1,16,1032.7,725.66,0.8652
08-41-24.mp4,160786,160786,16521,0,Bactrocera correcta,enter,1,17,1042.51,680.76,0.8521
08-41-24.mp4,160847,160847,16521,0,Bactrocera correcta,exit,-1,16,1075.83,830.72,0.8501
08-41-24.mp4,162222,162222,16601,0,Bactrocera correcta,enter,1,17,1116.24,841.92,0.8242
08-41-24.mp4,166305,166305,16734,0,Bactrocera correcta,enter,1,18,1237.31,585.05,0.8857
08-41-24.mp4,167837,167837,16633,0,Bactrocera correcta,exit,-1,17,1053.58,646.77,0.8726
08-41-24.mp4,167859,167859,16633,0,Bactrocera correcta,enter,1,18,1051.76,655.87,0.8662
08-41-24.mp4,177125,177125,17297,0,Bactrocera correcta,exit,-1,17,1311.23,638.13,0.8774
08-41-24.mp4,177375,177375,17296,0,Bactrocera correcta,enter,1,18,1257.98,598.83,0.8872
08-41-24.mp4,177397,177397,17296,0,Bactrocera correcta,exit,-1,17,1194.28,568.41,0.8374
08-41-24.mp4,179046,179046,17335,0,Bactrocera correcta,exit,-1,16,1030.34,727.62,0.873
08-41-24.mp4,179090,179090,17342,1,Bactrocera dorsalis,enter,1,13,1319.19,724.53,0.8862
08-41-24.mp4,179105,179105,17342,1,Bactrocera dorsalis,exit,-1,12,1337.92,721.98,0.8843
08-41-24.mp4,180701,180701,17148,0,Bactrocera correcta,enter,1,17,1330.11,695.56,0.8882
08-41-24.mp4,183056,183056,17551,0,Bactrocera correcta,enter,1,18,1053.95,657.77,0.8389
08-41-24.mp4,183067,183067,17551,0,Bactrocera correcta,exit,-1,17,1048.62,656.01,0.8232
08-41-24.mp4,183092,183092,17551,0,Bactrocera correcta,enter,1,18,1049.92,686.42,0.8589
08-41-24.mp4,183097,183097,17551,0,Bactrocera correcta,exit,-1,17,1054.95,627.69,0.8901
08-41-24.mp4,190585,190585,18081,0,Bactrocera correcta,enter,1,18,1091.12,831.84,0.8599
08-41-24.mp4,190642,190642,18080,1,Bactrocera dorsalis,enter,1,13,1326.44,759.62,0.8926
08-41-24.mp4,191641,191641,18109,1,Bactrocera dorsalis,enter,1,14,1217.91,868.46,0.8965
09-41-28.mp4,386,194631,18187,1,Bactrocera dorsalis,exit,-1,13,1178.34,874.74,0.8857
09-41-28.mp4,2388,196633,18198,1,Bactrocera dorsalis,enter,1,14,1078.61,627.84,0.853
09-41-28.mp4,2575,196820,18198,1,Bactrocera dorsalis,exit,-1,13,1067.46,819.52,0.8105
09-41-28.mp4,2832,197077,18229,0,Bactrocera correcta,enter,1,19,1277.69,624.0,0.8633
09-41-28.mp4,3005,197250,18229,0,Bactrocera correcta,exit,-1,18,1137.39,579.25,0.8896
09-41-28.mp4,3011,197256,18229,0,Bactrocera correcta,enter,1,19,1132.0,586.74,0.897
09-41-28.mp4,3076,197321,18206,0,Bactrocera correcta,enter,1,20,1217.87,582.47,0.8267
09-41-28.mp4,6098,200343,18338,1,Bactrocera dorsalis,enter,1,14,1319.12,787.09,0.8955
09-41-28.mp4,6106,200351,18338,1,Bactrocera dorsalis,exit,-1,13,1320.38,794.1,0.8931
09-41-28.mp4,8555,202800,18609,0,Bactrocera correcta,exit,-1,19,1078.11,612.28,0.8223
09-41-28.mp4,8559,202804,18609,0,Bactrocera correcta,enter,1,20,1081.97,615.33,0.8389
09-41-28.mp4,8568,202813,18609,0,Bactrocera correcta,exit,-1,19,1089.55,606.94,0.8843
09-41-28.mp4,10634,204879,18642,1,Bactrocera dorsalis,enter,1,14,1328.37,753.89,0.8408
09-41-28.mp4,10668,204913,18642,1,Bactrocera dorsalis,exit,-1,13,1305.31,634.93,0.8823
09-41-28.mp4,10822,205067,18642,1,Bactrocera dorsalis,enter,1,14,1216.44,581.19,0.8931
09-41-28.mp4,10879,205124,18642,1,Bactrocera dorsalis,exit,-1,13,1100.06,595.66,0.8589
09-41-28.mp4,14359,208604,18755,0,Bactrocera correcta,exit,-1,18,1329.14,680.81,0.8901
09-41-28.mp4,15527,209772,18767,0,Bactrocera correcta,enter,1,19,1034.61,729.21,0.8521
09-41-28.mp4,15592,209837,18767,0,Bactrocera correcta,exit,-1,18,1046.54,794.8,0.8311
09-41-28.mp4,15827,210072,18767,0,Bactrocera correcta,enter,1,19,1064.38,811.16,0.793
09-41-28.mp4,16865,211110,18859,0,Bactrocera correcta,enter,1,20,1044.65,676.61,0.8652
09-41-28.mp4,16983,211228,18859,0,Bactrocera correcta,exit,-1,19,1040.78,775.42,0.8696
09-41-28.mp4,17005,211250,18859,0,Bactrocera correcta,enter,1,20,1067.25,812.07,0.8672
09-41-28.mp4,17593,211838,18864,0,Bactrocera correcta,exit,-1,19,1066.7,623.74,0.8682
09-41-28.mp4,23432,217677,19009,0,Bactrocera correcta,enter,1,20,1314.14,794.09,0.7578
09-41-28.mp4,39699,233944,19444,1,Bactrocera dorsalis,enter,1,14,1242.02,587.09,0.8833
09-41-28.mp4,39789,234034,19444,1,Bactrocera dorsalis,exit,-1,13,1069.47,825.34,0.8799
09-41-28.mp4,43583,237828,19679,0,Bactrocera correcta,enter,1,21,1256.94,853.38,0.8989
09-41-28.mp4,43599,237844,19679,0,Bactrocera correcta,exit,-1,20,1266.98,850.16,0.8872
09-41-28.mp4,53092,247337,19922,1,Bactrocera dorsalis,enter,1,14,1195.07,574.72,0.853
09-41-28.mp4,53232,247477,19922,1,Bactrocera dorsalis,exit,-1,13,1199.46,573.65,0.8662
09-41-28.mp4,53275,247520,19922,1,Bactrocera dorsalis,enter,1,14,1271.43,602.59,0.8608
09-41-28.mp4,53286,247531,19922,1,Bactrocera dorsalis,exit,-1,13,1301.49,629.23,0.8589
09-41-28.mp4,56001,250246,19947,1,Bactrocera dorsalis,enter,1,14,1281.29,833.06,0.8447
09-41-28.mp4,60245,254490,20029,0,Bactrocera correcta,enter,1,21,1331.74,727.44,0.8955
09-41-28.mp4,60282,254527,20029,0,Bactrocera correcta,exit,-1,20,1292.83,616.9,0.8687
09-41-28.mp4,60689,254934,20057,1,Bactrocera dorsalis,enter,1,15,1046.0,779.24,0.8789
09-41-28.mp4,64031,258276,20120,0,Bactrocera correcta,enter,1,21,1058.01,801.12,0.8599
09-41-28.mp4,64487,258732,20121,1,Bactrocera dorsalis,enter,1,16,1130.07,584.84,0.8862
09-41-28.mp4,64529,258774,20121,1,Bactrocera dorsalis,exit,-1,15,1120.78,587.07,0.8613
09-41-28.mp4,64734,258979,20120,0,Bactrocera correcta,exit,-1,20,1175.84,568.63,0.8511
09-41-28.mp4,75145,269390,20466,1,Bactrocera dorsalis,enter,1,16,1034.86,734.04,0.8833
09-41-28.mp4,75157,269402,20466,1,Bactrocera dorsalis,exit,-1,15,1031.9,734.06,0.8774
09-41-28.mp4,75390,269635,20466,1,Bactrocera dorsalis,enter,1,16,1044.92,772.01,0.855
09-41-28.mp4,75401,269646,20466,1,Bactrocera dorsalis,exit,-1,15,1038.53,764.76,0.8599
09-41-28.mp4,76465,270710,20543,1,Bactrocera dorsalis,enter,1,16,1301.51,634.86,0.8569
09-41-28.mp4,77298,271543,20627,0,Bactrocera correcta,exit,-1,19,1211.82,574.26,0.8042
09-41-28.mp4,80498,274743,20850,0,Bactrocera correcta,enter,1,20,1121.19,856.76,0.8481
09-41-28.mp4,83174,277419,21022,1,Bactrocera dorsalis,enter,1,17,1160.22,583.91,0.8784
09-41-28.mp4,86793,281038,21120,1,Bactrocera dorsalis,enter,1,18,1270.62,601.96,0.8818
09-41-28.mp4,86934,281179,21120,1,Bactrocera dorsalis,exit,-1,17,1331.38,754.8,0.8833
09-41-28.mp4,87636,281881,21120,1,Bactrocera dorsalis,enter,1,18,1278.43,840.05,0.8882
09-41-28.mp4,87951,282196,21323,0,Bactrocera correcta,enter,1,21,1192.4,873.4,0.8418
09-41-28.mp4,87977,282222,21323,0,Bactrocera correcta,exit,-1,20,1186.81,875.87,0.8115
09-41-28.mp4,87982,282227,21323,0,Bactrocera correcta,enter,1,21,1195.9,873.45,0.8164
09-41-28.mp4,87988,282233,21323,0,Bactrocera correcta,exit,-1,20,1220.28,870.18,0.8408
09-41-28.mp4,87994,282239,21323,0,Bactrocera correcta,enter,1,21,1232.65,863.6,0.855
09-41-28.mp4,87999,282244,21323,0,Bactrocera correcta,exit,-1,20,1267.88,850.11,0.8799
09-41-28.mp4,88032,282277,21323,0,Bactrocera correcta,enter,1,21,1306.79,809.22,0.8726
09-41-28.mp4,88039,282284,21323,0,Bactrocera correcta,exit,-1,20,1306.69,810.38,0.8682
09-41-28.mp4,88040,282285,21323,0,Bactrocera correcta,enter,1,21,1306.72,810.09,0.874
09-41-28.mp4,88075,282320,21323,0,Bactrocera correcta,exit,-1,20,1306.51,810.85,0.8672
09-41-28.mp4,88076,282321,21323,0,Bactrocera correcta,enter,1,21,1306.79,809.82,0.8643
09-41-28.mp4,88086,282331,21323,0,Bactrocera correcta,exit,-1,20,1306.76,810.65,0.8521
09-41-28.mp4,88088,282333,21323,0,Bactrocera correcta,enter,1,21,1306.01,811.02,0.8472
09-41-28.mp4,89975,284220,21438,0,Bactrocera correcta,exit,-1,20,1033.39,739.78,0.8613
09-41-28.mp4,90003,284248,21438,0,Bactrocera correcta,enter,1,21,1038.79,688.52,0.8481
09-41-28.mp4,91423,285668,21492,1,Bactrocera dorsalis,exit,-1,17,1040.63,776.33,0.8491
09-41-28.mp4,97460,291705,21755,0,Bactrocera correcta,exit,-1,20,1313.69,644.09,0.8848
09-41-28.mp4,99366,293611,21755,0,Bactrocera correcta,enter,1,21,1307.65,639.44,0.8335
09-41-28.mp4,99962,294207,21872,1,Bactrocera dorsalis,enter,1,18,1268.89,612.16,0.8774
09-41-28.mp4,103058,297303,21964,1,Bactrocera dorsalis,exit,-1,17,1058.68,628.16,0.8765
09-41-28.mp4,103299,297544,21978,1,Bactrocera dorsalis,enter,1,18,1219.18,578.57,0.8589
09-41-28.mp4,103319,297564,21978,1,Bactrocera dorsalis,exit,-1,17,1202.59,574.51,0.9033
09-41-28.mp4,103326,297571,21479,1,Bactrocera dorsalis,enter,1,18,1302.92,638.57,0.8608
09-41-28.mp4,107838,302083,22099,1,Bactrocera dorsalis,enter,1,19,1261.35,850.15,0.876
09-41-28.mp4,107863,302108,22099,1,Bactrocera dorsalis,exit,-1,18,1140.3,868.08,0.8916
09-41-28.mp4,107892,302137,22180,0,Bactrocera correcta,exit,-1,20,1033.56,728.53,0.8208
09-41-28.mp4,107893,302138,22180,0,Bactrocera correcta,enter,1,21,1034.25,728.07,0.8311
09-41-28.mp4,107900,302145,22180,0,Bactrocera correcta,exit,-1,20,1033.66,727.43,0.8257
09-41-28.mp4,108566,302811,22099,1,Bactrocera dorsalis,enter,1,19,1074.95,621.17,0.8696
09-41-28.mp4,108567,302812,22099,1,Bactrocera dorsalis,exit,-1,18,1074.73,621.03,0.8848
09-41-28.mp4,108568,302813,22099,1,Bactrocera dorsalis,enter,1,19,1075.85,620.84,0.8843
09-41-28.mp4,108577,302822,22099,1,Bactrocera dorsalis,exit,-1,18,1070.01,625.56,0.8809
09-41-28.mp4,108627,302872,22099,1,Bactrocera dorsalis,enter,1,19,1068.63,628.31,0.855
09-41-28.mp4,111349,305594,22261,0,Bactrocera correcta,enter,1,21,1168.21,872.03,0.855
09-41-28.mp4,116369,310614,22397,1,Bactrocera dorsalis,enter,1,20,1146.22,583.85,0.8774
09-41-28.mp4,118324,312569,22408,1,Bactrocera dorsalis,enter,1,21,1120.29,855.16,0.8672
09-41-28.mp4,121145,315390,22501,1,Bactrocera dorsalis,exit,-1,20,1116.07,588.19,0.8809
09-41-28.mp4,121517,315762,22727,0,Bactrocera correcta,enter,1,22,1252.73,590.9,0.8662
09-41-28.mp4,121558,315803,22534,0,Bactrocera correcta,enter,1,23,1125.28,861.91,0.8633
09-41-28.mp4,126048,320293,22890,1,Bactrocera dorsalis,enter,1,21,1054.17,649.64,0.8472
09-41-28.mp4,138918,333163,23194,1,Bactrocera dorsalis,enter,1,22,1329.71,741.07,0.8672
09-41-28.mp4,139780,334025,23205,0,Bactrocera correcta,enter,1,24,1308.14,806.03,0.8447
09-41-28.mp4,139816,334061,23205,0,Bactrocera correcta,exit,-1,23,1302.8,819.96,0.8115
09-41-28.mp4,139829,334074,23205,0,Bactrocera correcta,enter,1,24,1305.31,810.3,0.8457
09-41-28.mp4,141598,335843,23247,1,Bactrocera dorsalis,enter,1,23,1248.19,856.88,0.8672
09-41-28.mp4,142502,336747,23315,0,Bactrocera correcta,enter,1,25,1313.26,794.98,0.8589
09-41-28.mp4,144153,338398,23364,0,Bactrocera correcta,enter,1,26,1082.64,627.55,0.8823
09-41-28.mp4,144164,338409,23364,0,Bactrocera correcta,exit,-1,25,1080.84,609.92,0.9082
09-41-28.mp4,144177,338422,23364,0,Bactrocera correcta,enter,1,26,1085.51,614.7,0.709
09-41-28.mp4,144187,338432,23360,1,Bactrocera dorsalis,enter,1,24,1082.33,646.09,0.769
09-41-28.mp4,144244,338489,23360,1,Bactrocera dorsalis,exit,-1,23,1079.54,616.28,0.8687
09-41-28.mp4,144258,338503,23364,0,Bactrocera correcta,exit,-1,25,1033.06,729.59,0.8818
09-41-28.mp4,145413,339658,23360,1,Bactrocera dorsalis,enter,1,24,1086.16,611.47,0.8872
09-41-28.mp4,145492,339737,23360,1,Bactrocera dorsalis,exit,-1,23,1065.44,625.5,0.895
09-41-28.mp4,145515,339760,23400,0,Bactrocera correcta,exit,-1,24,1319.77,651.05,0.8521
09-41-28.mp4,145650,339895,23402,0,Bactrocera correcta,enter,1,25,1291.57,828.32,0.8569
09-41-28.mp4,145732,339977,23402,0,Bactrocera correcta,exit,-1,24,1305.3,818.39,0.8687
09-41-28.mp4,145760,340005,23402,0,Bactrocera correcta,enter,1,25,1260.28,852.21,0.8481
09-41-28.mp4,151156,345401,23547,0,Bactrocera correcta,enter,1,26,1276.07,607.06,0.9067
09-41-28.mp4,151351,345596,23547,0,Bactrocera correcta,exit,-1,25,1326.46,785.58,0.8726
09-41-28.mp4,153089,347334,23695,0,Bactrocera correcta,enter,1,26,1141.43,867.6,0.7461
09-41-28.mp4,153103,347348,23695,0,Bactrocera correcta,exit,-1,25,1138.37,867.1,0.8208
09-41-28.mp4,153104,347349,23695,0,Bactrocera correcta,enter,1,26,1136.68,865.62,0.8208
09-41-28.mp4,153512,347757,23696,0,Bactrocera correcta,exit,-1,25,1253.2,586.93,0.875
09-41-28.mp4,153558,347803,23696,0,Bactrocera correcta,enter,1,26,1253.97,592.75,0.8706
09-41-28.mp4,153579,347824,23696,0,Bactrocera correcta,exit,-1,25,1249.08,582.05,0.8472
09-41-28.mp4,153581,347826,23696,0,Bactrocera correcta,enter,1,26,1255.33,597.76,0.6567
09-41-28.mp4,153586,347831,23696,0,Bactrocera correcta,exit,-1,25,1260.03,594.15,0.8862
09-41-28.mp4,153600,347845,23696,0,Bactrocera correcta,enter,1,26,1259.4,595.44,0.8672
09-41-28.mp4,153704,347949,23693,0,Bactrocera correcta,enter,1,27,1144.44,580.21,0.8726
09-41-28.mp4,153729,347974,23697,1,Bactrocera dorsalis,enter,1,24,1044.59,669.81,0.8613
09-41-28.mp4,153744,347989,23693,0,Bactrocera correcta,exit,-1,26,1171.2,572.79,0.8374
09-41-28.mp4,153770,348015,23693,0,Bactrocera correcta,enter,1,27,1185.79,574.34,0.8501
09-41-28.mp4,153812,348057,23693,0,Bactrocera correcta,exit,-1,26,1182.97,571.4,0.8809
09-41-28.mp4,153843,348088,23693,0,Bactrocera correcta,enter,1,27,1236.85,585.95,0.8809
09-41-28.mp4,153845,348090,23693,0,Bactrocera correcta,exit,-1,26,1244.77,586.65,0.9004
09-41-28.mp4,156085,350330,23814,0,Bactrocera correcta,exit,-1,25,1124.96,862.73,0.832
09-41-28.mp4,159012,353257,23890,0,Bactrocera correcta,enter,1,26,1314.78,651.01,0.8472
09-41-28.mp4,159455,353700,23812,1,Bactrocera dorsalis,exit,-1,23,1307.01,634.15,0.8672
09-41-28.mp4,159565,353810,23812,1,Bactrocera dorsalis,enter,1,24,1232.33,582.82,0.8389
09-41-28.mp4,159566,353811,23812,1,Bactrocera dorsalis,exit,-1,23,1231.52,581.22,0.8311
09-41-28.mp4,159567,353812,23812,1,Bactrocera dorsalis,enter,1,24,1228.94,594.21,0.8643
09-41-28.mp4,159636,353881,23812,1,Bactrocera dorsalis,exit,-1,23,1233.72,580.43,0.8809
09-41-28.mp4,160205,354450,23956,1,Bactrocera dorsalis,enter,1,24,1149.63,868.78,0.8818
09-41-28.mp4,160837,355082,23956,1,Bactrocera dorsalis,exit,-1,23,1148.63,575.76,0.8882
09-41-28.mp4,162682,356927,24105,1,Bactrocera dorsalis,exit,-1,22,1328.97,777.43,0.8931
09-41-28.mp4,164054,358299,24143,0,Bactrocera correcta,enter,1,27,1317.6,791.45,0.8984
09-41-28.mp4,164679,358924,24170,0,Bactrocera correcta,exit,-1,26,1033.95,704.05,0.8389
09-41-28.mp4,164759,359004,24170,0,Bactrocera correcta,enter,1,27,1059.37,641.88,0.8833
09-41-28.mp4,164806,359051,24170,0,Bactrocera correcta,exit,-1,26,1063.77,632.98,0.8784
09-41-28.mp4,164820,359065,24170,0,Bactrocera correcta,enter,1,27,1072.97,624.06,0.8696
09-41-28.mp4,164879,359124,24170,0,Bactrocera correcta,exit,-1,26,1044.66,667.81,0.8501
09-41-28.mp4,164880,359125,24170,0,Bactrocera correcta,enter,1,27,1044.67,668.5,0.8511
09-41-28.mp4,164885,359130,24170,0,Bactrocera correcta,exit,-1,26,1041.57,670.66,0.8633
09-41-28.mp4,164907,359152,24170,0,Bactrocera correcta,enter,1,27,1035.68,728.74,0.8438
09-41-28.mp4,165321,359566,24206,1,Bactrocera dorsalis,enter,1,23,1048.42,671.83,0.8662
09-41-28.mp4,165680,359925,24279,0,Bactrocera correcta,enter,1,28,1145.23,581.34,0.8687
09-41-28.mp4,165691,359936,24279,0,Bactrocera correcta,exit,-1,27,1096.37,600.84,0.8857
09-41-28.mp4,165696,359941,24279,0,Bactrocera correcta,enter,1,28,1094.88,603.38,0.8809
09-41-28.mp4,165699,359944,24279,0,Bactrocera correcta,exit,-1,27,1095.13,602.3,0.8809
09-41-28.mp4,165709,359954,24279,0,Bactrocera correcta,enter,1,28,1097.56,602.09,0.9019
09-41-28.mp4,167526,361771,24302,0,Bactrocera correcta,exit,-1,27,1333.61,736.89,0.8672
09-41-28.mp4,167569,361814,24302,0,Bactrocera correcta,enter,1,28,1328.13,754.04,0.8848
09-41-28.mp4,167605,361850,24302,0,Bactrocera correcta,exit,-1,27,1312.77,806.15,0.8511
09-41-28.mp4,167797,362042,24302,0,Bactrocera correcta,enter,1,28,1329.72,759.27,0.8608
09-41-28.mp4,167845,362090,24302,0,Bactrocera correcta,exit,-1,27,1335.05,684.52,0.8843
09-41-28.mp4,169824,364069,24302,0,Bactrocera correcta,enter,1,28,1168.09,577.86,0.873
09-41-28.mp4,169964,364209,24399,1,Bactrocera dorsalis,enter,1,24,1071.61,625.9,0.8311
09-41-28.mp4,169965,364210,24399,1,Bactrocera dorsalis,exit,-1,23,1071.9,623.07,0.8223
09-41-28.mp4,169990,364235,24399,0,Bactrocera correcta,enter,1,29,1087.3,613.35,0.6113
09-41-28.mp4,170011,364256,24361,0,Bactrocera correcta,enter,1,30,1253.55,594.18,0.8613
09-41-28.mp4,170045,364290,24361,0,Bactrocera correcta,exit,-1,29,1276.1,600.4,0.8862
09-41-28.mp4,170058,364303,24361,0,Bactrocera correcta,enter,1,30,1276.97,608.49,0.8882
09-41-28.mp4,170077,364322,24361,0,Bactrocera correcta,exit,-1,29,1288.11,616.01,0.8389
09-41-28.mp4,170130,364375,24408,0,Bactrocera correcta,exit,-1,28,1333.78,733.33,0.8589
09-41-28.mp4,170247,364492,24408,0,Bactrocera correcta,enter,1,29,1318.67,784.45,0.855
09-41-28.mp4,170290,364535,24408,0,Bactrocera correcta,exit,-1,28,1317.96,656.28,0.8511
09-41-28.mp4,170295,364540,24408,0,Bactrocera correcta,enter,1,29,1315.8,654.98,0.874
09-41-28.mp4,170303,364548,24408,0,Bactrocera correcta,exit,-1,28,1319.52,653.86,0.874
09-41-28.mp4,170406,364651,24408,0,Bactrocera correcta,enter,1,29,1309.3,643.6,0.8882
09-41-28.mp4,171495,365740,24423,0,Bactrocera correcta,exit,-1,28,1033.9,732.2,0.8291
09-41-28.mp4,171496,365741,24423,0,Bactrocera correcta,enter,1,29,1034.29,730.86,0.8232
09-41-28.mp4,171511,365756,24423,0,Bactrocera correcta,exit,-1,28,1033.66,718.55,0.8511
09-41-28.mp4,171659,365904,24423,0,Bactrocera correcta,enter,1,29,1141.9,580.21,0.8696
09-41-28.mp4,171682,365927,24423,0,Bactrocera correcta,exit,-1,28,1212.57,574.78,0.894
09-41-28.mp4,172747,366992,24361,0,Bactrocera correcta,enter,1,29,1328.51,746.34,0.8481
09-41-28.mp4,172793,367038,24361,0,Bactrocera correcta,exit,-1,28,1333.19,743.45,0.8896
09-41-28.mp4,173793,368038,24491,1,Bactrocera dorsalis,exit,-1,22,1292.05,618.93,0.7773
09-41-28.mp4,174460,368705,24452,1,Bactrocera dorsalis,enter,1,23,1121.36,588.35,0.8682
09-41-28.mp4,174633,368878,24452,1,Bactrocera dorsalis,exit,-1,22,1078.04,616.75,0.8447
09-41-28.mp4,175614,369859,24579,0,Bactrocera correcta,enter,1,29,1166.32,580.72,0.8784
09-41-28.mp4,175711,369956,24579,0,Bactrocera correcta,exit,-1,28,1067.37,624.11,0.8789
09-41-28.mp4,176395,370640,24632,1,Bactrocera dorsalis,exit,-1,21,1039.19,769.09,0.814
09-41-28.mp4,176430,370675,24632,1,Bactrocera dorsalis,enter,1,22,1042.86,773.7,0.8481
09-41-28.mp4,176511,370756,24632,1,Bactrocera dorsalis,exit,-1,21,1046.99,785.63,0.8823
09-41-28.mp4,176514,370759,24632,1,Bactrocera dorsalis,enter,1,22,1047.4,785.74,0.8774
09-41-28.mp4,176517,370762,24632,1,Bactrocera dorsalis,exit,-1,21,1047.6,786.78,0.8774
09-41-28.mp4,176518,370763,24632,1,Bactrocera dorsalis,enter,1,22,1048.19,786.72,0.8774
09-41-28.mp4,176520,370765,24632,1,Bactrocera dorsalis,exit,-1,21,1046.73,788.08,0.8765
09-41-28.mp4,176922,371167,24632,1,Bactrocera dorsalis,enter,1,22,1065.18,812.76,0.8682
09-41-28.mp4,176945,371190,24632,1,Bactrocera dorsalis,exit,-1,21,1054.62,801.72,0.8896
09-41-28.mp4,176949,371194,24632,1,Bactrocera dorsalis,enter,1,22,1053.04,788.88,0.873
09-41-28.mp4,176969,371214,24632,1,Bactrocera dorsalis,exit,-1,21,1035.29,765.58,0.8789
09-41-28.mp4,177541,371786,24647,1,Bactrocera dorsalis,enter,1,22,1049.16,658.84,0.8579
09-41-28.mp4,177653,371898,24647,1,Bactrocera dorsalis,exit,-1,21,1270.57,851.65,0.8481
09-41-28.mp4,177849,372094,24647,1,Bactrocera dorsalis,enter,1,22,1089.97,839.39,0.8784
09-41-28.mp4,179383,373628,24764,0,Bactrocera correcta,enter,1,29,1225.75,867.18,0.8257
09-41-28.mp4,180761,375006,24773,1,Bactrocera dorsalis,enter,1,23,1292.48,804.2,0.8887
09-41-28.mp4,180782,375027,24773,1,Bactrocera dorsalis,exit,-1,22,1291.01,829.53,0.8345
09-41-28.mp4,180797,375042,24786,1,Bactrocera dorsalis,exit,-1,21,1288.34,849.22,0.8687
09-41-28.mp4,181019,375264,24786,1,Bactrocera dorsalis,enter,1,22,1329.46,760.46,0.8672
09-41-28.mp4,181093,375338,24809,0,Bactrocera correcta,enter,1,30,1086.75,612.68,0.8726
09-41-28.mp4,181102,375347,24809,0,Bactrocera correcta,exit,-1,29,1088.27,606.01,0.8975
09-41-28.mp4,181112,375357,24809,0,Bactrocera correcta,enter,1,30,1080.22,617.36,0.8364
09-41-28.mp4,181159,375404,24773,1,Bactrocera dorsalis,enter,1,23,1199.44,575.03,0.8501
09-41-28.mp4,181167,375412,24773,1,Bactrocera dorsalis,exit,-1,22,1198.83,573.26,0.8188
09-41-28.mp4,181265,375510,24809,0,Bactrocera correcta,exit,-1,29,1072.87,620.37,0.8418
09-41-28.mp4,181555,375800,24809,0,Bactrocera correcta,enter,1,30,1132.75,860.72,0.8438
09-41-28.mp4,183764,378009,24962,0,Bactrocera correcta,exit,-1,29,1049.1,655.13,0.8418
09-41-28.mp4,187338,381583,25077,0,Bactrocera correcta,enter,1,30,1042.24,676.84,0.8569
09-41-28.mp4,187415,381660,25077,0,Bactrocera correcta,exit,-1,29,1066.57,627.38,0.8823
09-41-28.mp4,187712,381957,25101,0,Bactrocera correcta,enter,1,30,1331.63,740.59,0.853
09-41-28.mp4,187800,382045,25105,0,Bactrocera correcta,exit,-1,29,1297.4,847.88,0.772
09-41-28.mp4,188223,382468,25134,0,Bactrocera correcta,exit,-1,28,1095.92,601.97,0.8789
09-41-28.mp4,188264,382509,25134,0,Bactrocera correcta,enter,1,29,1243.77,588.92,0.8931
09-41-28.mp4,188449,382694,25134,0,Bactrocera correcta,exit,-1,28,1212.73,574.58,0.8599
09-41-28.mp4,190978,385223,25241,0,Bactrocera correcta,enter,1,29,1092.15,839.48,0.8911
09-41-28.mp4,192076,386321,25195,1,Bactrocera dorsalis,enter,1,23,1331.24,713.81,0.8862
09-41-28.mp4,192133,386378,25195,1,Bactrocera dorsalis,exit,-1,22,1336.63,720.99,0.8843
09-41-28.mp4,192952,387197,25283,1,Bactrocera dorsalis,enter,1,23,1074.49,629.59,0.8491
09-41-28.mp4,192971,387216,25283,1,Bactrocera dorsalis,exit,-1,22,1054.85,646.41,0.855
09-41-28.mp4,192972,387217,25283,1,Bactrocera dorsalis,enter,1,23,1054.38,649.14,0.8301
09-41-28.mp4,192974,387219,25283,1,Bactrocera dorsalis,exit,-1,22,1048.59,656.54,0.876
09-41-28.mp4,194555,388800,25385,1,Bactrocera dorsalis,enter,1,23,1196.61,868.7,0.8955
09-41-28.mp4,196158,390403,25445,0,Bactrocera correcta,exit,-1,28,1317.76,653.83,0.8398
09-41-28.mp4,196237,390482,25453,1,Bactrocera dorsalis,exit,-1,22,1334.44,719.8,0.8833
09-41-28.mp4,197391,391636,25453,1,Bactrocera dorsalis,enter,1,23,1309.17,646.7,0.8408
09-41-28.mp4,197395,391640,25453,1,Bactrocera dorsalis,exit,-1,22,1322.43,665.64,0.8672
09-41-28.mp4,199060,393305,25612,0,Bactrocera correcta,enter,1,29,1155.74,579.18,0.8301
09-41-28.mp4,200474,394719,25612,0,Bactrocera correcta,exit,-1,28,1160.18,574.82,0.8862
10-41-29.mp4,1409,397321,25745,0,Bactrocera correcta,enter,1,29,1302.24,632.07,0.7891
10-41-29.mp4,1411,397323,25745,0,Bactrocera correcta,exit,-1,28,1303.07,632.17,0.7812
10-41-29.mp4,1428,397340,25745,0,Bactrocera correcta,enter,1,29,1303.21,633.09,0.8032
10-41-29.mp4,1452,397364,25745,0,Bactrocera correcta,exit,-1,28,1303.2,632.67,0.8208
10-41-29.mp4,1457,397369,25745,0,Bactrocera correcta,enter,1,29,1301.68,631.24,0.8164
10-41-29.mp4,1666,397578,25745,0,Bactrocera correcta,exit,-1,28,1308.6,640.47,0.8291
10-41-29.mp4,1667,397579,25745,0,Bactrocera correcta,enter,1,29,1308.6,640.66,0.8276
10-41-29.mp4,1671,397583,25745,0,Bactrocera correcta,exit,-1,28,1308.6,640.48,0.8345
10-41-29.mp4,1674,397586,25745,0,Bactrocera correcta,enter,1,29,1308.68,640.77,0.8311
10-41-29.mp4,1696,397608,25745,0,Bactrocera correcta,exit,-1,28,1309.8,641.73,0.8174
10-41-29.mp4,1706,397618,25745,0,Bactrocera correcta,enter,1,29,1309.31,643.2,0.8174
10-41-29.mp4,1714,397626,25745,0,Bactrocera correcta,exit,-1,28,1309.35,641.27,0.8335
10-41-29.mp4,1715,397627,25745,0,Bactrocera correcta,enter,1,29,1308.85,641.53,0.8345
10-41-29.mp4,1717,397629,25745,0,Bactrocera correcta,exit,-1,28,1309.78,641.66,0.8335
10-41-29.mp4,1718,397630,25745,0,Bactrocera correcta,enter,1,29,1309.61,642.27,0.8345
10-41-29.mp4,1719,397631,25745,0,Bactrocera correcta,exit,-1,28,1310.14,642.8,0.832
10-41-29.mp4,1730,397642,25745,0,Bactrocera correcta,enter,1,29,1309.37,643.14,0.8008
10-41-29.mp4,1749,397661,25745,0,Bactrocera correcta,exit,-1,28,1311.12,644.15,0.8066
10-41-29.mp4,1932,397844,25745,0,Bactrocera correcta,enter,1,29,1312.27,646.6,0.8374
10-41-29.mp4,1934,397846,25745,0,Bactrocera correcta,exit,-1,28,1313.15,647.0,0.8374
10-41-29.mp4,1944,397856,25786,1,Bactrocera dorsalis,enter,1,23,1173.08,575.25,0.7788
10-41-29.mp4,2178,398090,25798,0,Bactrocera correcta,enter,1,29,1331.86,706.94,0.8301
10-41-29.mp4,2190,398102,25798,1,Bactrocera dorsalis,exit,-1,22,1328.7,682.38,0.4785
10-41-29.mp4,2194,398106,25798,1,Bactrocera dorsalis,enter,1,23,1321.03,663.13,0.7734
10-41-29.mp4,2195,398107,25798,1,Bactrocera dorsalis,exit,-1,22,1319.1,656.97,0.792
10-41-29.mp4,2196,398108,25798,1,Bactrocera dorsalis,enter,1,23,1315.55,652.31,0.7983
10-41-29.mp4,2197,398109,25799,1,Bactrocera dorsalis,enter,1,24,1310.76,651.04,0.8042
10-41-29.mp4,2198,398110,25798,1,Bactrocera dorsalis,exit,-1,23,1309.06,640.87,0.749
10-41-29.mp4,2199,398111,25798,1,Bactrocera dorsalis,enter,1,24,1309.38,649.81,0.8081
10-41-29.mp4,2201,398113,25798,1,Bactrocera dorsalis,exit,-1,23,1308.53,636.55,0.667
10-41-29.mp4,2504,398416,25787,1,Bactrocera dorsalis,enter,1,24,1252.95,592.85,0.8447
10-41-29.mp4,2519,398431,25787,1,Bactrocera dorsalis,exit,-1,23,1221.93,576.93,0.8843
10-41-29.mp4,2584,398496,25787,1,Bactrocera dorsalis,enter,1,24,1243.7,588.63,0.8198
10-41-29.mp4,2616,398528,25787,1,Bactrocera dorsalis,exit,-1,23,1254.54,591.4,0.8726
10-41-29.mp4,2624,398536,25787,1,Bactrocera dorsalis,enter,1,24,1256.55,592.99,0.8682
10-41-29.mp4,2631,398543,25787,1,Bactrocera dorsalis,exit,-1,23,1258.09,593.2,0.8569
10-41-29.mp4,2634,398546,25787,1,Bactrocera dorsalis,enter,1,24,1257.48,593.46,0.8408
10-41-29.mp4,2643,398555,25787,1,Bactrocera dorsalis,exit,-1,23,1255.79,591.76,0.8345
10-41-29.mp4,2720,398632,25787,1,Bactrocera dorsalis,enter,1,24,1279.3,610.55,0.9106
10-41-29.mp4,2911,398823,25787,1,Bactrocera dorsalis,exit,-1,23,1281.67,610.15,0.8716
10-41-29.mp4,2912,398824,25787,1,Bactrocera dorsalis,enter,1,24,1281.68,610.45,0.8682
10-41-29.mp4,3014,398926,25787,1,Bactrocera dorsalis,exit,-1,23,1282.8,610.89,0.874
10-41-29.mp4,3032,398944,25787,1,Bactrocera dorsalis,enter,1,24,1281.63,610.19,0.8662
10-41-29.mp4,3033,398945,25787,1,Bactrocera dorsalis,exit,-1,23,1281.57,609.89,0.8613
10-41-29.mp4,3036,398948,25787,1,Bactrocera dorsalis,enter,1,24,1280.96,610.69,0.8682
10-41-29.mp4,3044,398956,25787,1,Bactrocera dorsalis,exit,-1,23,1284.04,610.85,0.8687
10-41-29.mp4,3301,399213,25787,1,Bactrocera dorsalis,enter,1,24,1271.94,604.54,0.8774
10-41-29.mp4,3304,399216,25787,1,Bactrocera dorsalis,exit,-1,23,1282.36,609.29,0.855
10-41-29.mp4,3433,399345,25745,1,Bactrocera dorsalis,enter,1,24,1311.04,644.49,0.3416
10-41-29.mp4,4042,399954,25787,1,Bactrocera dorsalis,enter,1,25,1324.71,674.3,0.9141
10-41-29.mp4,4084,399996,25787,1,Bactrocera dorsalis,exit,-1,24,1331.33,691.28,0.874
10-41-29.mp4,4106,400018,25787,1,Bactrocera dorsalis,enter,1,25,1330.53,694.15,0.8457
10-41-29.mp4,4288,400200,25787,1,Bactrocera dorsalis,exit,-1,24,1329.14,682.1,0.8569
10-41-29.mp4,4342,400254,25787,1,Bactrocera dorsalis,enter,1,25,1283.35,612.48,0.8882
10-41-29.mp4,4346,400258,25787,1,Bactrocera dorsalis,exit,-1,24,1280.57,607.64,0.856
10-41-29.mp4,5525,401437,25848,0,Bactrocera correcta,exit,-1,28,1298.24,625.91,0.8716
10-41-29.mp4,5921,401833,25941,0,Bactrocera correcta,exit,-1,27,1069.26,846.24,0.7505
10-41-29.mp4,6401,402313,25933,0,Bactrocera correcta,enter,1,28,1188.27,581.39,0.8579
10-41-29.mp4,6725,402637,25787,1,Bactrocera dorsalis,enter,1,25,1059.88,641.53,0.8687
10-41-29.mp4,6810,402722,25787,1,Bactrocera dorsalis,exit,-1,24,1055.92,643.58,0.8682
10-41-29.mp4,6818,402730,25787,1,Bactrocera dorsalis,enter,1,25,1053.52,651.23,0.8623
10-41-29.mp4,6819,402731,25787,1,Bactrocera dorsalis,exit,-1,24,1051.21,651.68,0.8672
10-41-29.mp4,8367,404279,26062,0,Bactrocera correcta,enter,1,29,1183.84,574.72,0.8696
10-41-29.mp4,8505,404417,26062,0,Bactrocera correcta,exit,-1,28,1066.13,626.32,0.873
10-41-29.mp4,14524,410436,26208,1,Bactrocera dorsalis,enter,1,25,1036.0,720.06,0.8672
10-41-29.mp4,14549,410461,26208,1,Bactrocera dorsalis,exit,-1,24,1031.52,726.45,0.9014
10-41-29.mp4,15548,411460,26208,1,Bactrocera dorsalis,enter,1,25,1262.96,850.4,0.8955
10-41-29.mp4,15567,411479,26208,1,Bactrocera dorsalis,exit,-1,24,1264.91,856.68,0.8662
10-41-29.mp4,15651,411563,26217,0,Bactrocera correcta,exit,-1,27,1334.04,737.13,0.8579
10-41-29.mp4,15954,411866,26208,1,Bactrocera dorsalis,enter,1,25,1296.6,821.31,0.8267
10-41-29.mp4,15963,411875,26208,1,Bactrocera dorsalis,exit,-1,24,1326.78,770.76,0.8926
10-41-29.mp4,16362,412274,26217,0,Bactrocera correcta,enter,1,28,1300.67,811.03,0.8491
10-41-29.mp4,16773,412685,26341,0,Bactrocera correcta,enter,1,29,1216.42,579.64,0.8799
10-41-29.mp4,16864,412776,26341,0,Bactrocera correcta,exit,-1,28,1210.33,574.17,0.8789
10-41-29.mp4,16865,412777,26341,0,Bactrocera correcta,enter,1,29,1212.53,576.88,0.8818
10-41-29.mp4,16881,412793,26341,0,Bactrocera correcta,exit,-1,28,1195.15,573.65,0.8789
10-41-29.mp4,16896,412808,26341,0,Bactrocera correcta,enter,1,29,1202.37,575.55,0.8901
10-41-29.mp4,16899,412811,26341,0,Bactrocera correcta,exit,-1,28,1203.55,574.54,0.8901
10-41-29.mp4,16904,412816,26341,0,Bactrocera correcta,enter,1,29,1210.98,576.6,0.8984
10-41-29.mp4,16905,412817,26341,0,Bactrocera correcta,exit,-1,28,1211.48,576.25,0.9019
10-41-29.mp4,16906,412818,26341,0,Bactrocera correcta,enter,1,29,1211.65,577.0,0.9019
10-41-29.mp4,16909,412821,26341,0,Bactrocera correcta,exit,-1,28,1216.76,577.08,0.8862
10-41-29.mp4,20636,416548,26434,0,Bactrocera correcta,enter,1,29,1035.99,701.68,0.9048
10-41-29.mp4,20645,416557,26434,0,Bactrocera correcta,exit,-1,28,1034.14,700.43,0.8999
10-41-29.mp4,22419,418331,26505,1,Bactrocera dorsalis,enter,1,25,1327.9,694.34,0.855
10-41-29.mp4,22422,418334,26505,1,Bactrocera dorsalis,exit,-1,24,1335.79,710.04,0.8726
10-41-29.mp4,24286,420198,26516,1,Bactrocera dorsalis,exit,-1,23,1293.24,887.06,0.8999
10-41-29.mp4,29791,425703,26636,0,Bactrocera correcta,enter,1,29,1328.8,685.12,0.8916
10-41-29.mp4,30387,426299,26683,0,Bactrocera correcta,enter,1,30,1088.17,618.27,0.8882
10-41-29.mp4,31146,427058,26727,0,Bactrocera correcta,enter,1,31,1279.31,617.76,0.7041
10-41-29.mp4,31478,427390,26757,0,Bactrocera correcta,enter,1,32,1117.93,590.49,0.8696
10-41-29.mp4,41577,437489,27064,0,Bactrocera correcta,enter,1,33,1129.27,860.84,0.8276
10-41-29.mp4,42737,438649,27087,1,Bactrocera dorsalis,exit,-1,22,1036.58,680.24,0.8345
10-41-29.mp4,44748,440660,27443,0,Bactrocera correcta,enter,1,34,1235.74,583.44,0.875
10-41-29.mp4,44773,440685,27406,1,Bactrocera dorsalis,enter,1,23,1243.61,854.34,0.8696
10-41-29.mp4,44824,440736,27087,1,Bactrocera dorsalis,enter,1,24,1329.3,697.0,0.8428
10-41-29.mp4,45280,441192,27087,1,Bactrocera dorsalis,exit,-1,23,1297.79,625.44,0.8809
10-41-29.mp4,45504,441416,27087,1,Bactrocera dorsalis,enter,1,24,1210.27,868.13,0.8481
10-41-29.mp4,45820,441732,27087,1,Bactrocera dorsalis,exit,-1,23,1140.37,578.45,0.8706
10-41-29.mp4,45878,441790,27087,1,Bactrocera dorsalis,enter,1,24,1203.56,578.47,0.874
10-41-29.mp4,46236,442148,27198,0,Bactrocera correcta,enter,1,35,1329.07,703.19,0.8374
10-41-29.mp4,47957,443869,27509,0,Bactrocera correcta,enter,1,36,1145.36,868.08,0.8301
10-41-29.mp4,48043,443955,27509,0,Bactrocera correcta,exit,-1,35,1136.42,867.76,0.8364
10-41-29.mp4,48163,444075,27509,0,Bactrocera correcta,enter,1,36,1111.42,855.2,0.7476
10-41-29.mp4,48182,444094,27509,0,Bactrocera correcta,exit,-1,35,1101.52,856.67,0.874
10-41-29.mp4,48324,444236,27511,0,Bactrocera correcta,exit,-1,34,1137.98,868.28,0.8696
10-41-29.mp4,48953,444865,27541,1,Bactrocera dorsalis,enter,1,25,1170.62,870.23,0.8726
10-41-29.mp4,49071,444983,27540,0,Bactrocera correcta,enter,1,35,1116.12,853.89,0.8521
10-41-29.mp4,49189,445101,27511,0,Bactrocera correcta,enter,1,36,1218.18,867.23,0.8623
10-41-29.mp4,50116,446028,27601,0,Bactrocera correcta,exit,-1,35,1242.19,584.62,0.8398
10-41-29.mp4,50471,446383,27627,1,Bactrocera dorsalis,exit,-1,24,1244.68,585.45,0.874
10-41-29.mp4,50621,446533,27633,0,Bactrocera correcta,exit,-1,34,1336.87,723.2,0.9053
10-41-29.mp4,50656,446568,27633,0,Bactrocera correcta,enter,1,35,1324.95,673.6,0.895
10-41-29.mp4,51069,446981,27682,1,Bactrocera dorsalis,enter,1,25,1331.27,700.78,0.8608
10-41-29.mp4,52799,448711,27856,0,Bactrocera correcta,exit,-1,34,1256.07,873.26,0.8589
10-41-29.mp4,53378,449290,27861,0,Bactrocera correcta,exit,-1,33,1338.3,732.01,0.8662
10-41-29.mp4,59511,455423,28217,1,Bactrocera dorsalis,enter,1,26,1215.82,591.16,0.7563
10-41-29.mp4,60258,456170,28297,0,Bactrocera correcta,exit,-1,32,1032.86,726.81,0.8599
10-41-29.mp4,67717,463629,28630,0,Bactrocera correcta,enter,1,33,1332.85,729.08,0.8511
10-41-29.mp4,67728,463640,28630,0,Bactrocera correcta,exit,-1,32,1334.89,728.98,0.8716
10-41-29.mp4,67733,463645,28630,0,Bactrocera correcta,enter,1,33,1330.99,729.12,0.8901
10-41-29.mp4,67942,463854,28630,0,Bactrocera correcta,exit,-1,32,1335.44,731.06,0.8765
10-41-29.mp4,68655,464567,28634,0,Bactrocera correcta,enter,1,33,1314.78,652.25,0.9033
10-41-29.mp4,69843,465755,28695,1,Bactrocera dorsalis,enter,1,27,1309.64,701.98,0.7534
10-41-29.mp4,69857,465769,28696,1,Bactrocera dorsalis,exit,-1,26,673.7,752.31,0.8457
10-41-29.mp4,72498,468410,28902,0,Bactrocera correcta,enter,1,34,1237.87,863.55,0.8066
10-41-29.mp4,72501,468413,28902,0,Bactrocera correcta,exit,-1,33,1245.49,861.67,0.8521
10-41-29.mp4,72507,468419,28902,0,Bactrocera correcta,enter,1,34,1243.87,860.57,0.8589
10-41-29.mp4,72508,468420,28803,0,Bactrocera correcta,exit,-1,33,1322.86,780.85,0.8774
10-41-29.mp4,72516,468428,28902,0,Bactrocera correcta,exit,-1,32,1247.21,860.36,0.8652
10-41-29.mp4,72522,468434,28902,0,Bactrocera correcta,enter,1,33,1245.81,859.81,0.8521
10-41-29.mp4,72606,468518,28958,1,Bactrocera dorsalis,enter,1,27,1063.79,797.63,0.8696
10-41-29.mp4,72695,468607,28902,0,Bactrocera correcta,exit,-1,32,1266.73,849.22,0.874
10-41-29.mp4,72743,468655,28902,0,Bactrocera correcta,enter,1,33,1270.44,843.86,0.8374
10-41-29.mp4,72747,468659,28902,0,Bactrocera correcta,exit,-1,32,1266.91,850.77,0.8633
10-41-29.mp4,72896,468808,28902,0,Bactrocera correcta,enter,1,33,1131.84,860.94,0.7607
10-41-29.mp4,72900,468812,28902,0,Bactrocera correcta,exit,-1,32,1129.42,864.78,0.8398
10-41-29.mp4,72902,468814,28902,0,Bactrocera correcta,enter,1,33,1130.9,861.51,0.8174
10-41-29.mp4,72932,468844,28978,0,Bactrocera correcta,exit,-1,32,1143.95,877.87,0.7905
10-41-29.mp4,72947,468859,28902,1,Bactrocera dorsalis,exit,-1,26,1152.06,902.37,0.5815
10-41-29.mp4,73021,468933,28902,0,Bactrocera correcta,enter,1,33,1189.3,873.29,0.8672
10-41-29.mp4,73063,468975,28902,0,Bactrocera correcta,exit,-1,32,1194.72,873.7,0.8521
10-41-29.mp4,73064,468976,28902,0,Bactrocera correcta,enter,1,33,1193.13,873.13,0.8608
10-41-29.mp4,73160,469072,28902,0,Bactrocera correcta,exit,-1,32,1206.43,874.11,0.8267
10-41-29.mp4,74134,470046,29075,0,Bactrocera correcta,enter,1,33,1159.71,577.04,0.8857
10-41-29.mp4,74590,470502,29083,0,Bactrocera correcta,enter,1,34,1117.86,592.65,0.8716
10-41-29.mp4,74695,470607,29083,0,Bactrocera correcta,exit,-1,33,1114.35,590.5,0.894
10-41-29.mp4,76351,472263,29214,0,Bactrocera correcta,enter,1,34,1072.65,803.25,0.8354
10-41-29.mp4,76613,472525,29245,0,Bactrocera correcta,exit,-1,33,1078.97,613.2,0.8706
10-41-29.mp4,76911,472823,29240,0,Bactrocera correcta,exit,-1,32,1333.98,733.85,0.8716
10-41-29.mp4,80140,476052,29394,1,Bactrocera dorsalis,enter,1,27,1327.76,765.33,0.8872
10-41-29.mp4,84621,480533,29621,0,Bactrocera correcta,enter,1,33,1061.86,809.53,0.8643
10-41-29.mp4,84703,480615,29621,0,Bactrocera correcta,exit,-1,32,1034.9,744.73,0.8232
10-41-29.mp4,88483,484395,29711,1,Bactrocera dorsalis,enter,1,28,1219.18,580.96,0.8682
10-41-29.mp4,88579,484491,29711,1,Bactrocera dorsalis,exit,-1,27,1044.15,782.83,0.8589
10-41-29.mp4,90726,486638,29814,0,Bactrocera correcta,exit,-1,31,1056.44,815.53,0.8696
10-41-29.mp4,91372,487284,29860,0,Bactrocera correcta,enter,1,32,1313.47,788.33,0.8931
10-41-29.mp4,91899,487811,29863,0,Bactrocera correcta,enter,1,33,1180.02,574.15,0.8789
10-41-29.mp4,94462,490374,29923,0,Bactrocera correcta,enter,1,34,1315.12,781.22,0.875
10-41-29.mp4,99764,495676,30049,0,Bactrocera correcta,enter,1,35,1035.89,746.93,0.8862
10-41-29.mp4,99901,495813,30049,0,Bactrocera correcta,exit,-1,34,1055.23,801.24,0.8501
10-41-29.mp4,101715,497627,30168,0,Bactrocera correcta,enter,1,35,1229.76,581.99,0.8896
10-41-29.mp4,102236,498148,30271,0,Bactrocera correcta,exit,-1,34,1043.48,664.63,0.8481
10-41-29.mp4,102564,498476,30287,1,Bactrocera dorsalis,enter,1,28,1242.83,587.01,0.8916
10-41-29.mp4,102570,498482,30287,1,Bactrocera dorsalis,exit,-1,27,1269.13,598.36,0.915
10-41-29.mp4,102676,498588,30287,1,Bactrocera dorsalis,enter,1,28,1307.57,796.69,0.6353
10-41-29.mp4,104953,500865,30499,1,Bactrocera dorsalis,enter,1,29,1251.68,590.81,0.8623
10-41-29.mp4,105063,500975,30574,1,Bactrocera dorsalis,exit,-1,28,1341.71,705.67,0.873
10-41-29.mp4,105074,500986,30545,0,Bactrocera correcta,enter,1,35,1248.08,593.05,0.8643
10-41-29.mp4,106062,501974,30703,0,Bactrocera correcta,enter,1,36,1103.46,850.29,0.8599
10-41-29.mp4,108032,503944,30762,0,Bactrocera correcta,exit,-1,35,1042.7,774.47,0.856
10-41-29.mp4,108075,503987,30762,0,Bactrocera correcta,enter,1,36,1109.33,853.42,0.8682
10-41-29.mp4,108102,504014,30762,0,Bactrocera correcta,exit,-1,35,1120.14,860.78,0.8457
10-41-29.mp4,108319,504231,30762,0,Bactrocera correcta,enter,1,36,1083.0,832.74,0.8354
10-41-29.mp4,108335,504247,30762,0,Bactrocera correcta,exit,-1,35,1077.5,831.63,0.8599
10-41-29.mp4,108340,504252,30762,0,Bactrocera correcta,enter,1,36,1074.81,826.84,0.8579
10-41-29.mp4,108353,504265,30762,0,Bactrocera correcta,exit,-1,35,1048.83,789.36,0.8589
10-41-29.mp4,108368,504280,30762,0,Bactrocera correcta,enter,1,36,1043.03,757.89,0.8364
10-41-29.mp4,108789,504701,30762,0,Bactrocera correcta,exit,-1,35,1032.46,746.07,0.8374
10-41-29.mp4,108822,504734,30762,0,Bactrocera correcta,enter,1,36,1040.42,757.44,0.8687
10-41-29.mp4,109545,505457,30777,0,Bactrocera correcta,exit,-1,35,1135.37,866.22,0.855
10-41-29.mp4,109547,505459,30777,0,Bactrocera correcta,enter,1,36,1134.85,865.39,0.8457
10-41-29.mp4,109554,505466,30777,0,Bactrocera correcta,exit,-1,35,1129.2,863.98,0.8613
10-41-29.mp4,110824,506736,30786,1,Bactrocera dorsalis,exit,-1,27,1082.11,611.17,0.873
10-41-29.mp4,110981,506893,30790,0,Bactrocera correcta,enter,1,36,1072.52,649.2,0.8511
10-41-29.mp4,119965,515877,31213,0,Bactrocera correcta,enter,1,37,1097.85,830.78,0.7759
10-41-29.mp4,123938,519850,31294,1,Bactrocera dorsalis,enter,1,28,1268.25,847.94,0.8931
10-41-29.mp4,124719,520631,31318,1,Bactrocera dorsalis,enter,1,29,1100.61,600.6,0.8418
10-41-29.mp4,126674,522586,31406,0,Bactrocera correcta,exit,-1,36,1278.07,601.49,0.8965
10-41-29.mp4,128742,524654,31425,1,Bactrocera dorsalis,enter,1,30,1230.74,587.24,0.5215
10-41-29.mp4,130722,526634,31618,0,Bactrocera correcta,enter,1,37,1040.78,763.39,0.7373
10-41-29.mp4,130928,526840,31617,0,Bactrocera correcta,enter,1,38,1326.48,768.44,0.8521
10-41-29.mp4,130936,526848,31617,0,Bactrocera correcta,exit,-1,37,1324.05,782.52,0.8633
10-41-29.mp4,131219,527131,31631,0,Bactrocera correcta,enter,1,38,1330.51,691.94,0.853
10-41-29.mp4,131251,527163,31631,0,Bactrocera correcta,exit,-1,37,1342.58,729.61,0.876
10-41-29.mp4,138553,534465,31906,0,Bactrocera correcta,exit,-1,36,1043.85,783.76,0.8438
10-41-29.mp4,141788,537700,31960,0,Bactrocera correcta,enter,1,37,1314.67,650.92,0.8774
10-41-29.mp4,143299,539211,32056,0,Bactrocera correcta,enter,1,38,1257.34,850.29,0.8438
10-41-29.mp4,143981,539893,32108,0,Bactrocera correcta,enter,1,39,1322.31,679.42,0.8589
10-41-29.mp4,143993,539905,32108,0,Bactrocera correcta,exit,-1,38,1323.98,658.93,0.8696
10-41-29.mp4,143998,539910,32108,0,Bactrocera correcta,enter,1,39,1322.57,667.99,0.8789
10-41-29.mp4,144009,539921,32108,0,Bactrocera correcta,exit,-1,38,1334.07,695.41,0.8579
10-41-29.mp4,144019,539931,32108,0,Bactrocera correcta,enter,1,39,1330.27,691.9,0.8818
10-41-29.mp4,147817,543729,32193,0,Bactrocera correcta,enter,1,40,1319.66,674.55,0.8887
10-41-29.mp4,147823,543735,32193,0,Bactrocera correcta,exit,-1,39,1327.25,666.53,0.8818
10-41-29.mp4,147875,543787,32193,0,Bactrocera correcta,enter,1,40,1326.71,681.05,0.8809
10-41-29.mp4,147891,543803,32216,0,Bactrocera correcta,exit,-1,39,1081.19,606.03,0.8843
10-41-29.mp4,147894,543806,32193,0,Bactrocera correcta,exit,-1,38,1327.73,680.8,0.875
10-41-29.mp4,147898,543810,32193,0,Bactrocera correcta,enter,1,39,1328.07,686.42,0.8672
10-41-29.mp4,147914,543826,32216,0,Bactrocera correcta,enter,1,40,1095.56,606.56,0.8809
10-41-29.mp4,147918,543830,32193,0,Bactrocera correcta,exit,-1,39,1329.84,679.45,0.8706
10-41-29.mp4,147924,543836,32193,0,Bactrocera correcta,enter,1,40,1327.68,688.06,0.8398
10-41-29.mp4,147940,543852,32193,0,Bactrocera correcta,exit,-1,39,1334.43,699.56,0.854
10-41-29.mp4,147944,543856,32193,0,Bactrocera correcta,enter,1,40,1330.94,706.1,0.8706
10-41-29.mp4,147957,543869,32216,0,Bactrocera correcta,exit,-1,39,1099.06,597.66,0.874
10-41-29.mp4,147961,543873,32216,0,Bactrocera correcta,enter,1,40,1109.34,593.92,0.8857
10-41-29.mp4,147962,543874,32216,0,Bactrocera correcta,exit,-1,39,1113.18,590.82,0.8818
10-41-29.mp4,148572,544484,32258,0,Bactrocera correcta,enter,1,40,1333.33,721.66,0.8672
10-41-29.mp4,148588,544500,32258,0,Bactrocera correcta,exit,-1,39,1334.19,732.22,0.854
10-41-29.mp4,148614,544526,32258,0,Bactrocera correcta,enter,1,40,1326.68,693.54,0.8662
10-41-29.mp4,148642,544554,32258,0,Bactrocera correcta,exit,-1,39,1329.27,678.67,0.8726
10-41-29.mp4,148651,544563,32258,0,Bactrocera correcta,enter,1,40,1327.55,680.9,0.8784
10-41-29.mp4,158672,554584,32608,0,Bactrocera correcta,exit,-1,39,1334.86,746.51,0.8789
10-41-29.mp4,158676,554588,32608,0,Bactrocera correcta,enter,1,40,1329.64,744.73,0.8579
10-41-29.mp4,158679,554591,32608,0,Bactrocera correcta,exit,-1,39,1334.36,720.05,0.8188
10-41-29.mp4,165044,560956,33008,0,Bactrocera correcta,exit,-1,38,1121.56,586.08,0.8457
10-41-29.mp4,168632,564544,33195,0,Bactrocera correcta,enter,1,39,1042.73,680.61,0.8652
10-41-29.mp4,168879,564791,33195,0,Bactrocera correcta,exit,-1,38,1072.98,621.7,0.8696
10-41-29.mp4,169578,565490,33276,0,Bactrocera correcta,enter,1,39,1220.59,579.05,0.8774
10-41-29.mp4,169595,565507,33276,0,Bactrocera correcta,exit,-1,38,1199.85,574.83,0.8809
10-41-29.mp4,169596,565508,33276,0,Bactrocera correcta,enter,1,39,1199.98,576.7,0.875
10-41-29.mp4,169673,565585,33295,0,Bactrocera correcta,enter,1,40,1212.96,578.48,0.875
10-41-29.mp4,169723,565635,33295,0,Bactrocera correcta,exit,-1,39,1209.29,575.03,0.876
10-41-29.mp4,169736,565648,33295,0,Bactrocera correcta,enter,1,40,1163.87,578.22,0.8672
10-41-29.mp4,169840,565752,33295,0,Bactrocera correcta,exit,-1,39,1103.31,595.81,0.8809
10-41-29.mp4,169883,565795,33295,0,Bactrocera correcta,enter,1,40,1102.76,601.02,0.8687
10-41-29.mp4,170045,565957,33295,0,Bactrocera correcta,exit,-1,39,1128.85,584.28,0.875
10-41-29.mp4,170064,565976,33295,0,Bactrocera correcta,enter,1,40,1141.34,581.29,0.8599
10-41-29.mp4,170069,565981,33295,0,Bactrocera correcta,exit,-1,39,1131.93,580.65,0.8633
10-41-29.mp4,170167,566079,33295,0,Bactrocera correcta,enter,1,40,1291.73,621.63,0.8726
10-41-29.mp4,170669,566581,33310,0,Bactrocera correcta,exit,-1,39,1309.93,816.2,0.8623
10-41-29.mp4,171205,567117,33324,1,Bactrocera dorsalis,enter,1,31,1315.02,671.85,0.8579
10-41-29.mp4,171384,567296,33327,0,Bactrocera correcta,enter,1,40,1120.47,850.54,0.8784
10-41-29.mp4,171551,567463,33327,0,Bactrocera correcta,exit,-1,39,1045.79,661.74,0.8608
10-41-29.mp4,172766,568678,33435,0,Bactrocera correcta,exit,-1,38,1111.34,587.75,0.894
10-41-29.mp4,172991,568903,33538,1,Bactrocera dorsalis,exit,-1,30,1367.94,720.97,0.7041
10-41-29.mp4,173195,569107,33549,0,Bactrocera correcta,enter,1,39,1286.02,833.91,0.8608
10-41-29.mp4,173199,569111,33549,0,Bactrocera correcta,exit,-1,38,1286.67,833.9,0.8589
10-41-29.mp4,173408,569320,33556,0,Bactrocera correcta,exit,-1,37,1329.72,670.86,0.8823
10-41-29.mp4,175785,571697,33813,0,Bactrocera correcta,enter,1,38,1200.31,578.75,0.8862
10-41-29.mp4,179003,574915,33962,0,Bactrocera correcta,enter,1,39,1096.58,842.91,0.8682
10-41-29.mp4,179008,574920,33962,0,Bactrocera correcta,exit,-1,38,1088.89,840.47,0.875
10-41-29.mp4,179057,574969,33970,0,Bactrocera correcta,enter,1,39,1074.86,825.68,0.8599
10-41-29.mp4,181197,577109,34029,0,Bactrocera correcta,enter,1,40,1203.34,869.74,0.8408
10-41-29.mp4,184313,580225,34144,0,Bactrocera correcta,enter,1,41,1155.49,580.31,0.8809
10-41-29.mp4,185542,581454,34186,0,Bactrocera correcta,enter,1,42,1056.6,802.81,0.8569
10-41-29.mp4,185550,581462,34186,0,Bactrocera correcta,exit,-1,41,1056.17,802.59,0.8662
10-41-29.mp4,185552,581464,34186,0,Bactrocera correcta,enter,1,42,1059.01,804.12,0.8662
10-41-29.mp4,185582,581494,34186,0,Bactrocera correcta,exit,-1,41,1060.34,809.0,0.8682
10-41-29.mp4,185658,581570,34186,0,Bactrocera correcta,enter,1,42,1049.77,784.18,0.853
10-41-29.mp4,185698,581610,34186,0,Bactrocera correcta,exit,-1,41,1047.64,786.53,0.8521
10-41-29.mp4,185721,581633,34186,0,Bactrocera correcta,enter,1,42,1049.25,789.69,0.8232
10-41-29.mp4,185897,581809,34186,0,Bactrocera correcta,exit,-1,41,1045.13,789.89,0.8018
10-41-29.mp4,185983,581895,34256,0,Bactrocera correcta,exit,-1,40,1035.78,767.41,0.8569
10-41-29.mp4,186263,582175,34186,0,Bactrocera correcta,enter,1,41,1048.67,786.65,0.8115
10-41-29.mp4,186948,582860,34186,0,Bactrocera correcta,exit,-1,40,1048.42,650.98,0.8784
10-41-29.mp4,187121,583033,34186,0,Bactrocera correcta,enter,1,41,1051.19,654.31,0.8809
10-41-29.mp4,187128,583040,34186,0,Bactrocera correcta,exit,-1,40,1051.22,654.02,0.8774
10-41-29.mp4,187131,583043,34186,0,Bactrocera correcta,enter,1,41,1051.21,654.26,0.8765
10-41-29.mp4,187132,583044,34186,0,Bactrocera correcta,exit,-1,40,1051.21,653.99,0.8765
10-41-29.mp4,187153,583065,34186,0,Bactrocera correcta,enter,1,41,1051.19,654.31,0.8765
10-41-29.mp4,187170,583082,34186,0,Bactrocera correcta,exit,-1,40,1050.02,653.41,0.8774
10-41-29.mp4,187174,583086,34186,0,Bactrocera correcta,enter,1,41,1053.78,661.22,0.8267
10-41-29.mp4,187254,583166,34186,0,Bactrocera correcta,exit,-1,40,1044.76,668.06,0.854
10-41-29.mp4,187255,583167,34186,0,Bactrocera correcta,enter,1,41,1044.09,670.47,0.8579
10-41-29.mp4,187256,583168,34186,0,Bactrocera correcta,exit,-1,40,1038.98,667.35,0.8491
10-41-29.mp4,187289,583201,34186,0,Bactrocera correcta,enter,1,41,1048.59,660.1,0.8613
10-41-29.mp4,187477,583389,34395,0,Bactrocera correcta,enter,1,42,1052.56,654.7,0.8789
10-41-29.mp4,187570,583482,34395,0,Bactrocera correcta,exit,-1,41,1060.12,639.15,0.8843
10-41-29.mp4,187575,583487,34395,0,Bactrocera correcta,enter,1,42,1060.03,640.3,0.873
10-41-29.mp4,188509,584421,34529,0,Bactrocera correcta,exit,-1,41,1044.25,662.28,0.8716
10-41-29.mp4,190343,586255,34583,0,Bactrocera correcta,enter,1,42,1092.57,838.23,0.8848
10-41-29.mp4,190538,586450,34556,0,Bactrocera correcta,exit,-1,41,1324.31,781.93,0.8345
10-41-29.mp4,191351,587263,34645,1,Bactrocera dorsalis,enter,1,31,1074.16,623.27,0.8633
10-41-29.mp4,192173,588085,34622,1,Bactrocera dorsalis,enter,1,32,1052.91,652.14,0.8599
10-41-29.mp4,194597,590509,34780,1,Bactrocera dorsalis,exit,-1,31,1137.83,868.89,0.8232
10-41-29.mp4,194602,590514,34780,1,Bactrocera dorsalis,enter,1,32,1147.81,867.02,0.8208
10-41-29.mp4,194806,590718,34743,0,Bactrocera correcta,enter,1,42,1327.44,759.11,0.875
10-41-29.mp4,194921,590833,34743,0,Bactrocera correcta,exit,-1,41,1309.58,809.98,0.8599
10-41-29.mp4,195009,590921,34802,1,Bactrocera dorsalis,exit,-1,31,1335.08,758.75,0.8726
10-41-29.mp4,195565,591477,34843,1,Bactrocera dorsalis,enter,1,32,1302.78,655.14,0.8784
10-41-29.mp4,195825,591737,34843,1,Bactrocera dorsalis,exit,-1,31,1249.36,861.74,0.9033
10-41-29.mp4,195864,591776,34843,1,Bactrocera dorsalis,enter,1,32,1092.73,836.97,0.8633
10-41-29.mp4,196130,592042,34843,1,Bactrocera dorsalis,exit,-1,31,1339.31,758.56,0.8901
10-41-29.mp4,196485,592397,34926,1,Bactrocera dorsalis,enter,1,32,1232.48,865.09,0.8354
10-41-29.mp4,196503,592415,34926,1,Bactrocera dorsalis,exit,-1,31,1240.86,865.71,0.8232
10-41-29.mp4,196510,592422,34926,1,Bactrocera dorsalis,enter,1,32,1242.31,861.62,0.8257
10-41-29.mp4,196516,592428,34926,1,Bactrocera dorsalis,exit,-1,31,1240.23,863.68,0.8335
10-41-29.mp4,196532,592444,34923,1,Bactrocera dorsalis,exit,-1,30,1240.23,907.89,0.457
10-41-29.mp4,196573,592485,34926,1,Bactrocera dorsalis,enter,1,31,1241.97,845.3,0.8257
10-41-29.mp4,196575,592487,34926,1,Bactrocera dorsalis,exit,-1,30,1253.72,878.5,0.8057
10-41-29.mp4,196580,592492,34935,1,Bactrocera dorsalis,enter,1,31,1120.01,855.59,0.8926
10-41-29.mp4,196612,592524,34926,1,Bactrocera dorsalis,enter,1,32,1321.77,780.17,0.8242
10-41-29.mp4,196618,592530,34945,0,Bactrocera correcta,enter,1,42,1283.18,613.97,0.8848
10-41-29.mp4,196621,592533,34945,0,Bactrocera correcta,exit,-1,41,1278.01,606.46,0.752
10-41-29.mp4,196625,592537,34926,1,Bactrocera dorsalis,exit,-1,31,1318.59,644.59,0.8511
10-41-29.mp4,196637,592549,34958,1,Bactrocera dorsalis,exit,-1,30,1253.64,862.45,0.8374
10-41-29.mp4,196639,592551,34945,0,Bactrocera correcta,enter,1,42,1162.05,582.48,0.8276
10-41-29.mp4,196640,592552,34926,1,Bactrocera dorsalis,enter,1,31,1252.86,599.57,0.8672
10-41-29.mp4,196646,592558,34958,1,Bactrocera dorsalis,enter,1,32,1267.7,847.88,0.8491
10-41-29.mp4,196656,592568,34970,1,Bactrocera dorsalis,exit,-1,31,1296.33,824.87,0.832
10-41-29.mp4,197546,593458,35026,0,Bactrocera correcta,exit,-1,41,1212.4,575.58,0.8843
10-41-29.mp4,197555,593467,35026,0,Bactrocera correcta,enter,1,42,1234.63,583.56,0.8887
10-41-29.mp4,197569,593481,35026,0,Bactrocera correcta,exit,-1,41,1245.5,587.12,0.8862
10-41-29.mp4,197982,593894,35026,0,Bactrocera correcta,enter,1,42,1269.74,603.41,0.8975
10-41-29.mp4,198576,594488,34860,0,Bactrocera correcta,enter,1,43,1050.68,655.68,0.8687
10-41-29.mp4,198587,594499,34860,0,Bactrocera correcta,exit,-1,42,1050.63,655.09,0.8696
10-41-29.mp4,198614,594526,34860,0,Bactrocera correcta,enter,1,43,1049.54,658.25,0.8682
10-41-29.mp4,198803,594715,34860,0,Bactrocera correcta,exit,-1,42,1032.68,726.12,0.8018
10-41-29.mp4,198856,594768,34860,0,Bactrocera correcta,enter,1,43,1035.63,742.24,0.814
10-41-29.mp4,198950,594862,35056,1,Bactrocera dorsalis,exit,-1,30,1231.13,866.69,0.8833
10-41-29.mp4,198986,594898,35056,1,Bactrocera dorsalis,enter,1,31,1236.63,862.24,0.8896
10-41-29.mp4,199004,594916,35056,1,Bactrocera dorsalis,exit,-1,30,1236.64,864.54,0.874
10-41-29.mp4,199004,594916,34860,0,Bactrocera correcta,exit,-1,42,1069.47,824.46,0.8472
10-41-29.mp4,199006,594918,35056,1,Bactrocera dorsalis,enter,1,31,1236.6,864.31,0.8843
10-41-29.mp4,199010,594922,35056,1,Bactrocera dorsalis,exit,-1,30,1236.59,864.75,0.8818
10-41-29.mp4,199025,594937,35056,1,Bactrocera dorsalis,enter,1,31,1236.9,863.63,0.8872
10-41-29.mp4,199041,594953,35073,0,Bactrocera correcta,exit,-1,41,1040.1,768.58,0.7759
10-41-29.mp4,199058,594970,35056,1,Bactrocera dorsalis,exit,-1,30,1236.07,867.5,0.8267
10-41-29.mp4,199841,595753,35073,0,Bactrocera correcta,enter,1,42,1321.57,665.51,0.8662
10-41-29.mp4,199983,595895,34860,0,Bactrocera correcta,enter,1,43,1229.32,866.79,0.8521
10-41-29.mp4,200368,596280,35212,0,Bactrocera correcta,exit,-1,42,1189.98,574.06,0.8613
10-41-29.mp4,201382,597294,35061,0,Bactrocera correcta,exit,-1,41,1231.12,580.37,0.8662
11-41-30.mp4,359,597909,35326,0,Bactrocera correcta,exit,-1,40,1253.4,589.73,0.7905
11-41-30.mp4,1653,599203,35302,1,Bactrocera dorsalis,enter,1,31,1116.06,591.62,0.8999
11-41-30.mp4,2808,600358,35302,1,Bactrocera dorsalis,exit,-1,30,1225.68,874.9,0.8589
11-41-30.mp4,3532,601082,35471,0,Bactrocera correcta,enter,1,41,1250.48,858.39,0.8374
11-41-30.mp4,4316,601866,35496,1,Bactrocera dorsalis,enter,1,31,1041.37,749.73,0.8843
11-41-30.mp4,4694,602244,35518,1,Bactrocera dorsalis,enter,1,32,1119.05,592.46,0.8354
11-41-30.mp4,4732,602282,35518,1,Bactrocera dorsalis,exit,-1,31,1057.0,641.86,0.8457
11-41-30.mp4,5245,602795,35559,0,Bactrocera correcta,enter,1,42,1037.21,696.62,0.8926
11-41-30.mp4,7119,604669,35849,0,Bactrocera correcta,enter,1,43,1274.96,842.03,0.8726
11-41-30.mp4,7149,604699,35849,0,Bactrocera correcta,exit,-1,42,1338.68,717.56,0.8081
11-41-30.mp4,7169,604719,35849,0,Bactrocera correcta,enter,1,43,1311.9,647.39,0.8613
11-41-30.mp4,7342,604892,35884,0,Bactrocera correcta,exit,-1,42,1078.78,617.03,0.8613
11-41-30.mp4,7382,604932,35884,0,Bactrocera correcta,enter,1,43,1087.3,609.49,0.8843
11-41-30.mp4,7384,604934,35884,0,Bactrocera correcta,exit,-1,42,1087.34,609.27,0.8848
11-41-30.mp4,7386,604936,35884,0,Bactrocera correcta,enter,1,43,1088.5,610.43,0.873
11-41-30.mp4,7392,604942,35884,0,Bactrocera correcta,exit,-1,42,1094.26,601.67,0.8955
11-41-30.mp4,7448,604998,35849,0,Bactrocera correcta,exit,-1,41,1253.25,590.68,0.8511
11-41-30.mp4,7461,605011,35884,0,Bactrocera correcta,enter,1,42,1090.29,610.91,0.876
11-41-30.mp4,7537,605087,35849,0,Bactrocera correcta,enter,1,43,1097.55,601.6,0.875
11-41-30.mp4,7555,605105,35849,0,Bactrocera correcta,exit,-1,42,1046.59,651.94,0.8848
11-41-30.mp4,7830,605380,35842,0,Bactrocera correcta,enter,1,43,1258.85,852.87,0.855
11-41-30.mp4,7864,605414,35842,0,Bactrocera correcta,exit,-1,42,1264.13,851.35,0.8682
11-41-30.mp4,8012,605562,35955,0,Bactrocera correcta,enter,1,43,1328.87,702.7,0.832
11-41-30.mp4,9863,607413,36066,1,Bactrocera dorsalis,enter,1,32,1284.3,615.45,0.8926
11-41-30.mp4,10094,607644,36066,1,Bactrocera dorsalis,exit,-1,31,1282.71,837.21,0.8872
11-41-30.mp4,10242,607792,36080,0,Bactrocera correcta,exit,-1,42,1056.43,805.94,0.8608
11-41-30.mp4,10459,608009,36080,0,Bactrocera correcta,enter,1,43,1079.97,830.03,0.8687
11-41-30.mp4,10899,608449,36080,1,Bactrocera dorsalis,exit,-1,30,1105.06,916.18,0.8896
11-41-30.mp4,11063,608613,36098,0,Bactrocera correcta,enter,1,44,1317.63,657.45,0.9136
11-41-30.mp4,11204,608754,36098,0,Bactrocera correcta,exit,-1,43,1311.43,644.02,0.9053
11-41-30.mp4,11221,608771,36098,0,Bactrocera correcta,enter,1,44,1311.39,645.22,0.8975
11-41-30.mp4,11225,608775,36098,0,Bactrocera correcta,exit,-1,43,1319.71,656.07,0.8682
11-41-30.mp4,11381,608931,36098,0,Bactrocera correcta,enter,1,44,1305.83,636.92,0.8823
11-41-30.mp4,12191,609741,36175,0,Bactrocera correcta,enter,1,45,1167.78,872.82,0.8408
11-41-30.mp4,12210,609760,36175,0,Bactrocera correcta,exit,-1,44,1159.73,872.78,0.8589
11-41-30.mp4,12228,609778,36175,0,Bactrocera correcta,enter,1,45,1159.13,871.43,0.8569
11-41-30.mp4,14023,611573,36594,0,Bactrocera correcta,enter,1,46,1043.59,671.59,0.9004
11-41-30.mp4,14024,611574,36594,0,Bactrocera correcta,exit,-1,45,1042.39,670.87,0.8896
11-41-30.mp4,14041,611591,36594,0,Bactrocera correcta,enter,1,46,1066.13,633.78,0.8843
11-41-30.mp4,15140,612690,36601,0,Bactrocera correcta,enter,1,47,1284.31,834.1,0.8882
11-41-30.mp4,16088,613638,36697,0,Bactrocera correcta,enter,1,48,1195.81,870.33,0.8608
11-41-30.mp4,16112,613662,36697,0,Bactrocera correcta,exit,-1,47,1210.62,872.36,0.8784
11-41-30.mp4,16150,613700,36697,0,Bactrocera correcta,enter,1,48,1148.27,868.41,0.8472
11-41-30.mp4,16153,613703,36697,0,Bactrocera correcta,exit,-1,47,1147.76,869.64,0.8613
11-41-30.mp4,16156,613706,36697,0,Bactrocera correcta,enter,1,48,1148.07,869.31,0.8789
11-41-30.mp4,16781,614331,36826,0,Bactrocera correcta,enter,1,49,1309.87,803.77,0.8672
11-41-30.mp4,18686,616236,36963,1,Bactrocera dorsalis,enter,1,31,1134.18,584.37,0.894
11-41-30.mp4,18883,616433,37027,0,Bactrocera correcta,enter,1,50,1297.73,627.07,0.8521
11-41-30.mp4,18972,616522,37027,0,Bactrocera correcta,exit,-1,49,1276.17,605.33,0.8931
11-41-30.mp4,19023,616573,37027,0,Bactrocera correcta,enter,1,50,1276.01,606.17,0.895
11-41-30.mp4,19040,616590,37027,0,Bactrocera correcta,exit,-1,49,1273.8,603.6,0.8823
11-41-30.mp4,19051,616601,37027,0,Bactrocera correcta,enter,1,50,1276.04,605.99,0.8984
11-41-30.mp4,19058,616608,37027,0,Bactrocera correcta,exit,-1,49,1276.68,604.4,0.8955
11-41-30.mp4,19132,616682,37027,0,Bactrocera correcta,enter,1,50,1267.29,601.09,0.8765
11-41-30.mp4,19137,616687,37027,0,Bactrocera correcta,exit,-1,49,1269.38,595.73,0.8931
11-41-30.mp4,19188,616738,37027,0,Bactrocera correcta,enter,1,50,1063.82,640.24,0.8896
11-41-30.mp4,19200,616750,37027,0,Bactrocera correcta,exit,-1,49,1056.02,643.42,0.8926
11-41-30.mp4,19203,616753,37027,0,Bactrocera correcta,enter,1,50,1060.04,639.69,0.8872
11-41-30.mp4,19212,616762,37027,0,Bactrocera correcta,exit,-1,49,1058.63,641.29,0.8872
11-41-30.mp4,19234,616784,37027,0,Bactrocera correcta,enter,1,50,1052.27,652.53,0.8926
11-41-30.mp4,19254,616804,37027,0,Bactrocera correcta,exit,-1,49,1053.14,650.36,0.8843
11-41-30.mp4,19263,616813,37027,0,Bactrocera correcta,enter,1,50,1053.53,651.09,0.895
11-41-30.mp4,19274,616824,37061,0,Bactrocera correcta,exit,-1,49,1064.41,830.54,0.8501
11-41-30.mp4,19286,616836,37027,0,Bactrocera correcta,exit,-1,48,1037.04,669.84,0.8848
11-41-30.mp4,19297,616847,37027,0,Bactrocera correcta,enter,1,49,1042.83,674.92,0.832
11-41-30.mp4,19710,617260,37051,1,Bactrocera dorsalis,enter,1,32,1044.6,774.38,0.8789
11-41-30.mp4,19747,617297,37051,1,Bactrocera dorsalis,exit,-1,31,1044.16,778.9,0.8569
11-41-30.mp4,19748,617298,37051,1,Bactrocera dorsalis,enter,1,32,1043.95,775.4,0.8662
11-41-30.mp4,19754,617304,37095,0,Bactrocera correcta,exit,-1,48,1334.54,748.57,0.8862
11-41-30.mp4,19759,617309,37051,1,Bactrocera dorsalis,exit,-1,31,1042.15,773.5,0.8696
11-41-30.mp4,19766,617316,37051,1,Bactrocera dorsalis,enter,1,32,1042.13,772.1,0.874
11-41-30.mp4,19785,617335,37051,1,Bactrocera dorsalis,exit,-1,31,1037.96,759.41,0.8672
11-41-30.mp4,19791,617341,37095,0,Bactrocera correcta,enter,1,49,1320.89,781.11,0.8706
11-41-30.mp4,19795,617345,37051,1,Bactrocera dorsalis,enter,1,32,1036.83,745.04,0.8662
11-41-30.mp4,19882,617432,37051,1,Bactrocera dorsalis,exit,-1,31,1336.58,717.89,0.8408
11-41-30.mp4,19888,617438,37095,0,Bactrocera correcta,exit,-1,48,1282.41,845.44,0.8418
11-41-30.mp4,19963,617513,37095,0,Bactrocera correcta,enter,1,49,1331.47,747.98,0.8643
11-41-30.mp4,20101,617651,37106,0,Bactrocera correcta,exit,-1,48,1325.29,668.73,0.8257
11-41-30.mp4,20127,617677,37106,0,Bactrocera correcta,enter,1,49,1278.01,607.4,0.8765
11-41-30.mp4,20128,617678,37106,0,Bactrocera correcta,exit,-1,48,1274.41,600.78,0.8716
11-41-30.mp4,20196,617746,37144,1,Bactrocera dorsalis,enter,1,32,1134.69,583.18,0.8823
11-41-30.mp4,20398,617948,37144,1,Bactrocera dorsalis,exit,-1,31,1196.1,570.82,0.9058
11-41-30.mp4,20404,617954,37164,0,Bactrocera correcta,enter,1,49,1040.49,766.05,0.8345
11-41-30.mp4,20451,618001,37164,0,Bactrocera correcta,exit,-1,48,1066.4,829.66,0.8672
11-41-30.mp4,20743,618293,37225,0,Bactrocera correcta,enter,1,49,1167.3,574.96,0.8579
11-41-30.mp4,20808,618358,37225,0,Bactrocera correcta,exit,-1,48,1323.37,662.09,0.8843
11-41-30.mp4,23680,621230,37348,1,Bactrocera dorsalis,enter,1,32,1277.11,607.82,0.9072
11-41-30.mp4,24885,622435,37441,1,Bactrocera dorsalis,exit,-1,31,1169.42,875.96,0.8696
11-41-30.mp4,25162,622712,37569,1,Bactrocera dorsalis,enter,1,32,1151.63,869.58,0.8633
11-41-30.mp4,25251,622801,37568,0,Bactrocera correcta,enter,1,49,1162.23,870.64,0.8164
11-41-30.mp4,25397,622947,37576,1,Bactrocera dorsalis,exit,-1,31,1269.66,599.15,0.8511
11-41-30.mp4,25412,622962,37563,0,Bactrocera correcta,enter,1,50,1285.43,832.2,0.8398
11-41-30.mp4,25463,623013,37563,0,Bactrocera correcta,exit,-1,49,1278.2,847.77,0.8662
11-41-30.mp4,25576,623126,37563,0,Bactrocera correcta,enter,1,50,1331.13,704.22,0.855
11-41-30.mp4,26886,624436,37605,1,Bactrocera dorsalis,enter,1,32,1106.65,852.24,0.853
11-41-30.mp4,26911,624461,37605,1,Bactrocera dorsalis,exit,-1,31,1089.26,842.47,0.8188
11-41-30.mp4,27511,625061,37639,0,Bactrocera correcta,enter,1,51,1047.66,665.58,0.7993
11-41-30.mp4,28436,625986,37662,0,Bactrocera correcta,enter,1,52,1210.47,579.61,0.8862
11-41-30.mp4,32834,630384,37754,0,Bactrocera correcta,exit,-1,51,1052.58,649.89,0.8823
11-41-30.mp4,32874,630424,37770,0,Bactrocera correcta,enter,1,52,1269.91,602.16,0.8896
11-41-30.mp4,32895,630445,37770,0,Bactrocera correcta,exit,-1,51,1289.7,615.47,0.8799
11-41-30.mp4,32923,630473,37770,0,Bactrocera correcta,enter,1,52,1276.64,606.33,0.9194
11-41-30.mp4,33014,630564,37770,0,Bactrocera correcta,exit,-1,51,1280.98,609.56,0.9067
11-41-30.mp4,33023,630573,37770,0,Bactrocera correcta,enter,1,52,1287.48,616.3,0.8872
11-41-30.mp4,39548,637098,38058,0,Bactrocera correcta,enter,1,53,1060.83,638.72,0.8716
11-41-30.mp4,39805,637355,38058,0,Bactrocera correcta,exit,-1,52,1041.24,668.5,0.8716
11-41-30.mp4,40025,637575,38106,1,Bactrocera dorsalis,exit,-1,30,1349.01,657.7,0.7866
11-41-30.mp4,40077,637627,38058,0,Bactrocera correcta,enter,1,53,1149.51,869.96,0.8267
11-41-30.mp4,40102,637652,38058,0,Bactrocera correcta,exit,-1,52,1146.77,870.18,0.8569
11-41-30.mp4,40513,638063,38163,1,Bactrocera dorsalis,exit,-1,29,1363.02,774.05,0.8242
11-41-30.mp4,41458,639008,38112,0,Bactrocera correcta,exit,-1,51,1064.98,627.67,0.8311
11-41-30.mp4,46670,644220,37729,0,Bactrocera correcta,enter,1,52,1053.19,654.45,0.8311
11-41-30.mp4,47575,645125,38384,1,Bactrocera dorsalis,enter,1,30,1049.34,670.17,0.8901
11-41-30.mp4,47658,645208,38384,1,Bactrocera dorsalis,exit,-1,29,1337.75,721.28,0.8887
11-41-30.mp4,47699,645249,38384,1,Bactrocera dorsalis,enter,1,30,1291.38,633.02,0.8887
11-41-30.mp4,47865,645415,38384,1,Bactrocera dorsalis,exit,-1,29,1130.68,576.68,0.8687
11-41-30.mp4,52275,649825,38790,1,Bactrocera dorsalis,enter,1,30,1110.79,595.17,0.8491
11-41-30.mp4,53492,651042,38864,1,Bactrocera dorsalis,exit,-1,29,1299.8,868.21,0.8579
11-41-30.mp4,55395,652945,39058,1,Bactrocera dorsalis,enter,1,30,1195.93,574.98,0.8843
11-41-30.mp4,56150,653700,39106,0,Bactrocera correcta,enter,1,53,1053.06,793.75,0.8857
11-41-30.mp4,56152,653702,39106,0,Bactrocera correcta,exit,-1,52,1054.68,802.34,0.8784
11-41-30.mp4,56155,653705,39106,0,Bactrocera correcta,enter,1,53,1065.55,812.42,0.8887
11-41-30.mp4,56252,653802,39106,0,Bactrocera correcta,exit,-1,52,1214.75,871.07,0.8589
11-41-30.mp4,56910,654460,39119,0,Bactrocera correcta,enter,1,53,1328.89,689.58,0.8896
11-41-30.mp4,57260,654810,39149,0,Bactrocera correcta,exit,-1,52,1034.05,757.92,0.8354
11-41-30.mp4,57327,654877,39149,0,Bactrocera correcta,enter,1,53,1034.5,718.5,0.873
11-41-30.mp4,57328,654878,39149,0,Bactrocera correcta,exit,-1,52,1033.72,715.17,0.8652
11-41-30.mp4,57329,654879,39149,0,Bactrocera correcta,enter,1,53,1034.63,714.52,0.875
11-41-30.mp4,57339,654889,39149,0,Bactrocera correcta,exit,-1,52,1032.68,715.58,0.8716
11-41-30.mp4,57424,654974,39149,0,Bactrocera correcta,enter,1,53,1048.84,788.39,0.8018
11-41-30.mp4,57628,655178,39149,0,Bactrocera correcta,exit,-1,52,1133.38,579.13,0.8901
11-41-30.mp4,59096,656646,39211,0,Bactrocera correcta,exit,-1,51,1034.46,740.81,0.8398
11-41-30.mp4,59713,657263,39241,0,Bactrocera correcta,exit,-1,50,1035.06,705.83,0.8579
11-41-30.mp4,60212,657762,39266,0,Bactrocera correcta,enter,1,51,1118.17,590.07,0.8965
11-41-30.mp4,60238,657788,39266,0,Bactrocera correcta,exit,-1,50,1133.79,579.39,0.8774
11-41-30.mp4,60254,657804,39266,0,Bactrocera correcta,enter,1,51,1133.22,586.99,0.8843
11-41-30.mp4,61345,658895,39285,0,Bactrocera correcta,enter,1,52,1296.3,822.33,0.8521
11-41-30.mp4,63463,661013,39388,0,Bactrocera correcta,enter,1,53,1255.47,854.97,0.873
11-41-30.mp4,63467,661017,39388,0,Bactrocera correcta,exit,-1,52,1257.68,855.36,0.8623
11-41-30.mp4,63468,661018,39388,0,Bactrocera correcta,enter,1,53,1256.84,854.75,0.8672
11-41-30.mp4,63730,661280,39359,0,Bactrocera correcta,enter,1,54,1102.55,848.04,0.8491
11-41-30.mp4,63734,661284,39359,0,Bactrocera correcta,exit,-1,53,1101.55,849.6,0.8652
11-41-30.mp4,63739,661289,39359,0,Bactrocera correcta,enter,1,54,1096.87,845.45,0.8569
11-41-30.mp4,65866,663416,39461,0,Bactrocera correcta,enter,1,55,1059.14,805.13,0.8354
11-41-30.mp4,65877,663427,39461,0,Bactrocera correcta,exit,-1,54,1057.47,807.25,0.8345
11-41-30.mp4,65879,663429,39461,0,Bactrocera correcta,enter,1,55,1059.27,806.52,0.8428
11-41-30.mp4,67938,665488,39464,0,Bactrocera correcta,enter,1,56,1320.39,785.63,0.876
11-41-30.mp4,68001,665551,39464,0,Bactrocera correcta,exit,-1,55,1296.01,823.85,0.8882
11-41-30.mp4,68045,665595,39464,0,Bactrocera correcta,enter,1,56,1298.53,818.64,0.8643
11-41-30.mp4,68047,665597,39464,0,Bactrocera correcta,exit,-1,55,1299.23,820.22,0.854
11-41-30.mp4,68048,665598,39464,0,Bactrocera correcta,enter,1,56,1298.15,820.56,0.855
11-41-30.mp4,68563,666113,39478,0,Bactrocera correcta,enter,1,57,1316.3,793.01,0.875
11-41-30.mp4,68568,666118,39478,0,Bactrocera correcta,exit,-1,56,1316.29,798.37,0.876
11-41-30.mp4,68576,666126,39478,0,Bactrocera correcta,enter,1,57,1310.87,803.12,0.8291
11-41-30.mp4,70493,668043,39464,0,Bactrocera correcta,exit,-1,56,1327.29,777.52,0.8589
11-41-30.mp4,70574,668124,39464,0,Bactrocera correcta,enter,1,57,1324.73,775.49,0.8887
11-41-30.mp4,70887,668437,39464,0,Bactrocera correcta,exit,-1,56,1309.5,632.48,0.9004
11-41-30.mp4,73685,671235,39793,0,Bactrocera correcta,enter,1,57,1174.95,580.33,0.8774
11-41-30.mp4,74548,672098,39805,0,Bactrocera correcta,enter,1,58,1250.02,858.55,0.853
11-41-30.mp4,74561,672111,39805,0,Bactrocera correcta,exit,-1,57,1252.58,858.28,0.8408
11-41-30.mp4,74574,672124,39805,0,Bactrocera correcta,enter,1,58,1257.45,853.83,0.8472
11-41-30.mp4,74630,672180,39805,0,Bactrocera correcta,exit,-1,57,1240.77,862.95,0.8687
11-41-30.mp4,74800,672350,39829,0,Bactrocera correcta,enter,1,58,1250.12,856.92,0.8267
11-41-30.mp4,76978,674528,39951,0,Bactrocera correcta,enter,1,59,1309.92,797.66,0.856
11-41-30.mp4,77135,674685,39994,0,Bactrocera correcta,exit,-1,58,1311.67,805.03,0.7676
11-41-30.mp4,77175,674725,39909,1,Bactrocera dorsalis,enter,1,31,1034.73,721.44,0.8696
11-41-30.mp4,77236,674786,39994,0,Bactrocera correcta,enter,1,59,1332.4,705.18,0.8364
11-41-30.mp4,77259,674809,39994,0,Bactrocera correcta,exit,-1,58,1326.17,674.94,0.8633
11-41-30.mp4,77527,675077,39994,0,Bactrocera correcta,enter,1,59,1324.3,772.42,0.8457
11-41-30.mp4,77594,675144,40060,0,Bactrocera correcta,enter,1,60,1333.85,726.74,0.8428
11-41-30.mp4,77595,675145,40060,0,Bactrocera correcta,exit,-1,59,1334.91,725.28,0.8242
11-41-30.mp4,77699,675249,40060,0,Bactrocera correcta,enter,1,60,1316.79,654.85,0.8931
11-41-30.mp4,77720,675270,39994,0,Bactrocera correcta,exit,-1,59,1306.46,811.13,0.8374
11-41-30.mp4,77871,675421,39994,0,Bactrocera correcta,enter,1,60,1324.77,773.15,0.8242
11-41-30.mp4,77901,675451,39994,0,Bactrocera correcta,exit,-1,59,1333.18,747.68,0.8501
11-41-30.mp4,78033,675583,40060,0,Bactrocera correcta,exit,-1,58,1035.56,745.78,0.731
11-41-30.mp4,78277,675827,40060,0,Bactrocera correcta,enter,1,59,1047.84,784.56,0.8447
11-41-30.mp4,78283,675833,40060,0,Bactrocera correcta,exit,-1,58,1051.52,794.48,0.8447
11-41-30.mp4,78314,675864,40060,0,Bactrocera correcta,enter,1,59,1049.23,789.7,0.8398
11-41-30.mp4,78318,675868,40060,0,Bactrocera correcta,exit,-1,58,1049.52,790.55,0.8389
11-41-30.mp4,78347,675897,40060,0,Bactrocera correcta,enter,1,59,1050.48,788.77,0.8232
11-41-30.mp4,79219,676769,40280,1,Bactrocera dorsalis,enter,1,32,1139.24,865.51,0.8662
11-41-30.mp4,81343,678893,40355,0,Bactrocera correcta,enter,1,60,1136.41,584.6,0.9028
11-41-30.mp4,86436,683986,40740,1,Bactrocera dorsalis,exit,-1,31,1304.99,599.42,0.8418
11-41-30.mp4,86542,684092,40769,0,Bactrocera correcta,enter,1,61,1206.48,870.59,0.8809
11-41-30.mp4,87754,685304,40903,0,Bactrocera correcta,exit,-1,60,1305.12,633.92,0.875
11-41-30.mp4,87880,685430,40859,1,Bactrocera dorsalis,enter,1,32,1069.69,630.02,0.8633
11-41-30.mp4,87942,685492,40901,0,Bactrocera correcta,enter,1,61,1198.39,871.72,0.8164
11-41-30.mp4,87967,685517,40901,0,Bactrocera correcta,exit,-1,60,1212.25,872.95,0.8354
11-41-30.mp4,87993,685543,40901,0,Bactrocera correcta,enter,1,61,1192.18,872.89,0.772
11-41-30.mp4,88003,685553,40901,0,Bactrocera correcta,exit,-1,60,1156.62,874.62,0.686
11-41-30.mp4,88041,685591,40901,0,Bactrocera correcta,enter,1,61,1061.64,807.07,0.7905
11-41-30.mp4,88058,685608,40901,0,Bactrocera correcta,exit,-1,60,1038.7,762.47,0.8652
11-41-30.mp4,88068,685618,40901,0,Bactrocera correcta,enter,1,61,1036.82,748.49,0.8374
11-41-30.mp4,88120,685670,40903,0,Bactrocera correcta,enter,1,62,1038.38,722.26,0.8311
11-41-30.mp4,88152,685702,40903,0,Bactrocera correcta,exit,-1,61,1038.54,681.2,0.8511
11-41-30.mp4,88546,686096,40956,1,Bactrocera dorsalis,exit,-1,31,1265.21,852.06,0.8872
11-41-30.mp4,88943,686493,40959,1,Bactrocera dorsalis,exit,-1,30,1200.63,574.34,0.853
11-41-30.mp4,89305,686855,40973,1,Bactrocera dorsalis,enter,1,31,1132.18,583.43,0.8599
11-41-30.mp4,89465,687015,40956,1,Bactrocera dorsalis,enter,1,32,1317.66,660.77,0.9126
11-41-30.mp4,89519,687069,40997,1,Bactrocera dorsalis,exit,-1,31,1223.63,579.19,0.4727
11-41-30.mp4,89520,687070,40997,1,Bactrocera dorsalis,enter,1,32,1221.98,589.12,0.626
11-41-30.mp4,89521,687071,40997,1,Bactrocera dorsalis,exit,-1,31,1222.25,578.63,0.5698
11-41-30.mp4,89534,687084,40997,1,Bactrocera dorsalis,enter,1,32,1205.61,577.5,0.3943
11-41-30.mp4,89548,687098,40956,1,Bactrocera dorsalis,exit,-1,31,1118.87,586.77,0.8589
11-41-30.mp4,89650,687200,40956,1,Bactrocera dorsalis,enter,1,32,1047.9,665.96,0.8457
11-41-30.mp4,89764,687314,40956,1,Bactrocera dorsalis,exit,-1,31,1148.8,871.64,0.8789
11-41-30.mp4,89991,687541,40972,0,Bactrocera correcta,enter,1,62,1093.47,607.56,0.8662
11-41-30.mp4,90253,687803,40972,0,Bactrocera correcta,exit,-1,61,1107.68,593.85,0.8774
11-41-30.mp4,90630,688180,40972,0,Bactrocera correcta,enter,1,62,1231.2,588.64,0.8682
11-41-30.mp4,93217,690767,41163,1,Bactrocera dorsalis,enter,1,32,1225.56,582.5,0.8696
11-41-30.mp4,93414,690964,41163,1,Bactrocera dorsalis,exit,-1,31,1283.52,610.79,0.9038
11-41-30.mp4,93536,691086,41163,1,Bactrocera dorsalis,enter,1,32,1309.31,645.7,0.8843
11-41-30.mp4,94181,691731,41171,1,Bactrocera dorsalis,enter,1,33,1145.81,864.8,0.856
11-41-30.mp4,94437,691987,41200,0,Bactrocera correcta,enter,1,63,1038.59,753.13,0.8345
11-41-30.mp4,96244,693794,41278,1,Bactrocera dorsalis,exit,-1,32,1321.66,837.25,0.8364
11-41-30.mp4,96909,694459,41248,1,Bactrocera dorsalis,enter,1,33,1071.58,631.33,0.856
11-41-30.mp4,97284,694834,41248,1,Bactrocera dorsalis,exit,-1,32,1307.86,634.48,0.9268
11-41-30.mp4,97348,694898,41248,1,Bactrocera dorsalis,enter,1,33,1211.77,580.13,0.8833
11-41-30.mp4,97448,694998,41248,1,Bactrocera dorsalis,exit,-1,32,1213.53,574.45,0.8491
11-41-30.mp4,97940,695490,41379,0,Bactrocera correcta,enter,1,64,1327.55,764.95,0.793
11-41-30.mp4,99520,697070,41564,1,Bactrocera dorsalis,exit,-1,31,1244.84,585.12,0.8662
11-41-30.mp4,100358,697908,41735,0,Bactrocera correcta,enter,1,65,1318.84,775.77,0.8164
11-41-30.mp4,100387,697937,41735,0,Bactrocera correcta,exit,-1,64,1336.26,712.65,0.8428
11-41-30.mp4,100608,698158,41673,0,Bactrocera correcta,enter,1,65,1264.24,601.98,0.8589
11-41-30.mp4,100699,698249,41735,0,Bactrocera correcta,enter,1,66,1170.78,575.76,0.8843
11-41-30.mp4,103244,700794,41916,0,Bactrocera correcta,enter,1,67,1088.46,611.71,0.8652
11-41-30.mp4,104165,701715,41985,0,Bactrocera correcta,exit,-1,66,1319.19,790.72,0.8623
11-41-30.mp4,104756,702306,42065,0,Bactrocera correcta,exit,-1,65,1096.96,601.56,0.9082
11-41-30.mp4,104757,702307,42065,0,Bactrocera correcta,enter,1,66,1095.01,603.51,0.8862
11-41-30.mp4,104758,702308,42065,0,Bactrocera correcta,exit,-1,65,1083.84,608.1,0.8955
11-41-30.mp4,104798,702348,42065,0,Bactrocera correcta,enter,1,66,1079.13,618.56,0.8862
11-41-30.mp4,104836,702386,41975,1,Bactrocera dorsalis,enter,1,32,1093.87,837.23,0.8418
11-41-30.mp4,105035,702585,42065,0,Bactrocera correcta,exit,-1,65,1052.4,645.44,0.8643
11-41-30.mp4,105047,702597,42065,0,Bactrocera correcta,enter,1,66,1058.37,642.15,0.8765
11-41-30.mp4,105191,702741,42065,0,Bactrocera correcta,exit,-1,65,1054.28,644.3,0.8716
11-41-30.mp4,105468,703018,42094,0,Bactrocera correcta,enter,1,66,1172.33,867.47,0.8208
11-41-30.mp4,105519,703069,42094,0,Bactrocera correcta,exit,-1,65,1062.23,635.55,0.8613
11-41-30.mp4,105743,703293,42094,0,Bactrocera correcta,enter,1,66,1117.31,599.71,0.8955
11-41-30.mp4,105779,703329,42094,0,Bactrocera correcta,exit,-1,65,1338.24,737.21,0.8501
11-41-30.mp4,105844,703394,42101,1,Bactrocera dorsalis,enter,1,33,1279.66,617.73,0.8354
11-41-30.mp4,108689,706239,42230,1,Bactrocera dorsalis,enter,1,34,1128.78,588.55,0.8901
11-41-30.mp4,109572,707122,42298,0,Bactrocera correcta,enter,1,66,1054.98,796.83,0.8267
11-41-30.mp4,109642,707192,42298,0,Bactrocera correcta,exit,-1,65,1033.33,725.59,0.8374
11-41-30.mp4,109666,707216,42298,0,Bactrocera correcta,enter,1,66,1061.42,640.15,0.8682
11-41-30.mp4,110918,708468,42433,0,Bactrocera correcta,enter,1,67,1236.56,864.05,0.8716
11-41-30.mp4,110936,708486,42433,0,Bactrocera correcta,exit,-1,66,1240.52,863.1,0.8438
11-41-30.mp4,110942,708492,42433,0,Bactrocera correcta,enter,1,67,1237.8,863.99,0.8589
11-41-30.mp4,111415,708965,42454,0,Bactrocera correcta,exit,-1,66,1306.37,635.82,0.8843
11-41-30.mp4,112679,710229,42486,0,Bactrocera correcta,enter,1,67,1323.7,670.76,0.876
11-41-30.mp4,114537,712087,42662,1,Bactrocera dorsalis,enter,1,35,1289.99,621.32,0.8447
11-41-30.mp4,114972,712522,42724,0,Bactrocera correcta,enter,1,68,1048.53,782.93,0.8042
11-41-30.mp4,115042,712592,42657,0,Bactrocera correcta,enter,1,69,1309.05,645.0,0.8818
11-41-30.mp4,121646,719196,43080,0,Bactrocera correcta,enter,1,70,1276.23,842.27,0.855
11-41-30.mp4,121651,719201,43080,0,Bactrocera correcta,exit,-1,69,1279.41,840.97,0.8652
11-41-30.mp4,121777,719327,43080,0,Bactrocera correcta,enter,1,70,1283.73,835.78,0.8706
11-41-30.mp4,121804,719354,43080,0,Bactrocera correcta,exit,-1,69,1290.83,834.33,0.8481
11-41-30.mp4,121868,719418,43080,0,Bactrocera correcta,enter,1,70,1298.88,815.05,0.8643
11-41-30.mp4,121880,719430,43080,0,Bactrocera correcta,exit,-1,69,1318.27,791.28,0.8521
11-41-30.mp4,121889,719439,43080,0,Bactrocera correcta,enter,1,70,1314.8,797.2,0.8599
11-41-30.mp4,121896,719446,43080,0,Bactrocera correcta,exit,-1,69,1329.69,771.25,0.8613
11-41-30.mp4,121949,719499,43117,0,Bactrocera correcta,enter,1,70,1274.65,841.77,0.8643
11-41-30.mp4,122236,719786,43080,0,Bactrocera correcta,enter,1,71,1328.74,687.64,0.8833
11-41-30.mp4,122541,720091,43174,0,Bactrocera correcta,exit,-1,70,1182.0,572.31,0.8887
11-41-30.mp4,122552,720102,43174,0,Bactrocera correcta,enter,1,71,1158.26,577.97,0.8105
11-41-30.mp4,122558,720108,43174,0,Bactrocera correcta,exit,-1,70,1148.08,576.47,0.6841
11-41-30.mp4,122597,720147,43181,0,Bactrocera correcta,exit,-1,69,1129.49,582.92,0.8599
11-41-30.mp4,122652,720202,43176,1,Bactrocera dorsalis,enter,1,36,1249.7,589.44,0.9038
11-41-30.mp4,123228,720778,43176,1,Bactrocera dorsalis,exit,-1,35,1333.89,678.41,0.8799
11-41-30.mp4,123809,721359,43130,0,Bactrocera correcta,enter,1,70,1289.54,823.62,0.8438
11-41-30.mp4,124164,721714,43130,0,Bactrocera correcta,exit,-1,69,1239.49,582.65,0.8716
11-41-30.mp4,125704,723254,43349,0,Bactrocera correcta,enter,1,70,1052.27,659.09,0.8208
11-41-30.mp4,126185,723735,43346,0,Bactrocera correcta,enter,1,71,1240.45,861.81,0.8716
11-41-30.mp4,126188,723738,43403,0,Bactrocera correcta,exit,-1,70,1089.25,848.57,0.8311
11-41-30.mp4,126190,723740,43346,0,Bactrocera correcta,exit,-1,69,1238.01,865.03,0.8613
11-41-30.mp4,126192,723742,43346,0,Bactrocera correcta,enter,1,70,1235.41,863.95,0.8774
11-41-30.mp4,126202,723752,43401,1,Bactrocera dorsalis,enter,1,36,1181.55,582.66,0.8955
11-41-30.mp4,127039,724589,43403,0,Bactrocera correcta,enter,1,71,1039.2,756.54,0.8354
11-41-30.mp4,127307,724857,43443,0,Bactrocera correcta,exit,-1,70,1065.06,632.29,0.8955
11-41-30.mp4,127842,725392,43497,0,Bactrocera correcta,exit,-1,69,1035.89,696.37,0.6514
11-41-30.mp4,127938,725488,43449,1,Bactrocera dorsalis,enter,1,37,1035.27,721.02,0.8418
11-41-30.mp4,127972,725522,43528,1,Bactrocera dorsalis,enter,1,38,1190.81,872.88,0.874
11-41-30.mp4,128081,725631,43551,1,Bactrocera dorsalis,enter,1,39,1323.91,761.4,0.7339
11-41-30.mp4,128251,725801,43528,1,Bactrocera dorsalis,exit,-1,38,1336.49,721.07,0.8901
11-41-30.mp4,134265,731815,43808,0,Bactrocera correcta,enter,1,70,1046.96,784.52,0.855
11-41-30.mp4,134281,731831,43808,0,Bactrocera correcta,exit,-1,69,1059.48,808.42,0.8599
11-41-30.mp4,134282,731832,43808,0,Bactrocera correcta,enter,1,70,1066.4,812.9,0.8623
11-41-30.mp4,134285,731835,43808,0,Bactrocera correcta,exit,-1,69,1079.64,833.39,0.8901
11-41-30.mp4,134802,732352,43841,1,Bactrocera dorsalis,enter,1,39,1314.47,653.15,0.9116
11-41-30.mp4,134868,732418,43841,1,Bactrocera dorsalis,exit,-1,38,1295.26,621.02,0.8623
11-41-30.mp4,134890,732440,43841,1,Bactrocera dorsalis,enter,1,39,1210.57,584.87,0.8706
11-41-30.mp4,134907,732457,43841,1,Bactrocera dorsalis,exit,-1,38,1211.8,573.52,0.876
11-41-30.mp4,134918,732468,43841,1,Bactrocera dorsalis,enter,1,39,1225.4,588.04,0.8833
11-41-30.mp4,135035,732585,43841,1,Bactrocera dorsalis,exit,-1,38,1043.6,660.0,0.8491
11-41-30.mp4,135150,732700,43841,1,Bactrocera dorsalis,enter,1,39,1117.73,858.19,0.9004
11-41-30.mp4,135306,732856,43841,1,Bactrocera dorsalis,exit,-1,38,1255.63,860.28,0.8643
11-41-30.mp4,135345,732895,43841,1,Bactrocera dorsalis,enter,1,39,1324.1,772.7,0.9014
11-41-30.mp4,135414,732964,43841,1,Bactrocera dorsalis,exit,-1,38,1335.62,709.39,0.8511
11-41-30.mp4,135525,733075,43841,1,Bactrocera dorsalis,enter,1,39,1295.44,626.19,0.873
11-41-30.mp4,135687,733237,43841,1,Bactrocera dorsalis,exit,-1,38,1067.05,625.18,0.8389
11-41-30.mp4,136287,733837,43841,1,Bactrocera dorsalis,enter,1,39,1052.01,652.76,0.9097
11-41-30.mp4,136291,733841,43841,1,Bactrocera dorsalis,exit,-1,38,1050.94,654.67,0.8896
11-41-30.mp4,136293,733843,43841,1,Bactrocera dorsalis,enter,1,39,1049.66,658.64,0.8848
11-41-30.mp4,136314,733864,43841,1,Bactrocera dorsalis,exit,-1,38,1043.61,666.06,0.8857
11-41-30.mp4,136616,734166,43913,0,Bactrocera correcta,enter,1,70,1275.93,835.14,0.8589
11-41-30.mp4,136640,734190,43859,1,Bactrocera dorsalis,enter,1,39,1113.83,593.01,0.895
11-41-30.mp4,136742,734292,43913,0,Bactrocera correcta,exit,-1,69,1336.75,703.67,0.8511
11-41-30.mp4,136774,734324,43913,0,Bactrocera correcta,enter,1,70,1283.5,615.5,0.8633
11-41-30.mp4,136805,734355,43913,0,Bactrocera correcta,exit,-1,69,1104.35,594.4,0.8613
11-41-30.mp4,137397,734947,43978,0,Bactrocera correcta,exit,-1,68,1045.81,662.68,0.8589
11-41-30.mp4,139286,736836,44016,1,Bactrocera dorsalis,exit,-1,38,1228.78,578.91,0.8965
11-41-30.mp4,139914,737464,44231,0,Bactrocera correcta,enter,1,69,1330.19,737.24,0.8613
11-41-30.mp4,141846,739396,44293,0,Bactrocera correcta,enter,1,70,1241.98,862.3,0.8613
11-41-30.mp4,141847,739397,44293,0,Bactrocera correcta,exit,-1,69,1242.54,863.32,0.8608
11-41-30.mp4,141859,739409,44293,0,Bactrocera correcta,enter,1,70,1235.53,864.04,0.8481
11-41-30.mp4,142261,739811,44320,0,Bactrocera correcta,enter,1,71,1136.93,581.69,0.8916
11-41-30.mp4,142368,739918,44320,0,Bactrocera correcta,exit,-1,70,1109.02,592.85,0.8652
11-41-30.mp4,142397,739947,44322,0,Bactrocera correcta,exit,-1,69,1322.98,665.96,0.9058
11-41-30.mp4,142465,740015,44320,0,Bactrocera correcta,enter,1,70,1107.12,600.32,0.8896
11-41-30.mp4,142601,740151,44320,0,Bactrocera correcta,exit,-1,69,1045.77,663.7,0.873
11-41-30.mp4,143031,740581,44320,0,Bactrocera correcta,enter,1,70,1034.61,718.47,0.8599
11-41-30.mp4,145261,742811,44491,0,Bactrocera correcta,exit,-1,69,1048.28,789.01,0.8569
11-41-30.mp4,145605,743155,44519,1,Bactrocera dorsalis,exit,-1,37,1151.7,577.02,0.8599
11-41-30.mp4,145752,743302,44519,1,Bactrocera dorsalis,enter,1,38,1100.0,599.99,0.8872
11-41-30.mp4,146673,744223,44519,0,Bactrocera correcta,exit,-1,68,1033.18,687.05,0.856
11-41-30.mp4,147621,745171,44660,0,Bactrocera correcta,enter,1,69,1034.89,716.69,0.8726
11-41-30.mp4,147721,745271,44676,0,Bactrocera correcta,enter,1,70,1065.8,812.45,0.8301
11-41-30.mp4,148486,746036,44790,1,Bactrocera dorsalis,enter,1,39,1034.96,724.03,0.8818
11-41-30.mp4,149630,747180,44641,1,Bactrocera dorsalis,exit,-1,38,1294.12,621.45,0.8569
11-41-30.mp4,149801,747351,44641,1,Bactrocera dorsalis,enter,1,39,1158.29,576.43,0.8608
11-41-30.mp4,149805,747355,44641,1,Bactrocera dorsalis,exit,-1,38,1156.48,576.47,0.8633
11-41-30.mp4,149806,747356,44641,1,Bactrocera dorsalis,enter,1,39,1156.46,576.8,0.8774
11-41-30.mp4,150056,747606,44881,0,Bactrocera correcta,enter,1,71,1146.03,868.81,0.792
11-41-30.mp4,150066,747616,44877,1,Bactrocera dorsalis,enter,1,40,1152.12,853.25,0.4551
11-41-30.mp4,150872,748422,44938,0,Bactrocera correcta,exit,-1,70,1276.09,843.45,0.8643
11-41-30.mp4,151003,748553,44938,0,Bactrocera correcta,enter,1,71,1147.23,867.99,0.8032
11-41-30.mp4,152438,749988,45018,1,Bactrocera dorsalis,exit,-1,39,1331.36,687.35,0.9082
11-41-30.mp4,152511,750061,45018,1,Bactrocera dorsalis,enter,1,40,1300.2,660.9,0.8174
11-41-30.mp4,152517,750067,45143,1,Bactrocera dorsalis,enter,1,41,1317.41,660.18,0.6992
11-41-30.mp4,152518,750068,45143,1,Bactrocera dorsalis,exit,-1,40,1324.21,652.16,0.6992
11-41-30.mp4,152542,750092,45018,1,Bactrocera dorsalis,exit,-1,39,1288.3,612.11,0.875
11-41-30.mp4,152689,750239,45146,0,Bactrocera correcta,enter,1,72,1324.06,672.5,0.7993
11-41-30.mp4,152690,750240,45146,0,Bactrocera correcta,exit,-1,71,1331.23,678.08,0.8042
11-41-30.mp4,152704,750254,45146,0,Bactrocera correcta,enter,1,72,1317.69,666.82,0.8364
11-41-30.mp4,154673,752223,45240,0,Bactrocera correcta,exit,-1,71,1131.19,872.23,0.8809
11-41-30.mp4,157225,754775,45397,0,Bactrocera correcta,enter,1,72,1326.59,770.02,0.895
11-41-30.mp4,157227,754777,45397,0,Bactrocera correcta,exit,-1,71,1326.93,770.37,0.8887
11-41-30.mp4,157232,754782,45397,0,Bactrocera correcta,enter,1,72,1326.07,770.71,0.8882
11-41-30.mp4,157247,754797,45397,0,Bactrocera correcta,exit,-1,71,1322.18,783.49,0.853
11-41-30.mp4,157259,754809,45397,0,Bactrocera correcta,enter,1,72,1320.01,783.43,0.854
11-41-30.mp4,161403,758953,45510,0,Bactrocera correcta,exit,-1,71,1297.8,617.81,0.8696
11-41-30.mp4,162064,759614,45573,0,Bactrocera correcta,enter,1,72,1149.0,869.27,0.874
11-41-30.mp4,162097,759647,45573,0,Bactrocera correcta,exit,-1,71,1030.92,712.5,0.8799
11-41-30.mp4,163601,761151,45712,1,Bactrocera dorsalis,enter,1,40,1270.61,845.45,0.8911
11-41-30.mp4,163612,761162,45712,1,Bactrocera dorsalis,exit,-1,39,1207.16,872.22,0.8652
11-41-30.mp4,163628,761178,45712,1,Bactrocera dorsalis,enter,1,40,1119.38,852.71,0.7905
11-41-30.mp4,163942,761492,45730,0,Bactrocera correcta,enter,1,72,1065.61,788.39,0.7734
11-41-30.mp4,163947,761497,45730,0,Bactrocera correcta,exit,-1,71,1047.64,790.79,0.8174
11-41-30.mp4,165001,762551,45509,0,Bactrocera correcta,exit,-1,70,1336.32,729.47,0.8643
11-41-30.mp4,165300,762850,45709,0,Bactrocera correcta,enter,1,71,1039.15,745.32,0.875
11-41-30.mp4,165584,763134,45709,0,Bactrocera correcta,exit,-1,70,1242.47,868.89,0.8809
11-41-30.mp4,167629,765179,45709,0,Bactrocera correcta,enter,1,71,1243.95,589.52,0.8833
11-41-30.mp4,168289,765839,45968,0,Bactrocera correcta,enter,1,72,1327.09,768.86,0.8696
11-41-30.mp4,168292,765842,45968,0,Bactrocera correcta,exit,-1,71,1328.43,770.05,0.8696
11-41-30.mp4,168299,765849,45968,0,Bactrocera correcta,enter,1,72,1325.16,774.71,0.876
11-41-30.mp4,168300,765850,45968,0,Bactrocera correcta,exit,-1,71,1325.19,776.61,0.8608
11-41-30.mp4,168310,765860,45968,0,Bactrocera correcta,enter,1,72,1325.52,769.44,0.8613
11-41-30.mp4,168326,765876,45968,0,Bactrocera correcta,exit,-1,71,1329.78,777.2,0.8857
11-41-30.mp4,168538,766088,45959,0,Bactrocera correcta,exit,-1,70,1224.3,579.47,0.8833
11-41-30.mp4,168996,766546,46097,1,Bactrocera dorsalis,exit,-1,39,1222.43,560.79,0.7358
11-41-30.mp4,170265,767815,46201,0,Bactrocera correcta,enter,1,71,1331.52,736.79,0.853
11-41-30.mp4,170294,767844,46195,0,Bactrocera correcta,enter,1,72,1332.65,704.47,0.8784
11-41-30.mp4,170972,768522,46201,0,Bactrocera correcta,exit,-1,71,1036.65,756.49,0.8091
11-41-30.mp4,172380,769930,46377,0,Bactrocera correcta,exit,-1,70,1052.39,647.28,0.8242
11-41-30.mp4,172382,769932,46377,0,Bactrocera correcta,enter,1,71,1052.28,652.66,0.8198
11-41-30.mp4,172383,769933,46377,0,Bactrocera correcta,exit,-1,70,1045.44,655.43,0.8354
11-41-30.mp4,172405,769955,46377,0,Bactrocera correcta,enter,1,71,1054.93,717.82,0.8301
11-41-30.mp4,172775,770325,46383,0,Bactrocera correcta,enter,1,72,1040.16,740.4,0.8457
11-41-30.mp4,177128,774678,46515,0,Bactrocera correcta,enter,1,73,1230.74,585.07,0.8623
11-41-30.mp4,177959,775509,46527,0,Bactrocera correcta,enter,1,74,1206.79,871.04,0.8389
11-41-30.mp4,178031,775581,46539,1,Bactrocera dorsalis,enter,1,40,1225.19,584.02,0.8774
11-41-30.mp4,180112,777662,46695,0,Bactrocera correcta,exit,-1,73,1278.6,594.38,0.8491
11-41-30.mp4,180136,777686,46689,0,Bactrocera correcta,exit,-1,72,1330.5,675.41,0.8623
11-41-30.mp4,180331,777881,46689,0,Bactrocera correcta,enter,1,73,1226.35,581.89,0.8882
11-41-30.mp4,180342,777892,46689,0,Bactrocera correcta,exit,-1,72,1282.99,601.23,0.8857
11-41-30.mp4,180719,778269,46709,1,Bactrocera dorsalis,enter,1,41,1082.36,622.53,0.8696
11-41-30.mp4,180832,778382,46709,1,Bactrocera dorsalis,exit,-1,40,1284.36,608.06,0.873
11-41-30.mp4,180916,778466,46709,1,Bactrocera dorsalis,enter,1,41,1222.22,865.43,0.8774
11-41-30.mp4,180979,778529,46709,1,Bactrocera dorsalis,exit,-1,40,1056.64,806.03,0.8789
11-41-30.mp4,181501,779051,46774,0,Bactrocera correcta,enter,1,73,1063.22,641.94,0.8774
11-41-30.mp4,182059,779609,46707,0,Bactrocera correcta,enter,1,74,1267.92,606.21,0.875
11-41-30.mp4,185450,783000,47015,0,Bactrocera correcta,exit,-1,73,1231.16,577.13,0.8472
11-41-30.mp4,185484,783034,47015,0,Bactrocera correcta,enter,1,74,1206.57,577.48,0.8687
11-41-30.mp4,186093,783643,47023,0,Bactrocera correcta,exit,-1,73,1106.76,585.55,0.8623
11-41-30.mp4,186405,783955,47045,0,Bactrocera correcta,enter,1,74,1071.25,820.18,0.7534
11-41-30.mp4,186411,783961,47045,0,Bactrocera correcta,exit,-1,73,1061.11,810.01,0.876
11-41-30.mp4,186413,783963,47045,0,Bactrocera correcta,enter,1,74,1061.94,806.97,0.873
11-41-30.mp4,186423,783973,47045,0,Bactrocera correcta,exit,-1,73,1034.19,754.56,0.8511
11-41-30.mp4,186429,783979,47045,0,Bactrocera correcta,enter,1,74,1037.97,749.43,0.8823
11-41-30.mp4,186528,784078,47061,0,Bactrocera correcta,enter,1,75,1240.22,588.09,0.8955
11-41-30.mp4,195226,792776,47392,0,Bactrocera correcta,exit,-1,74,1172.13,572.83,0.8208
11-41-30.mp4,195386,792936,47358,0,Bactrocera correcta,enter,1,75,1328.81,761.41,0.8633
11-41-30.mp4,199333,796883,47539,1,Bactrocera dorsalis,enter,1,41,1289.22,829.56,0.8726
11-41-30.mp4,199341,796891,47539,1,Bactrocera dorsalis,exit,-1,40,1292.74,827.33,0.894
11-41-30.mp4,199448,796998,47539,1,Bactrocera dorsalis,enter,1,41,1255.04,855.07,0.8682
11-41-30.mp4,199449,796999,47597,0,Bactrocera correcta,exit,-1,74,1218.09,577.25,0.8408
11-41-30.mp4,199773,797323,47780,0,Bactrocera correcta,enter,1,75,1293.27,656.05,0.7563
11-41-30.mp4,201488,799038,47832,1,Bactrocera dorsalis,exit,-1,40,1203.93,876.23,0.8706
12-41-30.mp4,926,800123,47895,1,Bactrocera dorsalis,enter,1,41,1312.33,801.56,0.8809
12-41-30.mp4,927,800124,47895,1,Bactrocera dorsalis,exit,-1,40,1318.4,790.93,0.8784
12-41-30.mp4,1322,800519,47994,0,Bactrocera correcta,enter,1,76,1215.63,583.17,0.8374
12-41-30.mp4,1647,800844,48043,0,Bactrocera correcta,exit,-1,75,1116.97,586.48,0.8682
12-41-30.mp4,2038,801235,48043,0,Bactrocera correcta,enter,1,76,1135.95,583.41,0.873
12-41-30.mp4,2067,801264,48043,0,Bactrocera correcta,exit,-1,75,1292.3,611.69,0.8374
12-41-30.mp4,2082,801279,48063,0,Bactrocera correcta,enter,1,76,1036.87,751.23,0.8682
12-41-30.mp4,2092,801289,48063,0,Bactrocera correcta,exit,-1,75,1034.3,737.74,0.8633
12-41-30.mp4,2097,801294,48063,0,Bactrocera correcta,enter,1,76,1039.88,758.8,0.8154
12-41-30.mp4,2101,801298,48063,0,Bactrocera correcta,exit,-1,75,1037.99,762.05,0.8491
12-41-30.mp4,2220,801417,48043,0,Bactrocera correcta,enter,1,76,1326.88,767.95,0.8682
12-41-30.mp4,2467,801664,48043,0,Bactrocera correcta,exit,-1,75,1306.15,813.87,0.8599
12-41-30.mp4,2822,802019,48043,0,Bactrocera correcta,enter,1,76,1332.38,741.52,0.8931
12-41-30.mp4,2835,802032,48043,0,Bactrocera correcta,exit,-1,75,1327.46,767.96,0.8428
12-41-30.mp4,2836,802033,48043,0,Bactrocera correcta,enter,1,76,1326.92,768.84,0.8257
12-41-30.mp4,2916,802113,48043,0,Bactrocera correcta,exit,-1,75,1321.62,793.91,0.8809
12-41-30.mp4,14031,813228,48613,0,Bactrocera correcta,enter,1,76,1119.93,859.47,0.855
12-41-30.mp4,14032,813229,48613,0,Bactrocera correcta,exit,-1,75,1119.54,860.25,0.8599
12-41-30.mp4,14037,813234,48613,0,Bactrocera correcta,enter,1,76,1119.76,854.49,0.6206
12-41-30.mp4,14041,813238,48613,1,Bactrocera dorsalis,exit,-1,39,1113.9,857.38,0.7505
12-41-30.mp4,14044,813241,48613,1,Bactrocera dorsalis,enter,1,40,1114.44,853.39,0.7476
12-41-30.mp4,14362,813559,48619,0,Bactrocera correcta,enter,1,77,1102.52,849.05,0.8579
12-41-30.mp4,15605,814802,48674,0,Bactrocera correcta,enter,1,78,1127.68,862.8,0.8389
12-41-30.mp4,15610,814807,48716,0,Bactrocera correcta,enter,1,79,1301.43,815.08,0.8081
12-41-30.mp4,15666,814863,48734,0,Bactrocera correcta,exit,-1,78,1276.52,843.27,0.8398
12-41-30.mp4,15676,814873,48734,0,Bactrocera correcta,enter,1,79,1272.84,844.32,0.8672
12-41-30.mp4,15698,814895,48734,0,Bactrocera correcta,exit,-1,78,1258.14,854.69,0.7842
12-41-30.mp4,15745,814942,48734,0,Bactrocera correcta,enter,1,79,1262.76,849.8,0.8662
12-41-30.mp4,15770,814967,48734,0,Bactrocera correcta,exit,-1,78,1261.65,857.27,0.874
12-41-30.mp4,15788,814985,48714,0,Bactrocera correcta,exit,-1,77,1334.36,734.69,0.8301
12-41-30.mp4,15793,814990,48734,0,Bactrocera correcta,enter,1,78,1263.78,849.29,0.8398
12-41-30.mp4,15798,814995,48714,0,Bactrocera correcta,enter,1,79,1332.91,728.05,0.8633
12-41-30.mp4,15800,814997,48714,0,Bactrocera correcta,exit,-1,78,1334.27,721.33,0.8823
12-41-30.mp4,16352,815549,48776,1,Bactrocera dorsalis,enter,1,41,1256.56,605.93,0.8901
12-41-30.mp4,19641,818838,48934,1,Bactrocera dorsalis,exit,-1,40,1072.72,617.88,0.8633
12-41-30.mp4,20582,819779,48941,0,Bactrocera correcta,exit,-1,77,1279.19,840.9,0.9038
12-41-30.mp4,20716,819913,48941,0,Bactrocera correcta,enter,1,78,1273.09,844.24,0.8857
12-41-30.mp4,20718,819915,48941,0,Bactrocera correcta,exit,-1,77,1273.71,844.52,0.8843
12-41-30.mp4,23287,822484,49017,1,Bactrocera dorsalis,enter,1,41,1185.83,576.3,0.8154
12-41-30.mp4,23789,822986,49018,1,Bactrocera dorsalis,exit,-1,40,1158.62,875.96,0.8608
12-41-30.mp4,27818,827015,49109,1,Bactrocera dorsalis,enter,1,41,1107.38,851.72,0.8589
12-41-30.mp4,27841,827038,49109,1,Bactrocera dorsalis,exit,-1,40,1106.3,855.14,0.8818
12-41-30.mp4,27885,827082,49109,1,Bactrocera dorsalis,enter,1,41,1084.15,832.53,0.9175
12-41-30.mp4,31537,830734,49087,0,Bactrocera correcta,enter,1,78,1172.89,576.33,0.873
12-41-30.mp4,32467,831664,49087,0,Bactrocera correcta,exit,-1,77,1057.38,638.24,0.853
12-41-30.mp4,32568,831765,49087,0,Bactrocera correcta,enter,1,78,1062.63,638.99,0.8843
12-41-30.mp4,32574,831771,49087,0,Bactrocera correcta,exit,-1,77,1060.58,637.39,0.8774
12-41-30.mp4,32584,831781,49087,0,Bactrocera correcta,enter,1,78,1058.31,644.48,0.8643
12-41-30.mp4,35766,834963,49439,0,Bactrocera correcta,enter,1,79,1043.19,675.49,0.8633
12-41-30.mp4,36742,835939,49440,0,Bactrocera correcta,exit,-1,78,1033.61,727.34,0.8643
12-41-30.mp4,36825,836022,49440,0,Bactrocera correcta,enter,1,79,1078.54,617.65,0.8765
12-41-30.mp4,41044,840241,49559,1,Bactrocera dorsalis,enter,1,42,1207.94,578.38,0.7881
12-41-30.mp4,41045,840242,49559,1,Bactrocera dorsalis,exit,-1,41,1252.8,573.87,0.8311
12-41-30.mp4,42186,841383,49600,0,Bactrocera correcta,enter,1,80,1091.23,840.57,0.8481
12-41-30.mp4,42221,841418,49600,0,Bactrocera correcta,exit,-1,79,1084.37,839.6,0.8257
12-41-30.mp4,42230,841427,49600,0,Bactrocera correcta,enter,1,80,1088.86,837.04,0.8301
12-41-30.mp4,44994,844191,49835,1,Bactrocera dorsalis,enter,1,42,1057.35,802.98,0.8999
12-41-30.mp4,45038,844235,49835,1,Bactrocera dorsalis,exit,-1,41,1107.78,854.68,0.8608
12-41-30.mp4,45080,844277,49839,0,Bactrocera correcta,enter,1,81,1036.31,714.15,0.8833
12-41-30.mp4,45170,844367,49849,0,Bactrocera correcta,enter,1,82,1075.45,627.25,0.8345
12-41-30.mp4,47093,846290,49871,0,Bactrocera correcta,exit,-1,81,1099.66,850.9,0.8652
12-41-30.mp4,47233,846430,49871,0,Bactrocera correcta,enter,1,82,1124.48,859.89,0.8398
12-41-30.mp4,48678,847875,49900,0,Bactrocera correcta,enter,1,83,1305.79,644.73,0.8784
12-41-30.mp4,52788,851985,49984,0,Bactrocera correcta,enter,1,84,1054.03,798.53,0.832
12-41-30.mp4,52971,852168,50027,0,Bactrocera correcta,enter,1,85,1049.24,778.29,0.7969
12-41-30.mp4,55631,854828,50169,0,Bactrocera correcta,enter,1,86,1260.23,595.88,0.8643
12-41-30.mp4,55792,854989,50150,0,Bactrocera correcta,enter,1,87,1306.55,640.51,0.8916
12-41-30.mp4,55795,854992,50150,0,Bactrocera correcta,exit,-1,86,1308.32,633.94,0.8706
12-41-30.mp4,55807,855004,50150,0,Bactrocera correcta,enter,1,87,1292.94,627.57,0.8706
12-41-30.mp4,57856,857053,50298,0,Bactrocera correcta,enter,1,88,1045.93,681.58,0.8389
12-41-30.mp4,58748,857945,50323,1,Bactrocera dorsalis,exit,-1,40,1206.0,565.11,0.7734
12-41-30.mp4,58853,858050,50372,1,Bactrocera dorsalis,enter,1,41,1312.06,646.2,0.8613
12-41-30.mp4,58864,858061,50372,1,Bactrocera dorsalis,exit,-1,40,1314.22,646.81,0.8687
12-41-30.mp4,58875,858072,50372,1,Bactrocera dorsalis,enter,1,41,1308.54,641.13,0.8696
12-41-30.mp4,58913,858110,50372,1,Bactrocera dorsalis,exit,-1,40,1316.42,649.06,0.874
12-41-30.mp4,58973,858170,50372,1,Bactrocera dorsalis,enter,1,41,1304.56,812.03,0.9189
12-41-30.mp4,58984,858181,50372,1,Bactrocera dorsalis,exit,-1,40,1305.85,814.03,0.9126
12-41-30.mp4,60062,859259,50402,0,Bactrocera correcta,exit,-1,87,1334.66,724.23,0.8599
12-41-30.mp4,60071,859268,50402,0,Bactrocera correcta,enter,1,88,1331.52,718.84,0.8706
12-41-30.mp4,60117,859314,50402,0,Bactrocera correcta,exit,-1,87,1335.13,726.54,0.8716
12-41-30.mp4,60127,859324,50402,0,Bactrocera correcta,enter,1,88,1333.54,727.44,0.8774
12-41-30.mp4,60135,859332,50402,0,Bactrocera correcta,exit,-1,87,1335.03,727.26,0.8726
12-41-30.mp4,60150,859347,50402,0,Bactrocera correcta,enter,1,88,1332.47,732.65,0.8799
12-41-30.mp4,60154,859351,50402,0,Bactrocera correcta,exit,-1,87,1334.74,730.39,0.8774
12-41-30.mp4,60167,859364,50402,0,Bactrocera correcta,enter,1,88,1333.91,726.19,0.8613
12-41-30.mp4,60171,859368,50402,0,Bactrocera correcta,exit,-1,87,1334.86,726.27,0.8643
12-41-30.mp4,60188,859385,50402,0,Bactrocera correcta,enter,1,88,1333.9,728.08,0.8716
12-41-30.mp4,60190,859387,50402,0,Bactrocera correcta,exit,-1,87,1334.2,728.64,0.8823
12-41-30.mp4,60199,859396,50402,0,Bactrocera correcta,enter,1,88,1331.56,729.38,0.8652
12-41-30.mp4,60224,859421,50402,0,Bactrocera correcta,exit,-1,87,1334.19,727.49,0.8765
12-41-30.mp4,60236,859433,50402,0,Bactrocera correcta,enter,1,88,1332.75,731.68,0.8809
12-41-30.mp4,60246,859443,50402,0,Bactrocera correcta,exit,-1,87,1334.36,732.76,0.8633
12-41-30.mp4,60248,859445,50402,0,Bactrocera correcta,enter,1,88,1333.31,732.68,0.8833
12-41-30.mp4,60265,859462,50402,0,Bactrocera correcta,exit,-1,87,1334.17,729.28,0.873
12-41-30.mp4,60281,859478,50402,0,Bactrocera correcta,enter,1,88,1332.7,733.44,0.876
12-41-30.mp4,60283,859480,50402,0,Bactrocera correcta,exit,-1,87,1335.29,734.78,0.8809
12-41-30.mp4,60302,859499,50402,0,Bactrocera correcta,enter,1,88,1333.43,718.12,0.8579
12-41-30.mp4,60318,859515,50402,0,Bactrocera correcta,exit,-1,87,1334.55,730.19,0.8408
12-41-30.mp4,60335,859532,50402,0,Bactrocera correcta,enter,1,88,1331.48,707.58,0.8887
12-41-30.mp4,63892,863089,50562,1,Bactrocera dorsalis,enter,1,41,1292.29,623.56,0.9053
12-41-30.mp4,69251,868448,50767,0,Bactrocera correcta,exit,-1,87,1199.0,895.95,0.8276
12-41-30.mp4,69454,868651,50759,1,Bactrocera dorsalis,enter,1,42,1156.53,870.86,0.8716
12-41-30.mp4,69867,869064,50792,0,Bactrocera correcta,enter,1,88,1259.97,597.49,0.8916
12-41-30.mp4,69881,869078,50792,0,Bactrocera correcta,exit,-1,87,1281.7,606.66,0.9033
12-41-30.mp4,69889,869086,50792,0,Bactrocera correcta,enter,1,88,1279.28,608.34,0.9072
12-41-30.mp4,72047,871244,50814,0,Bactrocera correcta,enter,1,89,1093.74,610.85,0.8608
12-41-30.mp4,72053,871250,50814,0,Bactrocera correcta,exit,-1,88,1037.9,673.04,0.8682
12-41-30.mp4,74501,873698,50872,0,Bactrocera correcta,exit,-1,87,1058.99,634.1,0.8521
12-41-30.mp4,77885,877082,50900,0,Bactrocera correcta,enter,1,88,1134.17,592.01,0.8818
12-41-30.mp4,78067,877264,50900,0,Bactrocera correcta,exit,-1,87,1037.31,679.18,0.8833
12-41-30.mp4,78394,877591,50904,0,Bactrocera correcta,exit,-1,86,1105.09,594.51,0.8765
12-41-30.mp4,78649,877846,50904,0,Bactrocera correcta,enter,1,87,1103.4,597.58,0.8857
12-41-30.mp4,78656,877853,50904,0,Bactrocera correcta,exit,-1,86,1103.4,597.34,0.8833
12-41-30.mp4,78663,877860,50904,0,Bactrocera correcta,enter,1,87,1103.4,597.5,0.8818
12-41-30.mp4,78668,877865,50904,0,Bactrocera correcta,exit,-1,86,1103.4,597.32,0.8823
12-41-30.mp4,78680,877877,50904,0,Bactrocera correcta,enter,1,87,1103.4,597.54,0.8818
12-41-30.mp4,78684,877881,50904,0,Bactrocera correcta,exit,-1,86,1103.4,597.03,0.8848
12-41-30.mp4,78688,877885,50904,0,Bactrocera correcta,enter,1,87,1103.4,597.57,0.8833
12-41-30.mp4,78692,877889,50904,0,Bactrocera correcta,exit,-1,86,1103.4,597.02,0.8857
12-41-30.mp4,78698,877895,50904,0,Bactrocera correcta,enter,1,87,1103.4,597.56,0.8862
12-41-30.mp4,78708,877905,50904,0,Bactrocera correcta,exit,-1,86,1103.4,597.01,0.8823
12-41-30.mp4,78848,878045,50904,0,Bactrocera correcta,enter,1,87,1104.91,596.62,0.8789
12-41-30.mp4,78859,878056,50904,0,Bactrocera correcta,exit,-1,86,1105.22,596.02,0.874
12-41-30.mp4,78864,878061,50904,0,Bactrocera correcta,enter,1,87,1105.21,596.49,0.8789
12-41-30.mp4,78865,878062,50904,0,Bactrocera correcta,exit,-1,86,1105.21,596.33,0.8784
12-41-30.mp4,78866,878063,50904,0,Bactrocera correcta,enter,1,87,1105.21,596.57,0.8789
12-41-30.mp4,78868,878065,50904,0,Bactrocera correcta,exit,-1,86,1105.21,596.29,0.8774
12-41-30.mp4,78872,878069,50904,0,Bactrocera correcta,enter,1,87,1105.18,596.44,0.8789
12-41-30.mp4,78873,878070,50904,0,Bactrocera correcta,exit,-1,86,1104.6,596.32,0.8799
12-41-30.mp4,78902,878099,50904,0,Bactrocera correcta,enter,1,87,1105.2,596.57,0.8726
12-41-30.mp4,78904,878101,50904,0,Bactrocera correcta,exit,-1,86,1105.2,595.72,0.8765
12-41-30.mp4,78998,878195,50904,0,Bactrocera correcta,enter,1,87,1104.21,596.99,0.8716
12-41-30.mp4,78999,878196,50904,0,Bactrocera correcta,exit,-1,86,1103.69,597.1,0.8716
12-41-30.mp4,79077,878274,50904,0,Bactrocera correcta,enter,1,87,1125.65,586.72,0.8652
12-41-30.mp4,79109,878306,50904,0,Bactrocera correcta,exit,-1,86,1117.54,588.6,0.8633
12-41-30.mp4,79125,878322,50904,0,Bactrocera correcta,enter,1,87,1116.85,591.76,0.8662
12-41-30.mp4,79133,878330,50904,0,Bactrocera correcta,exit,-1,86,1118.66,587.63,0.8672
12-41-30.mp4,81300,880497,50960,0,Bactrocera correcta,enter,1,87,1206.28,601.11,0.8164
12-41-30.mp4,81307,880504,50930,1,Bactrocera dorsalis,enter,1,43,1283.47,625.95,0.7866
12-41-30.mp4,81488,880685,51018,0,Bactrocera correcta,enter,1,88,1328.6,742.25,0.8672
12-41-30.mp4,81512,880709,50987,0,Bactrocera correcta,enter,1,89,1154.83,582.46,0.8652
12-41-30.mp4,81903,881100,51037,1,Bactrocera dorsalis,enter,1,44,1196.99,575.89,0.8706
12-41-30.mp4,81977,881174,50987,0,Bactrocera correcta,exit,-1,88,1334.25,728.27,0.8623
12-41-30.mp4,82104,881301,50987,0,Bactrocera correcta,enter,1,89,1330.0,696.02,0.8643
12-41-30.mp4,82733,881930,51058,1,Bactrocera dorsalis,enter,1,45,1157.55,577.18,0.8491
12-41-30.mp4,82807,882004,51053,0,Bactrocera correcta,exit,-1,88,1040.33,769.09,0.8276
12-41-30.mp4,82815,882012,51053,0,Bactrocera correcta,enter,1,89,1041.77,771.44,0.8091
12-41-30.mp4,83046,882243,51053,0,Bactrocera correcta,exit,-1,88,1035.67,747.29,0.8491
12-41-30.mp4,83111,882308,51053,0,Bactrocera correcta,enter,1,89,1153.11,869.38,0.8599
12-41-30.mp4,83533,882730,51071,0,Bactrocera correcta,exit,-1,88,1254.39,860.29,0.8428
12-41-30.mp4,84155,883352,51071,0,Bactrocera correcta,enter,1,89,1286.66,615.12,0.8784
12-41-30.mp4,85698,884895,51098,0,Bactrocera correcta,exit,-1,88,1280.72,605.64,0.876
12-41-30.mp4,85912,885109,51098,0,Bactrocera correcta,enter,1,89,1251.1,593.08,0.8716
12-41-30.mp4,86217,885414,51104,0,Bactrocera correcta,exit,-1,88,1335.1,697.14,0.8696
12-41-30.mp4,87201,886398,51104,0,Bactrocera correcta,enter,1,89,1324.93,774.64,0.8613
12-41-30.mp4,87203,886400,51104,0,Bactrocera correcta,exit,-1,88,1326.29,772.24,0.8774
12-41-30.mp4,87204,886401,51104,0,Bactrocera correcta,enter,1,89,1326.07,771.28,0.8857
12-41-30.mp4,87314,886511,51104,0,Bactrocera correcta,exit,-1,88,1202.91,571.32,0.9038
12-41-30.mp4,90100,889297,51263,0,Bactrocera correcta,enter,1,89,1196.59,580.35,0.8042
12-41-30.mp4,90126,889323,51263,0,Bactrocera correcta,exit,-1,88,1161.4,570.88,0.8613
12-41-30.mp4,90161,889358,51247,0,Bactrocera correcta,enter,1,89,1315.43,666.23,0.8726
12-41-30.mp4,91717,890914,51351,0,Bactrocera correcta,enter,1,90,1229.99,866.54,0.8672
12-41-30.mp4,92087,891284,51367,1,Bactrocera dorsalis,enter,1,46,1332.51,739.55,0.8916
12-41-30.mp4,92177,891374,51367,1,Bactrocera dorsalis,exit,-1,45,1327.51,679.41,0.8818
12-41-30.mp4,92287,891484,51374,0,Bactrocera correcta,exit,-1,89,1333.58,702.69,0.5488
12-41-30.mp4,92287,891484,51386,1,Bactrocera dorsalis,exit,-1,44,1333.94,703.28,0.7622
12-41-30.mp4,92582,891779,51367,0,Bactrocera correcta,enter,1,90,1052.31,691.36,0.749
12-41-30.mp4,93181,892378,51444,0,Bactrocera correcta,enter,1,91,1179.2,871.35,0.8428
12-41-30.mp4,93183,892380,51444,0,Bactrocera correcta,exit,-1,90,1165.24,875.57,0.8599
12-41-30.mp4,93192,892389,51444,0,Bactrocera correcta,enter,1,91,1167.69,871.19,0.8511
12-41-30.mp4,95974,895171,51609,1,Bactrocera dorsalis,enter,1,45,1107.36,600.53,0.8916
12-41-30.mp4,96169,895366,51609,1,Bactrocera dorsalis,exit,-1,44,1035.18,753.06,0.854
12-41-30.mp4,96261,895458,51609,1,Bactrocera dorsalis,enter,1,45,1068.87,820.06,0.8809
12-41-30.mp4,96344,895541,51609,1,Bactrocera dorsalis,exit,-1,44,1137.1,868.21,0.873
12-41-30.mp4,96446,895643,51609,1,Bactrocera dorsalis,enter,1,45,1237.71,861.14,0.8823
12-41-30.mp4,96482,895679,51609,1,Bactrocera dorsalis,exit,-1,44,1251.37,865.02,0.8901
12-41-30.mp4,99648,898845,51718,0,Bactrocera correcta,enter,1,92,1333.85,727.77,0.8589
12-41-30.mp4,99649,898846,51718,0,Bactrocera correcta,exit,-1,91,1339.14,693.39,0.8633
12-41-30.mp4,100834,900031,51720,1,Bactrocera dorsalis,enter,1,45,1035.24,713.68,0.8916
12-41-30.mp4,101690,900887,51881,1,Bactrocera dorsalis,exit,-1,44,997.51,628.39,0.7139
12-41-30.mp4,108867,908064,51955,0,Bactrocera correcta,enter,1,92,1280.31,610.4,0.897
12-41-30.mp4,111262,910459,52038,0,Bactrocera correcta,enter,1,93,1108.97,594.33,0.8765
12-41-30.mp4,111312,910509,52038,0,Bactrocera correcta,exit,-1,92,1033.58,713.13,0.8374
12-41-30.mp4,122808,922005,52300,0,Bactrocera correcta,enter,1,93,1174.97,872.97,0.8682
12-41-30.mp4,124327,923524,52360,0,Bactrocera correcta,enter,1,94,1043.42,673.92,0.8335
12-41-30.mp4,124329,923526,52360,0,Bactrocera correcta,exit,-1,93,1047.23,659.18,0.8457
12-41-30.mp4,124335,923532,52360,0,Bactrocera correcta,enter,1,94,1062.2,638.37,0.8643
12-41-30.mp4,126677,925874,52475,0,Bactrocera correcta,enter,1,95,1175.96,576.77,0.8843
12-41-30.mp4,126936,926133,52475,0,Bactrocera correcta,exit,-1,94,1194.79,573.64,0.8716
12-41-30.mp4,127126,926323,52463,0,Bactrocera correcta,exit,-1,93,1108.55,592.79,0.8857
12-41-30.mp4,127161,926358,52463,0,Bactrocera correcta,enter,1,94,1059.21,641.0,0.895
12-41-30.mp4,127169,926366,52463,0,Bactrocera correcta,exit,-1,93,1049.31,657.51,0.8774
12-41-30.mp4,127181,926378,52463,0,Bactrocera correcta,enter,1,94,1050.19,656.28,0.8896
12-41-30.mp4,128137,927334,52586,0,Bactrocera correcta,enter,1,95,1165.26,871.05,0.8623
12-41-30.mp4,128558,927755,52599,0,Bactrocera correcta,enter,1,96,1282.14,835.96,0.8818
12-41-30.mp4,128584,927781,52599,0,Bactrocera correcta,exit,-1,95,1286.58,835.34,0.8481
12-41-30.mp4,128606,927803,52599,0,Bactrocera correcta,enter,1,96,1287.71,831.92,0.8511
12-41-30.mp4,128642,927839,52599,0,Bactrocera correcta,exit,-1,95,1289.12,831.14,0.8481
12-41-30.mp4,128657,927854,52599,0,Bactrocera correcta,enter,1,96,1284.15,834.36,0.855
12-41-30.mp4,128743,927940,52599,0,Bactrocera correcta,exit,-1,95,1283.86,837.58,0.8682
12-41-30.mp4,128846,928043,52599,0,Bactrocera correcta,enter,1,96,1288.26,831.66,0.8447
12-41-30.mp4,129226,928423,52599,0,Bactrocera correcta,exit,-1,95,1259.03,854.18,0.856
12-41-30.mp4,129485,928682,52599,0,Bactrocera correcta,enter,1,96,1258.26,854.2,0.8633
12-41-30.mp4,129599,928796,52599,0,Bactrocera correcta,exit,-1,95,1258.57,856.01,0.875
12-41-30.mp4,130183,929380,52599,0,Bactrocera correcta,enter,1,96,1238.17,861.24,0.8418
12-41-30.mp4,130192,929389,52599,0,Bactrocera correcta,exit,-1,95,1233.4,867.16,0.8472
12-41-30.mp4,130217,929414,52599,0,Bactrocera correcta,enter,1,96,1227.58,867.17,0.8438
12-41-30.mp4,130303,929500,52599,0,Bactrocera correcta,exit,-1,95,1197.52,874.41,0.8491
12-41-30.mp4,130342,929539,52654,0,Bactrocera correcta,exit,-1,94,1162.66,891.16,0.5527
12-41-30.mp4,130534,929731,52654,0,Bactrocera correcta,enter,1,95,1079.38,828.79,0.8491
12-41-30.mp4,130536,929733,52654,0,Bactrocera correcta,exit,-1,94,1075.89,829.95,0.8706
12-41-30.mp4,130538,929735,52654,0,Bactrocera correcta,enter,1,95,1079.15,830.61,0.8652
12-41-30.mp4,131445,930642,52708,0,Bactrocera correcta,exit,-1,94,1182.85,876.0,0.8354
12-41-30.mp4,132886,932083,52724,0,Bactrocera correcta,exit,-1,93,1047.09,794.46,0.8335
12-41-30.mp4,133289,932486,52724,0,Bactrocera correcta,enter,1,94,1042.4,674.55,0.8823
12-41-30.mp4,133293,932490,52724,0,Bactrocera correcta,exit,-1,93,1034.83,684.2,0.8916
12-41-30.mp4,133391,932588,52724,0,Bactrocera correcta,enter,1,94,1071.22,814.63,0.8438
12-41-30.mp4,133415,932612,52779,0,Bactrocera correcta,exit,-1,93,1062.15,814.79,0.8818
12-41-30.mp4,133437,932634,52779,0,Bactrocera correcta,enter,1,94,1075.7,824.27,0.8364
13-36-17.mp4,1644,935574,52949,0,Bactrocera correcta,enter,1,95,1036.37,733.17,0.8706
13-36-17.mp4,1652,935582,52949,0,Bactrocera correcta,exit,-1,94,1031.77,725.83,0.8818
13-36-17.mp4,1658,935588,52949,0,Bactrocera correcta,enter,1,95,1035.71,729.65,0.8672
13-36-17.mp4,1732,935662,52949,0,Bactrocera correcta,exit,-1,94,1168.94,885.71,0.8257
13-36-17.mp4,1733,935663,52949,1,Bactrocera dorsalis,enter,1,45,1164.8,871.99,0.8809
13-36-17.mp4,1736,935666,52949,0,Bactrocera correcta,exit,-1,93,1175.21,876.0,0.8623
13-36-17.mp4,1784,935714,52949,0,Bactrocera correcta,enter,1,94,1268.4,846.73,0.8975
13-36-17.mp4,1855,935785,52973,0,Bactrocera correcta,enter,1,95,1321.31,674.05,0.9048
13-36-17.mp4,1862,935792,52973,0,Bactrocera correcta,exit,-1,94,1326.99,666.81,0.8984
13-36-17.mp4,1891,935821,52973,0,Bactrocera correcta,enter,1,95,1319.54,673.69,0.873
13-36-17.mp4,2209,936139,52973,0,Bactrocera correcta,exit,-1,94,1192.81,874.19,0.8354
13-36-17.mp4,2478,936408,53112,0,Bactrocera correcta,exit,-1,93,1115.55,858.15,0.855
13-36-17.mp4,3383,937313,53193,0,Bactrocera correcta,enter,1,94,1319.56,661.73,0.8633
13-36-17.mp4,3394,937324,53193,0,Bactrocera correcta,exit,-1,93,1326.17,673.92,0.8818
13-36-17.mp4,3400,937330,53193,0,Bactrocera correcta,enter,1,94,1327.8,686.72,0.8569
13-36-17.mp4,3401,937331,53193,0,Bactrocera correcta,exit,-1,93,1330.69,689.41,0.8706
13-36-17.mp4,4456,938386,53284,0,Bactrocera correcta,enter,1,94,1329.27,727.44,0.8682
13-36-17.mp4,5055,938985,53285,0,Bactrocera correcta,exit,-1,93,1195.8,874.55,0.8511
13-36-17.mp4,6582,940512,53345,1,Bactrocera dorsalis,enter,1,46,1064.29,634.53,0.8848
13-36-17.mp4,6587,940517,53345,1,Bactrocera dorsalis,exit,-1,45,1060.66,636.85,0.9038
